date,url,arabic_article_text,actor1,actor2,location,tone,event_type
2025-01-01 21:30:00.000000 UTC,https://www.vetogate.com/5317743,وفد سوري يضم وزيري الخارجية والدفاع ورئيس الاستخبارات يصل إلى السعودية,SYRIA,COMMANDER,"Riyadh, Ar Riya?, Saudi Arabia",6.11353711790393,40
2025-01-01 21:30:00.000000 UTC,https://www.manar.com/page-49861-ar.html,رئيس آخر لجمهوريّة أخرى,SYRIA,,"Tehran, Tehran, Iran",0.65876152832675,120
2025-01-01 21:30:00.000000 UTC,https://www.dostor.org/4911403,وزير الطيران المدنى فى جولة تفقدية لمطار القاهرة الدولى,COMPANY,,"Cairo International Airport, Al Qahirah, Egypt",4.83460559796437,42
2025-01-01 21:30:00.000000 UTC,http://www.elbrqnews.com/New-News/75324.html,وزير الشؤون الإسلامية يدشّن الأدلة الفنية لبناء وتطوير المساجد,ISLAMIC,MINIST,"Riyadh, Ar Riya?, Saudi Arabia",5.47368421052631,42
2025-01-01 21:45:00.000000 UTC,http://www.elbrqnews.com/New-News/75392.html,هيئة المجتمعات العمرانية تتابع إصلاح العطل المفاجئ بمحطة مياه العبور الرئيسية,CONGRESS,QATAR,"Cairo, Al Qahirah, Egypt",0.51413881748072,90
2025-01-01 22:00:00.000000 UTC,https://elaph.com/Web/News/2025/01/1557399.html,وفد سوري كبير بقيادة وزير الخارجية يزور الرياض,REBEL,SYRIAN,"Damascus, Dimashq, Syria",3.59279609279609,42
2025-01-01 22:00:00.000000 UTC,https://www.aljazeera.net/news/2025/1/1/%D9%88%D9%81%D8%AF-%D8%B3%D9%88%D8%B1%D9%8A-%D8%B1%D9%81%D9%8A%D8%B9-%D8%A8%D8%B1%D8%A6%D8%A7%D8%B3%D8%A9-%D9%88%D8%B2%D9%8A%D8%B1-%D8%A7%D9%84%D8%AE%D8%A7%D8%B1%D8%AC%D9%8A%D8%A9-%D9%8A%D8%B5%D9%84,وفد سوري رفيع برئاسة وزير الخارجية يصل إلى السعودية,SYRIAN,REBEL,"Riyadh, Ar Riya?, Saudi Arabia",3.69149369149369,43
2025-01-01 22:00:00.000000 UTC,http://www.elbrqnews.com/New-News/75398.html,وزير الدفاع الإسرائيلي السابق يعلن استقالته من الكنيست,GAZA,ISRAELI,"Gaza, Israel (general), Israel",-2.69299820466786,173
2025-01-01 22:00:00.000000 UTC,https://www.aljazeera.net/politics/2025/1/2/%D8%AE%D8%A8%D9%8A%D8%B1-%D8%B5%D8%AD%D9%81%D9%8A-%D8%AF%D9%88%D9%84%D9%8A-%D8%A5%D8%BA%D9%84%D8%A7%D9%82-%D9%85%D9%83%D8%AA%D8%A8-%D8%A7%D9%84%D8%AC%D8%B2%D9%8A%D8%B1%D8%A9-%D9%81%D9%8A,خبير صحفي دولي: إغلاق مكتب الجزيرة في فلسطين يتناغم مع السياسة الإسرائيلية,PALESTINE,ISRAELI,Israel,-4.8,160
2025-01-01 22:00:00.000000 UTC,http://www.elbrqnews.com/New-News/75411.html,وزير الدفاع الإسرائيلي السابق يستقيل من الكنيست بعد شهرين من إقالته من منصبه,MINIST,ISRAELI,Israel,-12.2137404580152,110
2025-01-01 22:00:00.000000 UTC,http://www.elbrqnews.com/New-News/75435.html,محمد الباز يجيب عن السؤال الشائك.. هل اعترفت مصر بحكومة الجولاني؟ (فيديو),EGYPT,,Syria,-0.39682539682539,10
2025-01-01 22:15:00.000000 UTC,https://www.vetogate.com/5317728,"وزير الطيران يتفقد مطار القاهرة ويفتتح استراحة ""الميسان"" لدرجة رجال الأعمال",COMPANY,,"Cairo, Al Qahirah, Egypt",4.92610837438423,42
2025-01-01 22:15:00.000000 UTC,https://studio.dostor.org/168595,لبنان يسعى لانتخاب رئيس بعد عامين من الشغور الرئاسي وسط حالة من الضبابية,HOUSE OF REPRESENTATIVES,,Lebanon,-1.94174757281553,42
2025-01-01 22:15:00.000000 UTC,https://www.addustour.com/articles/1463780-%D9%8A%D9%82%D9%8A%D9%86-%D8%A7%D9%84%D8%AD%D9%82%D9%8A%D9%82%D8%A9-%D8%A7%D9%84%D8%AD%D9%83%D9%88%D9%85%D8%A9-%D8%A3%D9%86%D8%AC%D8%B2%D8%AA,يقين الحقيقة.. الحكومة أنجزت,,CITIZEN,Jordan,0.63291139240507,20
2025-01-01 22:45:00.000000 UTC,https://www.hespress.com/%D9%88%D8%B2%D9%8A%D8%B1-%D8%AE%D8%A7%D8%B1%D8%AC%D9%8A%D8%A9-%D8%B3%D9%88%D8%B1%D9%8A%D8%A7-%D9%8A%D8%AD%D8%B7-%D8%A8%D8%A7%D9%84%D8%B1%D9%8A%D8%A7%D8%B6-1491382.html,وزير خارجية سوريا يحط بالرياض,SYRIA,,"Riyadh, Ar Riya?, Saudi Arabia",4.91803278688525,42
2025-01-01 23:00:00.000000 UTC,https://www.shorouknews.com/news/view.aspx?cdate=02012025&id=0423c725-bb66-48e9-b60b-d958c6490357,وفد سوري برئاسة وزير الخارجية يصل إلى الرياض - بوابة الشروق,SAUDI ARABIA,SAUDI ARABIA,"King Khalid International, Ar Riya?, Saudi Arabia",5.40540540540541,42
2025-01-01 23:15:00.000000 UTC,https://www.vetogate.com/5317670,وزيرة البيئة: نتطلع إلى مستقبل مستدام مع التركيز على الاستثمار الأخضر والطاقة المتجددة,EGYPTIAN,INVESTOR,Egypt,2.15827338129497,26
2025-01-01 23:30:00.000000 UTC,https://www.aljazeera.net/news/2025/1/2/%D8%AE%D8%A8%D8%B1%D8%A7%D8%A1-%D8%AD%D9%83%D9%88%D9%85%D8%A9-%D9%86%D8%AA%D9%86%D9%8A%D8%A7%D9%87%D9%88-%D8%B3%D8%AA%D9%86%D8%AA%D8%AD%D8%B1-%D8%B3%D9%8A%D8%A7%D8%B3%D9%8A%D8%A7-%D8%A5%D8%B0%D8%A7,خبراء: حكومة نتنياهو ستنتحر سياسيا إذا تمسكت بمواصلة الحرب,,ISRAEL,"Jabaliya, Gaza Strip (general), Gaza Strip",-8.24372759856631,190
2025-01-01 23:45:00.000000 UTC,https://arabic.cnn.com/middle-east/article/2025/01/02/israels-former-defense-minister-yoav-gallant-announces-resignation-from-parliament,بعد إقالته من الحكومة.. وزير دفاع إسرائيل السابق يستقيل من الكنيست,MINIST,ISRAEL,Lebanon,-2.91970802919708,831
2025-01-02 19:15:00.000000 UTC,https://www.kuna.net.kw/ArticleDetails.aspx?id=3213213&Language=ar,كونا : وزير الخارجية السعودي يبحث مع وزير خارجية الإدارة السورية الجديدة مستجدات الأوضاع في سوريا - الشؤون السياسية,SAUDI ARABIA,SYRIA,"Riyadh, Ar Riya?, Saudi Arabia",5.95238095238095,51
2025-01-02 19:15:00.000000 UTC,https://www.kuna.net.kw/ArticleDetails.aspx?id=3213203&language=ar,كونا : وزير الدفاع السعودي يعقد جلسة مباحثات مع وفد الإدارة السورية الجديدة بالرياض - الشؤون السياسية,MINIST,SAUDI ARABIA,Syria,3.33333333333333,46
2025-01-02 19:15:00.000000 UTC,http://www.elbrqnews.com/New-News/77958.html,وزير الخارجية السعودي يجدد دعم المملكة لكل ما يحقق أمن سوريا,MINIST,UNITED KINGDOM,Syria,8.75,51
2025-01-02 19:15:00.000000 UTC,https://www.ammonnews.net/article/895248,صحيفة عمون : وزير الداخلية: 4600 سوري عادوا لبلدهم منذ 8 كانون أول,JORDAN,SYRIA,Jordan,-4.69798657718121,33
2025-01-02 19:15:00.000000 UTC,https://www.nile.eg/%D8%A8%D8%A7%D9%84%D8%B5%D9%88%D8%B1-%D8%B4%D9%8A%D8%AE-%D8%A7%D9%84%D8%A3%D8%B2%D9%87%D8%B1-%D9%88%D9%88%D8%B2%D9%8A%D8%B1-%D8%A7%D9%84%D8%AA%D8%B9%D9%84%D9%8A%D9%85-%D9%8A%D9%86%D8%A7%D9%82%D8%B4,النيل – قناة مصر الإخبارية | بالصور.. شيخ الأزهر ووزير التعليم يناقشان تعزيز تدريس اللغة العربية والتربية الدينية في المناهج,,COMMUNITY,Egypt,1.21951219512195,130
2025-01-02 19:15:00.000000 UTC,https://www.ammonnews.net/article/895244,صحيفة عمون : المومني: استمرار السياسة الاسرائيلية مع وصول ترامب سيشكل تحديًا للأردن,PARLIAMENT,,Syria,-0.53763440860215,20
2025-01-02 19:30:00.000000 UTC,https://3yonnews.com/1928595,وزير الخارجية السعودي يبحث مع نظيره السوري جهود دعم استقرار سوريا,SAUDI ARABIA,UNITED KINGDOM,Egypt,6.03448275862069,51
2025-01-02 20:00:00.000000 UTC,https://almadapaper.net/391215/,"الحكومة تدين الغارات ""الإسرائيلية"" وتدعو لتفادي التصعيد بالمنطقة",GOVERNMENT,,"Baghdad, Baghdad, Iraq",-4.96688741721855,111
2025-01-02 20:15:00.000000 UTC,https://www.almontasaf.net/news114641.html,جريمة جمعة رجب: البوابة الرئيسية للجرائم المستمرة ضد اليمنيين | المنتصف نت,COMMANDER,,Yemen,-6.05042016806727,190
2025-01-02 20:30:00.000000 UTC,https://www.albiladpress.com/news/2025/5925/arab-and-world/895564.html,وزير الخارجية السعودي يجدد دعم المملكة لكل ما يحقق أمن سوريا,SAUDI ARABIA,UNITED KINGDOM,Syria,8.58895705521472,51
2025-01-02 20:30:00.000000 UTC,https://www.elfagr.org/5101441,إعفاء الموبايل الشخصى.. الحكومة تجيب على أسئلة الرأى العام حول تطبيق الرسوم الجمركية على الهواتف القادمة من الخارج,EGYPTIAN,EGYPT,Egypt,-2.67379679144385,41
2025-01-02 20:45:00.000000 UTC,https://www.vetogate.com/5317920,بحضور وزيري البترول والثقافة.. تفاصيل جدول أعمال مجلس الشيوخ الأسبوع المقبل,EGYPT,VILLAGE,"Muhafazat Al Bahr Al Ahmar, Al Ba?r al A?mar, Egypt",0.73260073260074,20
2025-01-02 21:00:00.000000 UTC,https://akhbarelyom.com/news/newdetails/4523689/1/%D9%88%D8%B2%D9%8A%D8%B1-%D8%A7%D9%84%D8%AF%D9%81%D8%A7%D8%B9-%D8%A7%D9%84%D8%B3%D8%B9%D9%88%D8%AF%D9%8A-%D9%8A%D8%A4%D9%83%D8%AF-%D9%84%D9%88%D9%81%D8%AF-%D8%B3%D9%88%D8%B1%D9%8A-%D8%AF%D8%B9%D9%85-%D8%A7,وزير الدفاع السعودي يؤكد لوفد سوري دعم العملية السياسية في دمشق,SAUDI ARABIA,SYRIAN,"Abd Al Aziz, Al ?asakah, Syria",7.83132530120482,51
2025-01-02 21:00:00.000000 UTC,https://www.alanba.com.kw/1289685,وزير الدفاع السعودي يعقد جلسة مباحثات مع وفد الإدارة السورية الجديدة في الرياض,MINIST,SAUDI ARABIA,"Riyadh, Ar Riya?, Saudi Arabia",5.88235294117647,46
2025-01-02 21:00:00.000000 UTC,https://alahalygate.com/archives/239402,تحرك برلماني لوقف قرار الضريبة على أجهزة المحمول لحين ضبط المنظومة,,CITIZEN,Egypt,-4.82573726541555,41
2025-01-02 21:45:00.000000 UTC,http://www.elbrqnews.com/world/78290.html,رئيس الأركان يلتقي وزير الدفاع في الإدارة السورية الجديدة,,RIYADH,Syria,4.61538461538462,42
2025-01-02 22:15:00.000000 UTC,https://www.aljazeera.net/news/2025/1/2/%D9%88%D8%B2%D9%8A%D8%B1-%D8%A7%D9%84%D8%AE%D8%A7%D8%B1%D8%AC%D9%8A%D8%A9-%D8%A7%D9%84%D8%B3%D9%88%D8%B1%D9%8A-%D9%8A%D8%A8%D8%AD%D8%AB-%D9%81%D9%8A-%D8%A7%D9%84%D8%B1%D9%8A%D8%A7%D8%B6,وزير الخارجية السوري يبحث في الرياض سبل دعم العملية الانتقالية,SYRIAN,SYRIA,"Riyadh, Ar Riya?, Saudi Arabia",4.50236966824644,42
2025-01-02 22:45:00.000000 UTC,https://www.aljazeeramubasher.net/news/politics/2025/1/3/%D8%A3%D9%88%D9%84-%D8%B2%D9%8A%D8%A7%D8%B1%D8%A9-%D8%AE%D8%A7%D8%B1%D8%AC%D9%8A%D8%A9-%D9%88%D9%81%D8%AF-%D8%B3%D9%88%D8%B1%D9%8A-%D8%B1%D9%81%D9%8A%D8%B9-%D9%8A%D9%84%D8%AA%D9%82%D9%8A,أول زيارة خارجية.. وفد سوري رفيع يلتقي وزيري الدفاع والخارجية في السعودية,,SYRIA,"Riyadh, Ar Riya?, Saudi Arabia",5.83333333333334,43
2025-01-02 22:45:00.000000 UTC,http://www.elbrqnews.com/New-News/78378.html,رئيس جامعة المنصورة يشارك في احتفال السفارة السعودية في مصر باليوم العالمي للغة العربية,EGYPT,EGYPT,"Mansoura, Ad Daqahliyah, Egypt",6.55737704918033,51
2025-01-02 23:00:00.000000 UTC,http://www.elbrqnews.com/New-News/78397.html,رسوم جمركية على الهواتف المحمولة المستوردة.. الحكومة المصرية توضح,EGYPTIAN,,Egypt,0.53763440860215,10
2025-01-02 23:15:00.000000 UTC,https://www.al-binaa.com/archives/422644,برّي خلال لقائه جيفيرز: افتحوا الشباك حتى يسمع الجنرال صوت الـ MQ / وزير خارجيّة فرنسا والسفير البابوي في عين التينة - جريدة البناء | Al-binaa Newspaper,LEBANON,LEBANON,Lebanon,2.67379679144385,43
2025-01-02 23:30:00.000000 UTC,http://www.elbrqnews.com/New-News/78424.html,الحكومة العراقية تدين استهداف قوات الاحتلال خيام النازحين في قطاع غزة,IRAQ,GAZA,Iraq,-4.43686006825939,111
2025-01-03 21:45:00.000000 UTC,https://www.ammonnews.net/article/895394,صحيفة عمون : وزير الخارجية السوري: سأزور الأشقاء في الأردن هذا الأسبوع,JORDAN,,Syria,2.27272727272727,36
2025-01-03 21:45:00.000000 UTC,https://www.aljazeeramubasher.net/news/2025/1/3/%D8%AD%D9%83%D9%88%D9%85%D8%A9-%D8%AA%D8%B4%D8%A7%D8%B1%D9%83%D9%8A%D8%A9-%D9%88%D8%AE%D8%B7%D8%A9-%D8%AA%D9%86%D9%85%D9%88%D9%8A%D8%A9-%D9%88%D8%B2%D9%8A%D8%B1,حكومة تشاركية وخطة تنموية.. وزير الخارجية السوري يكشف تفاصيل عن مباحثاته في السعودية,SYRIA,GOVERNMENT,Syria,2.38095238095238,43
2025-01-03 22:00:00.000000 UTC,http://www.elbrqnews.com/New-News/80772.html,وزير الخارجية الأردني يجري اتصالا هاتفيا مع نظيره في الإدارة السورية الجديدة,MINIST,SYRIAN,Syria,2.25225225225225,41
2025-01-03 22:15:00.000000 UTC,https://26sep.net/index.php/local/95142-2025-01-03-19-44-59,وزير الخارجية يوجه رسالة لمجلس الأمن,CRIMINAL,GOVERNMENT,"Sanaa, San‘a', Yemen",-10.8843537414966,1121
2025-01-03 23:00:00.000000 UTC,https://aliwaa.com.lb/%d8%a3%d8%ae%d8%a8%d8%a7%d8%b1-%d9%84%d8%a8%d9%86%d8%a7%d9%86/%d9%86%d9%82%d8%b7%d8%a9-%d8%b3%d8%b7%d8%b1/%d9%86%d8%a7%d8%b7%d8%b1%d9%8a%d9%86%d9%83-%d9%8a%d8%a7-%d8%b1%d8%a6%d9%8a%d8%b3/,ناطرينك يا رئيس … | نقطة وسطر | لبنان | جريدة اللواء,,CITIZEN,Lebanon,-0.14430014430014,43
2025-01-03 23:15:00.000000 UTC,https://arabic.euronews.com/2025/01/03/german-french-foreign-ministers-visit-saydnaya-prison-syria,ألمانيا وفرنسا في زيارة تاريخية إلى سوريا: وزيرا الخارجية يتفقدان سجن صيدنايا سيء السمعة,MINIST,PRISON,"Damascus, Dimashq, Syria",-2.51256281407035,90
2025-01-03 23:30:00.000000 UTC,https://www.almasryalyoum.com/news/details/3343828,دعوة للعودة وترميم كنيس «إلياهو هانابي».. هل تفتح حكومة «الشرع» صفحة جديدة مع اليهود في سوريا؟ | المصري اليوم,SYRIAN,JEWISH,"Damascus, Dimashq, Syria",-3.42205323193917,51
2025-01-04 09:15:00.000000 UTC,https://www.albiladpress.com/news/2025/5927/arab-and-world/895747.html,لقطة لفتت الأنظار.. لمصافحة باردة بين الشرع ووزير فرنسي,GERMAN,MEDIA,Syria,0.5952380952381,10
2025-01-04 19:15:00.000000 UTC,https://www.almanar.com.lb/12994159,“تجمع أهالي شهداء وجرحى إنفجار المرفأ”: لا يجوز التعامل معنا بالسياسة والطائفية,,JUDGE,"Beirut, Beyrouth, Lebanon",-6.87285223367698,43
2025-01-04 22:00:00.000000 UTC,https://www.aljazeeramubasher.net/news/2025/1/4/%D8%B1%D8%AF%D9%88%D8%AF-%D9%81%D8%B9%D9%84-%D8%A7%D9%84%D8%A3%D8%B3%D9%8A%D8%B1%D8%A9-%D9%84%D9%8A%D8%B1%D9%8A-%D8%A3%D9%84%D8%A8%D8%A7%D8%AC-%D8%BA%D8%B2%D8%A9,فيديو الأسيرة الإسرائيلية لدى القسام يثير ردود فعل واسعة ويضغط على حكومة نتنياهو (شاهد),ISRAELI,ISRAEL,"Rafah, Shamal Sina', Egypt",-8.13308687615526,30
2025-01-04 22:00:00.000000 UTC,http://www.elbrqnews.com/New-News/83499.html,ضياء رشوان: إحنا مش أصحاب الحكومة ولا نسعى لتشكيلها,,MEDIA,"Minya, Al Minya, Egypt",5.62120811750106,42
2025-01-04 22:00:00.000000 UTC,https://sudantribune.net/article295454/,البرهان يجدد الترحيب بمبادرة الرئيس التركي للوساطة مع الإمارات - سودان تربيون,TURKISH,,Turkey,0.62992125984252,41
2025-01-04 22:00:00.000000 UTC,https://www.lebanondebate.com/news/679306,"""الانتخابات الرئاسية قد تعيدنا إلى الحرب الأهلية""... تحذيرٌ من السيد",LEBANESE,,Lebanon,-5.21472392638037,37
2025-01-04 22:15:00.000000 UTC,https://akhbarelyom.com/news/newdetails/4524951/1/%D8%AD%D9%83%D9%88%D9%85%D8%A9-%D8%BA%D8%B2%D8%A9-%D8%AC%D9%8A%D8%B4-%D8%A7%D9%84%D8%A7%D8%AD%D8%AA%D9%84%D8%A7%D9%84-%D9%8A%D9%8F%D9%86%D9%81%D9%91%D8%B0-94-%D8%BA%D8%A7%D8%B1%D8%A9-%D8%AE%D9%84,حكومة غزة: جيش الاحتلال يُنفّذ 94 غارة خلال 72 ساعة ويقتل 184 شهيدًا,QATAR,ISRAEL,Qatar,-11.1747851002865,90
2025-01-04 22:45:00.000000 UTC,https://www.alwatanvoice.com/arabic/news/2025/01/04/1543209.html,وزير إسرائيلي: محادثات صفقة التبادل بالدوحة مستمرة وهناك احتمال لتحقيق تقدم,ISRAEL,PRISONER,"Gaza, Israel (general), Israel",-1.15830115830116,141
2025-01-04 22:45:00.000000 UTC,https://www.elfagr.org/5102272,وسائل إعلام: رئيسة الوزراء الإيطالية ستلتقي ترامب في فلوريدا,ITALIAN,FLORIDA,"Tehran, Tehran, Iran",-3.27868852459016,40
2025-01-04 23:15:00.000000 UTC,https://alkhabarnow.net/%D8%B1%D8%A6%D9%8A%D8%B3-%D8%A3%D8%AD%D8%AF-%D9%83%D9%88%D9%86%D8%B1%D8%A7%D8%AF-%D8%AA%D9%86%D8%A7%D8%B2%D9%84-%D8%B9%D9%86-500-%D8%A3%D9%84%D9%81-%D8%AF%D9%88%D9%84%D8%A7%D8%B1-%D9%85%D9%86-%D8%A3/6647/,رئيس أحد: كونراد تنازل عن 500 ألف دولار من أجل اللعب للزمالك.. وهذا موقفنا من فسخ التعاقد - صحيفة الخبر,EGYPT,,"Zamalek, Al Jizah, Egypt",-1.19047619047619,1621
2025-01-04 23:45:00.000000 UTC,https://www.fj-p.com/397602/%D8%A7%D9%84%D8%B9%D8%AF%D9%88%D8%A7%D9%86-%D8%B9%D9%84%D9%89-%D8%BA%D8%B2%D8%A9-%D8%A8%D9%8A%D9%88%D9%85%D9%87-%D8%A7%D9%84%D9%80456-%D8%B4%D9%87%D8%AF%D8%A7%D8%A1-%D9%81%D9%8A-%D8%AE%D8%A7%D9%86/,العدوان على غزة بيومه الـ456..شهداء في خانيونس وأسيرة لدى “القسام ” :تهاجم حكومة الاحتلال وجولة جديدة من المحادثات,GAZA,ARMY,"Bureij, Yerushalayim, Israel",-6.69014084507042,130
2025-01-05 12:00:00.000000 UTC,http://arabic.news.cn/20250105/2647850ec41642b08ed53f6386694984/c.html,وزيرا خارجية مصر وأمريكا يبحثان هاتفيا الأوضاع في غزة وسوريا,,MALE,Egypt,1.3953488372093,41
2025-01-05 22:00:00.000000 UTC,http://www.elbrqnews.com/New-News/86806.html,مدبولى: الحكومة تُسهّل أى إجراءات للتوسع والتصنيع والشراكة مع الشركات العالمية,EGYPTIAN,,"Alamein, Matru?, Egypt",1.24740124740125,61
2025-01-05 22:15:00.000000 UTC,https://www.kuna.net.kw/ArticleDetails.aspx?id=3213497&Language=ar,كونا : وزير الخارجية السعودي يبحث مع المبعوث الأمريكي إلى لبنان التطورات على الساحة اللبنانية - الشؤون السياسية,MINISTRY,LEBANESE,"Riyadh, Ar Riya?, Saudi Arabia",4.12371134020619,40
2025-01-05 22:15:00.000000 UTC,https://www.dostor.org/4915313,خالد داوود: سياسة ترامب ستختلف عن بايدن في التعامل مع الشرق الأوسط,JOE BIDEN,UKRAINE,"Baghdad, Baghdad, Iraq",-4.76190476190476,112
2025-01-05 22:15:00.000000 UTC,https://www.dostor.org/4915260,أسامة السعيد: الولايات المتحدة شريك رئيسي لإسرائيل ومتواطئة في هذه الجرائم ضد الإنسانية,UNITED STATES,ISRAEL,Israel,-2.23214285714285,50
2025-01-05 22:30:00.000000 UTC,https://stepagency-sy.net/2025/01/05/%D9%88%D8%B2%D9%8A%D8%B1-%D8%A7%D9%84%D8%AE%D8%A7%D8%B1%D8%AC%D9%8A%D8%A9-%D8%A7%D9%84%D9%81%D8%B1%D9%86%D8%B3%D9%8A-%D8%A8%D8%B9%D8%AF-%D9%84%D9%82%D8%A7%D8%A1-%D8%A7%D9%84%D8%B4%D8%B1%D8%B9/,"وزير الخارجية الفرنسي بعد لقاء الشرع يتحدث عن تعهدات سورية بتسليم ""سلاح خطير"" | وكالة ستيب الإخبارية",FRANCE,EUROPEAN,"Damascus, Dimashq, Syria",-4.65116279069768,40
2025-01-05 22:30:00.000000 UTC,https://www.aleqt.com/2025/01/05/article_2755158.html,الحكومة المؤقتة في سورية ترفع رواتب القطاع العام 400%,SYRIAN,GOVERNMENT,Syria,1.35135135135136,71
2025-01-05 22:45:00.000000 UTC,https://www.aljazeeramubasher.net/news/2025/1/5/%D8%AA%D9%82%D9%8A%D9%8A%D9%85-%D8%B4%D8%A7%D9%85%D9%84-%D9%84%D8%AD%D8%B0%D9%81-%D8%A7%D9%84%D9%85%D9%88%D8%B8%D9%81%D9%8A%D9%86-%D8%A7%D9%84%D9%88%D9%87%D9%85%D9%8A%D9%8A%D9%86,تقييم شامل لحذف الموظفين الوهميين.. وزير المالية السوري: نعتزم رفع رواتب القطاع العام 400%,SYRIA,INTERNATIONAL MONETARY FUND,"Damascus, Dimashq, Syria",-0.66334991708126,40
2025-01-05 22:45:00.000000 UTC,https://www.albawabhnews.com/5133382,وزير المالية: خطة طموحة لتوطين صناعة الهواتف المحمولة في مصر بالتعاون مع شركات عالمية,EGYPT,COMPANIES,"Wizarat Al Ittisalat, Al Qahirah, Egypt",1.16605616605617,50
2025-01-05 23:00:00.000000 UTC,https://alwasat.ly/news/arabic/463004,وزير الخارجية السوري يطالب برفع العقوبات الأميركية خلال زيارته لقطر,QATAR,SYRIA,"Damascus, Dimashq, Syria",-3.19767441860465,190
2025-01-05 23:15:00.000000 UTC,https://alrai.com/article/10862959/%D9%83%D8%AA%D8%A7%D8%A8/%D9%85%D8%B3%D9%84%D8%B3%D9%84-%D8%A5%D8%B6%D8%B9%D8%A7%D9%81-%D8%A7%D9%84%D8%AD%D9%83%D9%88%D9%85%D8%A9,مسلسل إضعاف الحكومة,GOVERNMENT,,Jordan,-3.71057513914656,20
2025-01-05 23:45:00.000000 UTC,https://www.alwatanvoice.com/arabic/news/2025/01/05/1543238.html,ماذا بحث وزير الخارجية السوري مع نظيره القطري بالدوحة؟,SYRIAN,,"Damascus, Dimashq, Syria",2.35294117647059,90
2025-01-05 23:45:00.000000 UTC,https://www.dostor.org/4915275,الرئيس التنفيذي للبنك الأهلي: 130 مليون دولار استثمارات بأذون الخزانة مع بداية 2025,EGYPTIAN,,"National Bank, Al Qahirah, Egypt",5.14018691588785,70
2025-01-05 23:45:00.000000 UTC,https://jo24.net/article/521214,هآرتس: سياسة الانتقام الإسرائيلية لم تولد بعد 7 تشرين الأول؛ بل أصبحت علنية فقط #عاجل,CIVILIAN,,West Bank,-3.78854625550661,1383
2025-01-05 23:45:00.000000 UTC,https://www.mena.org.eg:443/news/dbcall/table/textnews/id/11015361,وزير الخارجية يبحث هاتفياً مع نظيره الفرنسي تعزيز العلاقات الثنائية والقضايا الإقليمية ذات الاهتمام المشترك - Welcome to Middle East News Agency,EGYPT,EGYPT,"Cairo, Al Qahirah, Egypt",2.53807106598985,10
2025-01-06 01:00:00.000000 UTC,http://www.elbrqnews.com/New-News/86989.html,الرئيس السيسى يستقبل نظيره البرازيلى لولا دا سيلفا فى القاهرة,EGYPT,TURKEY,"Cairo, Al Qahirah, Egypt",2.90193462308205,42
2025-01-06 01:15:00.000000 UTC,https://www.kuna.net.kw/ArticleDetails.aspx?id=3213415&language=ar,كونا : وزير الخارجية المصري يبحث مع نظيره الأمريكي التطورات في غزة وسوريا - الشؤون السياسية,EGYPTIAN,EGYPT,"Wizarat Al Kharijiyah, Al Qahirah, Egypt",2.30414746543779,41
2025-01-06 22:15:00.000000 UTC,https://www.shorouknews.com/news/view.aspx?cdate=06012025&id=73a79f66-1413-4e49-a8b2-65ecd3a5aba4,وزير الصحة: تحديد مناطق حمراء للمحافظات ذات معدلات الإنجاب الكبيرة,EGYPT,,"Cairo, Al Qahirah, Egypt",-0.95693779904306,43
2025-01-06 22:30:00.000000 UTC,https://jo24.net/article/521269,رئيس الموساد يؤجل زيارته للدوحة وعائلات الأسرى تطالب بصفقة شاملة,DOHA,HAMAS,"Doha, Ad Daw?ah, Qatar",-3.84615384615384,43
2025-01-06 22:45:00.000000 UTC,https://www.fj-p.com/397721/%D9%85%D8%B1%D8%A7%D9%82%D8%A8%D9%88%D9%86-%D8%B2%D9%8A%D8%A7%D8%B1%D8%A9-%D9%88%D8%B2%D9%8A%D8%B1%D8%A9-%D8%AE%D8%A7%D8%B1%D8%AC%D9%8A%D8%A9-%D8%A3%D9%84%D9%85%D8%A7%D9%86%D9%8A%D8%A7-%D8%A3%D9%83/,مراقبون: زيارة وزيرة خارجية ألمانيا أكبر من موقعة المصافحة بل تآمر علني وكراهية للإسلام,SYRIA,ISRAEL,"Damascus, Dimashq, Syria",-3.46534653465346,40
2025-01-06 22:45:00.000000 UTC,https://shasha.ps/home/%D8%AA%D8%B1%D9%83%D9%8A%D8%A7-%D8%AA%D9%81%D8%AA%D8%AD-%D8%AA%D8%AD%D9%82%D9%8A%D9%82%D8%A7-%D8%B6%D8%AF-%D8%B1%D8%A6%D9%8A%D8%B3-%D8%A8%D9%84%D8%AF%D9%8A%D8%A9,تركيا تفتح تحقيقا ضد رئيس بلدية بتهمة التمييز ضد السوريين,PROSECUTOR,SYRIAN,"Damascus, Dimashq, Syria",-5.62913907284768,90
2025-01-06 22:45:00.000000 UTC,http://www.elbrqnews.com/New-News/90140.html,المؤتمر: كلمة الرئيس السيسي في كاتدرائية ميلاد المسيح رسالة لتعزيز التلاحم الوطني,EGYPTIAN,MUSLIM,"Alexandria, Al Iskandariyah, Egypt",7.38255033557047,141
2025-01-06 23:00:00.000000 UTC,http://www.elbrqnews.com/New-News/90172.html,رئيس جامعة دمنهور يزور كنيستي المزرعة والإنجيلية لتقديم التهنئة بعيد الميلاد المجيد,EGYPT,,"Muhafazat Al Buhayrah, Al Bu?ayrah, Egypt",9.15331807780318,42
2025-01-06 23:00:00.000000 UTC,http://www.elbrqnews.com/New-News/90175.html,بحضور الرئيس السيسي.. وفد اتحاد عمال العاصمة الإدارية يشارك احتفال قداس عيد الميلاد بكاتدرائية,WORKER,,"Alexandria, Al Iskandariyah, Egypt",8.42105263157895,42
2025-01-06 23:30:00.000000 UTC,https://elaph.com/Web/NewsPapers/2025/01/1557819.html,لبنان: السلاح القديم والرئيس الجديد,RELIGION,LEBANON,Israel,2.23214285714285,40
2025-01-06 23:30:00.000000 UTC,https://www.albayan.ae/opinions/articles/19160,لبنان: السلاح القديم والرئيس الجديد,,LEBANESE,Lebanon,2.26244343891402,40
2025-01-06 23:30:00.000000 UTC,https://gate.el-balad.com/64648,رئيس أساقفة إقليم الإسكندرية بالكنيسة الأسقفية يشارك في قداس عيد الميلاد بالعاصمة الإدارية,BISHOP,SAMI,"Alexandria, Al Iskandariyah, Egypt",7.14285714285715,42
2025-01-06 23:45:00.000000 UTC,https://www.almontasaf.net/news114876.html,رئيس الأركان يشدد على تعزيز وحدة القوات المسلحة في اجتماع موسع في سيئون | المنتصف نت,INSURGENT FORCE,,Yemen,0.96153846153846,42
2025-01-06 23:45:00.000000 UTC,https://www.alweeam.com.sa/1118064/2025/%D9%88%D8%B2%D9%8A%D8%B1-%D8%A7%D9%84%D8%B5%D8%AD%D8%A9-%D8%A7%D9%84%D8%B3%D9%88%D8%B1%D9%8A-%D9%86%D8%B3%D8%B9%D9%89-%D9%84%D9%84%D8%A7%D8%B3%D8%AA%D9%81%D8%A7%D8%AF%D8%A9-%D9%85%D9%86-%D8%A7%D9%84/,وزير الصحة السوري: نسعى للاستفادة من الخبرات السعودية الكبيرة ونشكرها على دعمنا - الوئام,MINIST,HOSPITAL,"Riyadh, Ar Riya?, Saudi Arabia",5.74162679425842,90
2025-01-07 10:15:00.000000 UTC,https://www.vetogate.com/5321362,رئيس مجلس النواب اللبناني يدعو إلى جلسة انتخاب رئيس للجمهورية الخميس,DELEGATE,BEIRUT,"Naqoura, Liban-Sud, Lebanon",0.0,40
2025-01-07 15:15:00.000000 UTC,http://www.elbrqnews.com/New-News/91997.html,رئيس النادي السوداني يفتتح معرض الفن التشكيلي الرابع لـ «المجموعة التشكيلية»,SUDAN,BAHRAIN,Bahrain,3.84615384615385,43
2025-01-07 22:00:00.000000 UTC,https://www.almasryalyoum.com/news/details/3347372,كواليس إيقاف رئيس مباحث ومعاونه وفردي شرطة وإحالتهم للتحقيق في «الاعتداء على مواطنين» (تفاصيل) | المصري اليوم,TRADER,POLICE,"Cairo, Al Qahirah, Egypt",-5.83941605839416,190
2025-01-07 22:00:00.000000 UTC,https://www.dostor.org/4917606,ضد حكومة التطرف الصهيوني.. والسفاح نتنياهو: أهالي الرهائن في المحكمة العليا.. المفاوضات تفشل,INTERNATIONAL COMMUNITY,,"Jerusalem, Israel (general), Israel",-6.21317621853241,14
2025-01-07 22:00:00.000000 UTC,https://stepagency-sy.net/2025/01/07/%D9%85%D9%82%D8%AA%D9%84-3-%D9%85%D9%86-%D9%88%D8%AC%D9%87%D8%A7%D8%A1-%D8%A7%D9%84%D8%B9%D8%B4%D8%A7%D8%A6%D8%B1/,حادث أم اغتيال؟.. مقتل 3 من وجهاء القرداحة بعد مناشدات للحكومة السورية الجديدة | وكالة ستيب الإخبارية,SYRIAN,,"Qardahah, Al Ladhiqiyah, Syria",-7.58620689655172,20
2025-01-07 22:15:00.000000 UTC,https://akhbarelyom.com/news/newdetails/4527044/1/%D9%85%D8%B3%D8%A7%D8%B9%D8%AF-%D9%88%D8%B2%D9%8A%D8%B1-%D8%A7%D9%84%D8%AE%D8%A7%D8%B1%D8%AC%D9%8A%D8%A9-%D9%85%D8%B5%D8%B1-%D9%84%D8%A7-%D8%AA%D9%82%D9%88%D8%AF-%D8%B6%D9%8A%D9%88%D9%81%D9%87%D8%A7-%D9%84,مساعد وزير الخارجية: مصر لا تقود ضيوفها للمخيمات.. وحماية مصريين الخارج أولوية | حوار,EGYPT,REFUGEE,"Wizarat Al Kharijiyah, Al Qahirah, Egypt",-0.0669792364367003,43
2025-01-07 23:15:00.000000 UTC,https://www.kuna.net.kw/ArticleDetails.aspx?id=3213715,كونا : وزير الخارجية الأردني لنظيره السوري: وحدة سوريا عامل استقرار للأردن - الشؤون السياسية,SYRIA,,Syria,1.0989010989011,40
2025-01-07 23:15:00.000000 UTC,https://www.kuna.net.kw/ArticleDetails.aspx?id=3213719,كونا : نائب الرئيس الامريكي ستقوم بجولة خارجية تشمل سنغافورة والبحرين والمانيا - الشؤون السياسية,BAHRAIN,,Bahrain,0.0,40
2025-01-07 23:15:00.000000 UTC,https://www.elfagr.org/5103709,الرئيس السابق بين الشائعات والادعاءات.. وعقوبات تنتظر سوريا ومساعٍ ألمانية لتخفيفها,IRAN,,Syria,-8.98345153664304,190
2025-01-07 23:15:00.000000 UTC,https://www.kuna.net.kw/ArticleDetails.aspx?id=3213724&Language=ar,كونا : ترامب: إطلاق الأسرى من غزة قبل تنصيبي رئيسا أو مواجهة الجحيم - الشؤون السياسية,UNITED STATES,GAZA,"Gaza, Israel (general), Israel",-1.91021967526265,841
2025-01-08 21:30:00.000000 UTC,https://www.vetogate.com/5322520,المعارضة اللبنانية توافق على انتخاب جوزيف عون رئيسًا للبلاد,LEBANESE,,Lebanon,0.0,36
2025-01-08 21:30:00.000000 UTC,http://www.elbrqnews.com/New-News/96477.html,وزير الثقافة عن أزمة طلاء أسدين قصر النيل: كان دهان جديد لمقاومة العوامل الجوية,,EGYPT,Egypt,1.69491525423728,10
2025-01-08 21:30:00.000000 UTC,http://www.elbrqnews.com/New-News/96470.html,وزير الثقافة يكشف تفاصيل احتفالية ذكرى وفاة أم كلثوم: ستكون على مدار 2025 بالكامل,EGYPT,MINIST,Egypt,5.3061224489796,40
2025-01-08 21:45:00.000000 UTC,http://www.elbrqnews.com/New-News/96497.html,النائب محسن العسبول: نتائج برنامج الحكومة تصب في صالح المواطنين,HOUSE OF REPRESENTATIVES,GOVERNMENT,Bahrain,12.2641509433963,40
2025-01-08 21:45:00.000000 UTC,https://gate.el-balad.com/67107,وزير الخارجية ينقل في اتصال هاتفي مع نبيه بري توجيهات رئيس الجمهورية بتقديم أوجه الدعم للبنان,MINIST,LEBANON,Egypt,3.19148936170213,41
2025-01-08 21:45:00.000000 UTC,https://www.vetogate.com/5322509,أخبار مصر اليوم: توجيه رئاسي لإقرار حزمة اجتماعية جديدة.. الحكومة تعلن بدء تعيين 72 ألف معلم.. خطة توسيع صيدليات الإسعاف لتقديم الخدمات الطبية.. والأرصاد تحذر من الأمطار الرعدية غدا,,CABINET,"Muhafazat Matruh, Matru?, Egypt",0.69052102950408,46
2025-01-08 22:15:00.000000 UTC,https://www.kuna.net.kw/ArticleDetails.aspx?id=3213841&language=ar,كونا : وزير الخارجية البحريني: مستعدون لتوسيع التعاون مع سوريا في المجالات الحيوية - الشؤون السياسية,KING,,"Manama, Al Manamah, Bahrain",6.2402496099844,42
2025-01-08 22:15:00.000000 UTC,https://www.kuna.net.kw/ArticleDetails.aspx?id=3213843&language=ar,كونا : ولي العهد السعودي يبحث مع الرئيس الأوكراني مستجدات الأزمة الأوكرانية - الروسية - الشؤون السياسية,SAUDI ARABIA,SAUDI ARABIA,"Riyadh, Ar Riya?, Saudi Arabia",3.48837209302325,41
2025-01-08 22:15:00.000000 UTC,https://www.elfagr.org/5104136,وزير الصحة: نسبة الولادة القيصرية في مصر مرتفعة عن أي دولة أخرى,MEDIA,EGYPT,"Wizarat As Sihhah, Al Qahirah, Egypt",-1.60427807486631,40
2025-01-08 22:30:00.000000 UTC,https://www.kuna.net.kw/ArticleDetails.aspx?id=3213851&language=ar,كونا : كتل برلمانية لبنانية تتفق على انتخاب قائد الجيش العماد جوزيف عون غدا رئيسا للجمهورية - الشؤون السياسية,,TIMOR,"Beirut, Beyrouth, Lebanon",1.0752688172043,43
2025-01-08 22:45:00.000000 UTC,https://www.albiladpress.com/news/2025/5931/finance/896484.html,رئيس “إدارة الموارد البشرية”: التعديلات بقانون “صندوق العمل” تدعم البحرينيين أصحاب الأعمال والمشروعات,COMPANIES,,Bahrain,6.22950819672131,51
2025-01-08 22:45:00.000000 UTC,http://www.elbrqnews.com/New-News/96668.html,مصطفى كامل: أقدر ذهاب وزير الثقافة لمنزل الكينج وتكريمه وأفتخر بتكريمي منه,CAPTAIN,EGYPTIAN,Egypt,10.9859154929578,51
2025-01-08 22:45:00.000000 UTC,https://www.albiladpress.com/news/2025/5931/bahrain/896468.html,رئيس البرلمان العربي لـ “البلاد”: البحرين بقيادة الملك المعظم تاريخ ممتد في دعم القضايا العربية,UNITED KINGDOM,,Bahrain,4.90730643402399,50
2025-01-08 23:00:00.000000 UTC,https://alanbatnews.net/article/449106,وزير الخارجية يجري محادثات مع كبار المسؤولين بالاتحاد الأوروبي,MINIST,EUROPEAN,Syria,-0.70921985815603,46
2025-01-08 23:00:00.000000 UTC,https://alanbatnews.net/article/449116,الشيخ فيصل الحمود يزور دولة رئيس مجلس الأعيان,PUBLICATION,JORDAN,Jordan,8.9041095890411,42
2025-01-08 23:00:00.000000 UTC,https://www.vetogate.com/5322570,رد قوي من وزير الصحة على غضب الأطباء بسبب قانون المسؤولية الطبية (فيديو),MINIST,,Egypt,-6.73076923076924,12
2025-01-08 23:30:00.000000 UTC,http://www.elbrqnews.com/world/96679.html,وزير الصحة المصري يكشف نسبة تفشي فيروس HMPV في البلاد,MINIST,,Egypt,-8.97959183673473,90
2025-01-08 23:30:00.000000 UTC,http://www.elbrqnews.com/New-News/96686.html,"""المعارضة اللبنانية"" تعلن دعم جوزيف عون في انتخابات الرئاسة",LEBANESE,PRESIDENT,Lebanon,4.69991173874669,51
2025-01-09 06:00:00.000000 UTC,http://www.elbrqnews.com/New-News/96892.html,عاجل.. لبنان تنتخب رئيسها اليوم.. ومرشح واحد الأوفر حظاً للفوز,LEBANESE,PARLIAMENT,Lebanon,0.47169811320755,13
2025-01-09 10:15:00.000000 UTC,http://www.elbrqnews.com/New-News/97432.html,وزير الصناعة والتجارة يفتتح معرض المنتجات البحرينية العمانية,OMAN,BAHRAIN,Bahrain,5.32319391634981,173
2025-01-09 18:45:00.000000 UTC,https://www.elfagr.org/5104418,تفاصيل جديدة في محاولة اغتيال الرئيس التشادي محمد إدريس ديبي,EGYPT,CHAD,"Cairo, Al Qahirah, Egypt",-7.69230769230769,18
2025-01-09 21:15:00.000000 UTC,https://www.aljazeera.net/news/2025/1/9/%D8%AA%D8%B1%D8%AD%D9%8A%D8%A8-%D8%AF%D9%88%D9%84%D9%8A-%D9%88%D8%B9%D8%B1%D8%A8%D9%8A-%D8%A8%D8%A7%D9%86%D8%AA%D8%AE%D8%A7%D8%A8-%D8%AC%D9%88%D8%B2%D9%8A%D9%81-%D8%B9%D9%88%D9%86,ترحيب دولي وعربي بانتخاب جوزيف عون رئيسا للبنان,JORDAN,LEBANON,Jordan,2.71041369472182,51
2025-01-09 21:15:00.000000 UTC,https://www.albawabhnews.com/5135630,ملوك ورؤساء وقادة عرب يهنئون جوزيف عون بفوزه رئيسًا للبنان,LEBANON,QATAR,"Beirut, Beyrouth, Lebanon",8.20559062218215,51
2025-01-09 21:15:00.000000 UTC,https://www.ammonnews.net/article/896664,صحيفة عمون : الخصيلات يعتزم خوض انتخابات نقابة المحامين المقبلة,LAWYER,JORDAN,Jordan,1.0,43
2025-01-09 21:15:00.000000 UTC,http://www.elbrqnews.com/New-News/99586.html,توتر شديد بين الرئيس الأمريكي المنتخب ورئيس وزراء إسرائيل,ISRAEL,,"Doha, Ad Daw?ah, Qatar",-8.27067669172932,17
2025-01-09 21:15:00.000000 UTC,http://www.elbrqnews.com/New-News/99616.html,باحث: تشكيل حكومة فعالة قادرة على العمل أهم التحديات أمام الرئيس عون,ISRAELI,LEBANON,Lebanon,-2.87081339712918,874
2025-01-09 21:45:00.000000 UTC,https://www.nile.eg/%D8%B1%D8%A6%D9%8A%D8%B3-%D9%84%D8%A8%D9%86%D8%A7%D9%86-%D8%A7%D9%84%D9%85%D9%86%D8%AA%D8%AE%D8%A8-%D9%8A%D8%AA%D8%B3%D9%84%D9%85-%D8%B5%D9%84%D8%A7%D8%AD%D9%8A%D8%A7%D8%AA%D9%87-%D8%A7%D9%84%D8%AF,النيل – قناة مصر الإخبارية | رئيس لبنان المنتخب يتسلم صلاحياته الدستورية في قصر بعبدا,LEBANON,,"Beirut, Beyrouth, Lebanon",3.64583333333333,51
2025-01-09 21:45:00.000000 UTC,https://stepagency-sy.net/2025/01/09/%D9%88%D8%B2%D9%8A%D8%B1-%D8%AE%D8%A7%D8%B1%D8%AC%D9%8A%D8%A9-%D9%85%D8%B5%D8%B1-%D9%8A%D8%AA%D8%AD%D8%AF%D8%AB-%D8%B9%D9%86-%D8%AA%D8%A3%D9%85%D9%8A%D9%86-%D8%AD%D8%B1%D9%8A%D8%A9-%D8%A7%D9%84%D9%85/,وزير خارجية مصر يتحدث عن تأمين حرية الملاحة في البحر الأحمر | وكالة ستيب الإخبارية,MINIST,EGYPT,"Mabar Rafah, , Egypt",-6.45161290322581,841
2025-01-09 21:45:00.000000 UTC,https://addiyar.com/article/2222135-%d8%ac%d9%85%d9%87%d9%88%d8%b1%d9%8a%d8%a9-%d8%b9%d9%84%d9%89-%d8%b4%d8%a7%d9%83%d9%84%d8%a9-%d8%b1%d8%a6%d9%8a%d8%b3-%d8%a7%d9%84%d8%ac%d9%85%d9%87%d9%88%d8%b1%d9%8a%d8%a9,جمهوريّة على شاكلة رئيس الجمهوريّة - نبيه البرجي,,CANTON,"Beirut, Beyrouth, Lebanon",-2.8169014084507,20
2025-01-09 22:00:00.000000 UTC,https://www.aljazeera.net/politics/2025/1/9/%D9%85%D8%A7%D8%B0%D8%A7-%D8%A8%D8%B9%D8%AF-%D8%A7%D9%86%D8%AA%D8%AE%D8%A7%D8%A8-%D8%A7%D9%84%D8%B1%D8%A6%D9%8A%D8%B3-%D8%A7%D9%84%D9%84%D8%A8%D9%86%D8%A7%D9%86%D9%8A,ماذا بعد انتخاب الرئيس اللبناني الجديد؟.. خبراء يجيبون,LEBANON,PRESIDENT,Lebanon,-1.93965517241379,36
2025-01-09 22:00:00.000000 UTC,http://www.elbrqnews.com/New-News/99722.html,"وزير الاتصالات اللبناني بعد انتخاب الرئيس: ""أشكر مصر واللجنة الخماسية""",,CRIMEA,Lebanon,-2.03045685279188,41
2025-01-09 22:15:00.000000 UTC,https://gate.el-balad.com/68389,التعليم: طرح نظام البكالوريا للحوار المجتمعى والبرلمان للموافقة عليه قبل تطبيقه,SCHOOL,,"Cairo, Al Qahirah, Egypt",1.21002592912705,120
2025-01-09 22:15:00.000000 UTC,https://gate.el-balad.com/68442,في لمسة بر ووفاء.. وزير الأوقاف يزور الشيخ عيد سعودي وكيل وزارة الأوقاف الأسبق,MINIST,SCHOLAR,"Al-Azhar, Saudi Arabia (general), Saudi Arabia",10.9660574412533,51
2025-01-09 22:45:00.000000 UTC,https://www.kuna.net.kw/ArticleDetails.aspx?id=3214001&Language=ar,كونا : الرئيس الجزائري ورئيس الحكومة الليبية يهنئان العماد جوزيف عون بانتخابه رئيسا للبنان - الشؤون السياسية,LIBYAN,,Lebanon,4.28571428571429,51
2025-01-09 22:45:00.000000 UTC,http://www.elbrqnews.com/New-News/99766.html,رئيس الدولة ونائباه يهنئون الرئيس اللبناني المنتخب جوزيف عون,DEPUTIES,LEBANESE,Lebanon,8.7431693989071,51
2025-01-09 22:45:00.000000 UTC,https://www.almontasaf.net/news115035.html,جوزاف عون: ماذا نعرف عن رئيس لبنان الجديد؟ | المنتصف نت,LEBANON,ISLAMIC,Qatar,-1.99667221297837,190
2025-01-09 22:45:00.000000 UTC,https://www.kuna.net.kw/ArticleDetails.aspx?id=3214003&Language=ar,كونا : العراق: انتخاب جوزيف عون رئيسا للبنان خطوة مهمة للاستقرار - الشؤون السياسية,IRAQI,PRESIDENT,Lebanon,1.57068062827225,70
2025-01-09 23:00:00.000000 UTC,https://www.lebanonfiles.com/articles/%D8%AE%D8%A7%D8%B5/%D9%85%D9%8E%D9%86-%D9%87%D9%88-%D8%B1%D8%A6%D9%8A%D8%B3-%D8%A7%D9%84%D8%AD%D9%83%D9%88%D9%85%D8%A9-%D8%A7%D9%84%D9%85%D9%82%D8%A8%D9%84%D8%9F/,مَن هو رئيس الحكومة المقبل؟ | LebanonFiles,PRESIDENT,,"Riyadh, Ar Riya?, Saudi Arabia",0.0,40
2025-01-09 23:00:00.000000 UTC,https://gate.el-balad.com/68482,وزير الطاقة: الربط الكهربائي مع اليونان أثمر عن تأسيس شركة ذات غرض خاص,GREECE,COMPANY,Saudi Arabia,4.0,80
2025-01-09 23:30:00.000000 UTC,https://jo24.net/article/521551,من سيتسلم قيادة الجيش اللبناني بعد انتخاب جوزيف عون رئيسا للبلاد؟,LEBANON,LEBANESE,Lebanon,-0.995024875621889,42
2025-01-09 23:30:00.000000 UTC,http://www.elbrqnews.com/New-News/99840.html,"جعجع: أول مرة ينتخب رئيس لبناني ""مش على يد النظام السوري ولا الممانعة""",MILITARY,,Lebanon,-0.36764705882353,334
2025-01-10 02:15:00.000000 UTC,https://www.fj-p.com/398220/%D8%AD%D8%B0%D9%81-%D8%AE%D8%A8%D8%B1-%D8%AA%D8%B9%D9%8A%D9%8A%D9%86-%D8%B9%D8%A8%D8%AF-%D8%A7%D9%84%D9%84%D8%B7%D9%8A%D9%81-%D8%A7%D9%84%D9%85%D9%86%D8%A7%D9%88%D9%8A-%D8%B1%D8%A6%D9%8A%D8%B3%D9%8B/,حذف خبر تعيين عبد اللطيف المناوي رئيسًا للأخبار والصحافة بـ”المتحدة” المخابراتية..تخبط أم خشية من “25 يناير”؟,MEDIA,COMPANY,"Cairo, Al Qahirah, Egypt",-3.15581854043393,10
2025-01-10 03:00:00.000000 UTC,https://www.al-binaa.com/archives/423082,جوزاف عون رئيساً للجمهوريّة بـ 99 صوتاً بعدَ جدلٍ دستوريّ وسياسيّ حادّ - جريدة البناء | Al-binaa Newspaper,FRENCH,,"Baabda, Mont-Liban, Lebanon",-1.43790849673203,42
2025-01-10 12:15:00.000000 UTC,http://www.elbrqnews.com/New-News/100629.html,القاهرة الإخبارية: بدء الاستقبالات الرسمية اليوم للرئيس اللبناني الجديد في قصر بعبدا,,GOVERNMENT,"Baabda, Mont-Liban, Lebanon",0.60240963855421,20
2025-01-10 18:00:00.000000 UTC,https://www.ammonnews.net/article/896775,صحيفة عمون : الرئيس اللبناني يبدأ استشاراته لاختيار رئيس حكومة جديدة,HOUSE OF REPRESENTATIVES,LEBANESE,"Al Qasr Al Jumhuri, Beyrouth, Lebanon",0.0,40
2025-01-10 20:15:00.000000 UTC,https://www.albayan.ae/news/middle-east/lebanon/19920,جوزيف عون يبدأ الاثنين الاستشارات النيابية لاختيار رئيس الحكومة اللبنانية,GOVERNMENT,LEBANESE,"Baabda, Mont-Liban, Lebanon",-0.88105726872247,43
2025-01-10 20:15:00.000000 UTC,https://www.shorouknews.com/news/view.aspx?cdate=10012025&id=4ccb5871-833d-4b26-88d2-f23ffd431d2f,حزب المؤتمر: زيارة الرئيس السيسي للأكاديمية العسكرية دعوة لتعزيز الوعي والانتماء الوطني,EGYPTIAN,ARMY,Egypt,3.68060539865814,10
2025-01-10 20:30:00.000000 UTC,https://www.kuna.net.kw/ArticleDetails.aspx?id=3214089&language=ar,كونا : عاهل البحرين يبحث هاتفيا مع نائب الرئيس الأمريكي علاقات التعاون الوطيدة - الشؤون السياسية,BAHRAIN,PRESIDENT,"Manama, Al Manamah, Bahrain",9.0,41
2025-01-10 20:30:00.000000 UTC,https://www.kuna.net.kw/ArticleDetails.aspx?id=3214095&language=ar,كونا : الرئيس المصري: أعلى درجات الاستعداد في ظل تطورات المنطقة - عام,EGYPTIAN,,"Cairo, Al Qahirah, Egypt",-0.96153846153847,42
2025-01-10 20:30:00.000000 UTC,https://www.dostor.org/4920593,إعلام إسرائيلي: نائب رئيس الأركان يطلب إنهاء خدمته آخر الشهر المقبل,DETAINEE,GAZA,"Gaza, Israel (general), Israel",-3.73831775700934,30
2025-01-10 20:45:00.000000 UTC,https://www.saidaonline.com/298345,رئيس الجمهورية شكر المهنئين معتذراً عن عدم تقبل التهاني ومطالبًا بنزع الصور واللافتات | صيدا اون لاين,PRESIDENT,,"Baabda, Mont-Liban, Lebanon",4.23529411764706,51
2025-01-10 20:45:00.000000 UTC,https://gate.el-balad.com/69141,رويترز: مبعوث ترامب للشرق الأوسط يلتقي رئيس وزراء قطر لبحث هدنة غزة,QATAR,,"Gaza, Israel (general), Israel",-1.70940170940171,40
2025-01-10 20:45:00.000000 UTC,https://www.saidaonline.com/298349,بالصور: الرئيس عون يزور البطريرك الراعي في بكركي! | صيدا اون لاين,MARONITE,PRESIDENT,Lebanon,-1.13636363636364,42
2025-01-10 21:00:00.000000 UTC,https://www.dostor.org/4920613,رمضان بطيئة: كلمة الرئيس السيسي بالأكاديمية العسكرية استعراض شامل لإنجازات مصر التنموية,STUDENT,,"Alexandria, Al Iskandariyah, Egypt",0.55248618784531,51
2025-01-10 21:00:00.000000 UTC,http://www.elbrqnews.com/New-News/102094.html,"""الشهابي"": زيارة الرئيس السيسي لمقر الأكاديمية العسكرية تحمل رسالة هامة للداخل والخارج",EGYPT,STUDENT,"Suez Canal, As Suways, Egypt",-0.48309178743961,10
2025-01-10 21:30:00.000000 UTC,https://www.vetogate.com/5323799,وزير الأوقاف يزور قصر ثقافة الشلاتين ويكرم المبدعين,MINIST,,"Wizarat Al Awqaf, Al Qahirah, Egypt",8.39694656488549,51
2025-01-10 21:45:00.000000 UTC,https://gate.el-balad.com/69165,حزب المؤتمر: زيارة الرئيس السيسي للأكاديمية العسكرية دعوة لتعزيز الوعي والانتماء الوطني,EGYPT,,"Al Kulliyah Al Harbiyah, Al Qahirah, Egypt",4.19161676646707,10
2025-01-10 21:45:00.000000 UTC,https://sarabic.ae/20250110/1096667509.html,الرئيس اللبناني الجديد جوزيف عون يرسل العديد من الرسائل في أول خطاباته، وزير الدفاع السوري يعقد جلسات لدمج الفصائل المسلحة في الجيش,LEBANESE,LEBANON,"Damascus, Dimashq, Syria",0.0,40
2025-01-10 21:45:00.000000 UTC,https://www.kuna.net.kw/ArticleDetails.aspx?id=3214099&language=ar,كونا : الرئيس اللبناني: مصرون على الانسحاب الإسرائيلي الكامل من أراضينا - الشؤون السياسية,LEBANON,PRESIDENT,"Baabda, Mont-Liban, Lebanon",3.31262939958592,51
2025-01-10 21:45:00.000000 UTC,http://www.elbrqnews.com/New-News/102168.html,قيادي بمستقبل وطن يشيد برؤية الرئيس التي تربط بين التنمية الاقتصادية والتحول الثقافي,ALEXANDRIA,PRESIDENT,"Alexandria, Al Iskandariyah, Egypt",4.51977401129943,51
2025-01-10 22:15:00.000000 UTC,http://www.elbrqnews.com/New-News/102215.html,«برلمانية البحرنة»: لجنة وطنية لمواءمة مخرجات التعليم مع سوق العمل,BAHRAIN,COMPANIES,Bahrain,0.24449877750611,1014
2025-01-10 22:15:00.000000 UTC,https://palinfo.com/news/2025/01/10/934580/,خبير عسكري: القسام تستخدم سياسة الردع المضاد والغموض بإعلانها حالة الأسرى بالشمال,ISRAEL,PRISONER,"Gaza, Israel (general), Israel",-8.63874345549742,164
2025-01-10 22:45:00.000000 UTC,https://www.albiladpress.com/news/2025/5933/arab-and-world/896720.html,رئيس لبنان يبدأ الاثنين الاستشارات لاختيار رئيس جديد للحكومة,LEBANESE,HOUSE OF REPRESENTATIVES,Lebanon,-1.52671755725191,40
2025-01-10 23:00:00.000000 UTC,http://www.elbrqnews.com/New-News/102243.html,تعزيزًا للعلاقات.. تفاصيل لقاء وزير الشئون النيابية بـ عضو البرلمان الأوروبي,EGYPT,GENEVA,Egypt,4.17754569190601,36
2025-01-10 23:15:00.000000 UTC,https://www.kuna.net.kw/ArticleDetails.aspx?id=3214110&language=ar,كونا : الرئيس التركي: لن نسمح للمسلحين الأكراد بتطويقنا من الجنوب - الشؤون السياسية,INSURGENT,KURD,"Istanbul, Istanbul, Turkey",0.71428571428572,120
2025-01-11 22:45:00.000000 UTC,https://alkhabarnow.net/news/%D8%A5%D8%B9%D8%A7%D8%AF%D8%A9-%D9%81%D8%AA%D8%AD-%D8%B3%D9%81%D8%A7%D8%B1%D8%A9-%D8%A7%D9%84%D8%A5%D9%85%D8%A7%D8%B1%D8%A7%D8%AA-%D9%85%D8%AD%D9%85%D8%AF-%D8%A8%D9%86-%D8%B2%D8%A7%D9%8A%D8%AF/20608/,إعادة فتح سفارة الإمارات.. محمد بن زايد يهنئ هاتفيًا جوزيف عون بانتخابه رئيسًا للبنان - صحيفة الخبر - صحيفة الخبر,LEBANESE,LEBANESE,"Beirut, Beyrouth, Lebanon",3.82262996941896,10
2025-01-11 23:00:00.000000 UTC,https://www.shorouknews.com/news/view.aspx?cdate=12012025&id=63dc0d55-3865-40d8-a22a-6b95ad3399a2,نائب وزير التعليم: لم نغير إطار طارق شوقي للتعليم ما قبل الجامعي ومستمر حتى 2030,EGYPTIAN,UNIVERSITY,Egypt,-0.36231884057971,20
2025-01-11 23:15:00.000000 UTC,https://www.iraqicp.com/index.php/sections/afkar/67670-2025-01-11-18-11-10,السياسة الأمريكية تجاه الانتفاضات الشعبية في البلدان العربية,YEMENI,YEMEN,"Sanaa, San‘a', Yemen",-1.66153846153846,831
2025-01-11 23:15:00.000000 UTC,https://www.alanba.com.kw/1290728,وزير الصحة توفير أحدث الأجهزة الطبية والعلاجات,,HOSPITAL,Kuwait,0.0,46
2025-01-11 23:30:00.000000 UTC,https://bokra.net/Article-1561198,ولي العهد السعودي يدعو الرئيس اللبناني الجديد لزيارة المملكة,UNITED KINGDOM,SAUDI ARABIA,Lebanon,10.3053435114504,36
2025-01-11 23:45:00.000000 UTC,https://www.kuna.net.kw/ArticleDetails.aspx?id=3214214&language=ar,كونا : نائب الرئيس الأمريكي تأسف لعدم تمكنها من زيارة البحرين بسبب حرائق لوس انجلوس - الشؤون السياسية,PRINCE,HAMAD BIN ISA AL KHALIFA,"Manama, Al Manamah, Bahrain",-3.04878048780488,18
2025-01-12 15:45:00.000000 UTC,https://www.vetogate.com/5324976,"وزير الخارجية اللبناني: بيروت وسوريا بحاجة لخطة عربية مشتركة مثل ""خطة مارشال""",GOVERNMENT,LEBANESE,"Beirut, Beyrouth, Lebanon",-0.625,40
2025-01-12 18:45:00.000000 UTC,https://www.annaharkw.com/annahar/Article.aspx?id=1010391,وزير التربية للفائقين: فخورون بإنجازاتكم,KUWAIT,STUDENT,Kuwait,15.8730158730159,51
2025-01-12 21:45:00.000000 UTC,https://www.alanba.com.kw/1290971,اليحيا لـ الأنباء دعم دمشق مستمر وسأزور لبنان قريبا لتهنئة الرئيس,DAMASCUS,,"Damascus, Dimashq, Syria",0.58072009291521,163
2025-01-12 21:45:00.000000 UTC,https://gate.el-balad.com/70284,وزير الخارجية السعودي يؤكد أهمية رفع العقوبات المفروضة على سوريا,SAUDI ARABIA,,"Riyadh, Ar Riya?, Saudi Arabia",2.9126213592233,84
2025-01-12 21:45:00.000000 UTC,https://gate.el-balad.com/70259,منظمة هيومن رايتس ووتش تناشد الرئيس اللبناني الجديد السعي إلى تحقيق المحاسبة,BUSINESS,,"Beirut, Beyrouth, Lebanon",0.0,190
2025-01-12 21:45:00.000000 UTC,https://gate.el-balad.com/70292,وزير الاستثمار يلتقي ممثلي شركة كينجدم للكتان لإنشاء مصنع لصناعة الكتان في مصر,EGYPT,COMPANY,Egypt,1.97628458498024,40
2025-01-12 22:00:00.000000 UTC,https://www.shorouknews.com/news/view.aspx?cdate=12012025&id=36136dbb-1f84-4477-9d56-7cad9c79d9cf,الخارجية: لا ترتيبات حتى الآن لإجراء الوزير بدر عبدالعاطي زيارة إلى سوريا,EGYPT,SYRIA,Syria,-0.98522167487685,13
2025-01-12 22:00:00.000000 UTC,http://www.elbrqnews.com/New-News/108315.html,خبير: ترامب سيستخدم سياسة العصا والجزرة في التعامل مع الإرهاب,ISLAMIC,JEWISH,Syria,-4.35990915610806,120
2025-01-12 22:15:00.000000 UTC,https://www.vetogate.com/5325250,وزير خارجية أمريكا: نأمل في التوصل لاتفاق بشأن غزة قبل تنصيب ترامب,UNITED STATES,ISRAEL,"Jerusalem, Israel (general), Israel",-2.94840294840295,30
2025-01-12 22:15:00.000000 UTC,https://palinfo.com/news/2025/01/12/934908/,وزير إسرائيلي يطالب باستقطاب مليون يهودي للاستيطان بالضفة,SETTLEMENT,SETTLER,"Jerusalem, Israel (general), Israel",-5.84415584415585,43
2025-01-12 22:15:00.000000 UTC,https://www.wafa.ps/Pages/Details/111733,"""كوبلاك"" يعرب عن دعمه للرئيس محمود عباس",ISRAEL,,Gaza Strip,-0.61349693251533,51
2025-01-12 22:15:00.000000 UTC,https://www.vetogate.com/5325255,فؤاد مخزومي، ملياردير الأنابيب ينافس نجيب ميقاتي على رئاسة الحكومة اللبنانية,LEBANON,,"Beirut, Beyrouth, Lebanon",0.14285714285714,42
2025-01-12 22:15:00.000000 UTC,https://www.vetogate.com/5325269,أبو الغيط يهنئ جوزيف عون بانتخابه رئيسا للبنان,LEBANON,ARAB LEAGUE,Lebanon,2.56410256410256,51
2025-01-12 22:45:00.000000 UTC,https://alsahwa-yemen.net/p-80380,"الحكومة تحذر من جرائم إبادة جماعية في قرية ""حنكة آل مسعود"" بمحافظة البيضاء",MILITIA,YEMEN,"Al Masud, Ma'rib, Yemen",-14.4578313253012,112
2025-01-12 23:00:00.000000 UTC,https://www.ammonnews.net/article/897195,صحيفة عمون : تصريحات رئيس كتلة العمل الإسلامي,,UNITED STATES,Israel,-1.68067226890757,46
2025-01-12 23:00:00.000000 UTC,https://lebanonfiles.com/articles/%D8%AE%D8%A7%D8%B5/%D8%A7%D9%84%D8%B1%D9%8A%D8%A7%D8%B6-%D9%88%D8%AD%D9%83%D9%88%D9%85%D8%A9-%D8%A7%D9%84%D8%B9%D9%87%D8%AF-%D8%A7%D9%84%D8%A7%D9%88%D9%84%D9%89-%D8%A7%D9%84%D9%86%D9%87%D8%AC-%D9%82%D8%A8%D9%84-%D8%A7/,الرياض وحكومة العهد الاولى: النهج قبل الاسم | LebanonFiles,LEBANON,GOVERNMENT,"Riyadh, Ar Riya?, Saudi Arabia",1.54639175257732,51
2025-01-12 23:00:00.000000 UTC,https://www.sbs.com.au/language/arabic/ar/article/peter-dutton-launches-unofficial-liberals-campaign-for-next-federal-election-from-melbourne/c7je7s3nb,بيتر داتون يُطلق من ملبورن حملة الأحرار غير الرسمية للانتخابات الفيدرالية القادمة,MELBOURNE,,Israel,1.48148148148148,10
2025-01-12 23:15:00.000000 UTC,https://www.kul-alarab.com/Article/1101194,رئيس الدولة يلتقي بممثلين عن المنتدى الشعبي القطري لمكافحة العنف والجريمة في المجتمع العربي.,QATAR,REPRESENTATIVES,Qatar,-8.00000000000002,43
2025-01-12 23:30:00.000000 UTC,https://cedarnews.net/folders/lebanon/805476/%D8%A7%D9%84%D8%AD%D8%B1%D9%83%D8%A9-%D8%A7%D9%84%D9%84%D8%A8%D9%86%D8%A7%D9%86%D9%8A%D8%A9-%D8%A7%D9%84%D8%AF%D9%8A%D9%85%D9%82%D8%B1%D8%A7%D8%B7%D9%8A%D8%A9-%D8%AA%D8%A4%D9%8A%D8%AF-%D8%B9%D9%88/,“الحركة اللبنانية الديمقراطية” تؤيد عودة ميقاتي لرئاسة الحكومة,NAJIB MIKATI,GOVERNMENT,Lebanon,1.03092783505154,51
2025-01-13 17:15:00.000000 UTC,https://gate.el-balad.com/70902,بأغلبية 84 صوتاً .. عون يكلف نواف سلام بتشكيل الحكومة اللبنانية الجديدة.,,LEBANON,Lebanon,-1.04712041884816,40
2025-01-13 21:15:00.000000 UTC,https://www.annaharkw.com/annahar/Article.aspx?id=1010561,لبنان.. القاضي نواف سلام رئيساً لحكومة العهد الجديد,NAWAF SALAM,LEGISLATOR,Israel,0.67567567567568,51
2025-01-13 21:15:00.000000 UTC,https://www.annaharkw.com/annahar/Article.aspx?id=1010483,نواف سلام رئيساً لحكومة «العهد الجديد» في لبنان,LEBANON,LEGISLATOR,"Beirut, Beyrouth, Lebanon",3.54330708661418,51
2025-01-13 22:00:00.000000 UTC,https://www.kuna.net.kw/ArticleDetails.aspx?id=3214450&language=ar,كونا : الرئيس اللبناني: الاستقرار السياسي لا يتحقق الا بثقة العالم بلبنان - الشؤون السياسية,PRESIDENT,NAWAF SALAM,"Al Qasr Al Jumhuri, Beyrouth, Lebanon",3.6036036036036,40
2025-01-13 22:30:00.000000 UTC,https://www.3yonnews.com/1929796,أمير قطر والرئيس الأمريكي يناقشان جهود الوساطة المشتركة لإنهاء الحرب على غزة,PRESIDENT,ISRAEL,"Cairo, Al Qahirah, Egypt",-0.80862533692722,40
2025-01-13 22:30:00.000000 UTC,https://www.alnilin.com/13365929.htm,نواف سلام رئيساً لوزراء لبنان بـ 85 صوتاً - النيلين,LEBANON,GOVERNMENT,Lebanon,5.93220338983051,40
2025-01-13 22:45:00.000000 UTC,https://www.shorouknews.com/news/view.aspx?cdate=14012025&id=f4dbb208-b449-4ecf-8472-bbce3b85edf6,جو بايدن: أتطلع للتحدث مع الرئيس السيسي قريبا بشأن صفقة غزة,ISRAEL,PRESIDENT,"Jerusalem, Israel (general), Israel",0.33557046979865,46
2025-01-13 22:45:00.000000 UTC,https://www.swissinfo.ch/ara/%D8%AA%D9%83%D9%84%D9%8A%D9%81-%D9%86%D9%88%D8%A7%D9%81-%D8%B3%D9%84%D8%A7%D9%85-%D8%AA%D8%B4%D9%83%D9%8A%D9%84-%D8%AD%D9%83%D9%88%D9%85%D8%A9-%D8%AC%D8%AF%D9%8A%D8%AF%D8%A9-%D9%81%D9%8A-%D9%84%D8%A8%D9%86%D8%A7%D9%86/88711550,تكليف نواف سلام تشكيل حكومة جديدة في لبنان,MINIST,LEBANESE,"Beirut, Beyrouth, Lebanon",1.17878192534381,20
2025-01-13 22:45:00.000000 UTC,https://www.almasryalyoum.com/news/details/3351858,هيئة البث الإسرائيلية: الحكومة تستعد للموافقة على صفقة التبادل مع حماس | المصري اليوم,GOVERNMENT,HAMAS,"Gaza, Israel (general), Israel",0.74074074074074,31
2025-01-13 22:45:00.000000 UTC,https://www.almasryalyoum.com/news/details/3351842,رئيس الوزراء القطري يناقش مع جوتيريش تسهيل انسياب المساعدات دون أي عوائق إلى غزة | المصري اليوم,ISRAEL,QATAR,Qatar,1.88679245283019,46
2025-01-13 23:15:00.000000 UTC,http://www.elbrqnews.com/New-News/111760.html,برلماني: مصر أنشأت 18 مدينة جديدة في الصعيد,EGYPT,TOURIST,"Upper Egypt, Egypt (general), Egypt",2.95857988165681,70
2025-01-13 23:30:00.000000 UTC,https://www.aljazeeramubasher.net/news/2025/1/14/%D8%A7%D9%84%D8%A5%D9%81%D8%B1%D8%A7%D8%AC-%D8%B9%D9%86-%D8%A7%D9%84%D8%AF%D9%83%D8%AA%D9%88%D8%B1-%D8%AD%D8%B3%D8%A7%D9%85-%D8%A3%D8%A8%D9%88-%D8%B5%D9%81%D9%8A%D8%A9,حكومة غزة: نطالب المجتمع الدولي والمنظمات الأممية بإنقاذ حياة الدكتور حسام أبو صفية,PRISON,ISRAEL,"Gaza, Israel (general), Israel",-8.57142857142856,1822
2025-01-13 23:45:00.000000 UTC,https://alanbatnews.net/article/449404,مؤتمر صحفي لرئيس وزراء قطر ظهر الثلاثاء لإعلان اتفاق التهدئة,ISRAELI,,Kuwait,-2.70092226613966,874
2025-01-14 05:00:00.000000 UTC,https://al-sharq.com/article/14/01/2025/%D9%84%D8%A8%D9%86%D8%A7%D9%86-%D8%AA%D8%B3%D9%85%D9%8A%D8%A9-%D9%86%D9%88%D8%A7%D9%81-%D8%B3%D9%84%D8%A7%D9%85-%D8%B1%D8%A6%D9%8A%D8%B3%D8%A7-%D9%84%D9%84%D8%AD%D9%83%D9%88%D9%85%D8%A9,‫ لبنان: تسمية نواف سلام رئيسا للحكومة,NAJIB MIKATI,PRESIDENT,"Beirut, Beyrouth, Lebanon",4.02144772117963,40
2025-01-14 20:45:00.000000 UTC,https://www.kuna.net.kw/ArticleDetails.aspx?id=3214604&Language=ar,كونا : الرئيس المصري يدعو الى ضرورة التوصل الى اتفاق لإيقاف اطلاق النار بغزة - الشؤون السياسية,EGYPTIAN,GAZA,"Cairo, Al Qahirah, Egypt",-1.76991150442478,50
2025-01-14 21:00:00.000000 UTC,https://www.dostor.org/4925177,وزير المفاوضات الفلسطينى الأسبق: مصر لن تسمح بوجود قوات أجنبية فى قطاع غزة دون إرادتها,EGYPT,GAZA,Egypt,-1.71919770773639,120
2025-01-14 21:00:00.000000 UTC,https://www.vetogate.com/5326739,نقل البرلمان توصي بتعزيز موازنة صيانة الطرق وتشكيل لجنة لبحث مشكلات طرق سوهاج,PARLIAMENT,,"Tahta, Suhaj, Egypt",1.25,20
2025-01-14 21:15:00.000000 UTC,https://www.alriyadh.com/2113626,نواف سلام يستقيل من منصبه كرئيس لـ «العدل الدولية»,LEBANON,,"Beirut, Beyrouth, Lebanon",3.07692307692308,80
2025-01-14 21:30:00.000000 UTC,https://www.shorouknews.com/news/view.aspx?cdate=14012025&id=1ecb3b54-92ef-43d4-8774-178fcefd8367,الرئيس الفرنسي يزور لبنان يوم الجمعة المقبل - بوابة الشروق,LEBANESE,LEBANESE,"Beirut, Beyrouth, Lebanon",2.95566502463055,40
2025-01-14 21:45:00.000000 UTC,https://elaph.com/Web/opinion/2025/01/1558272.html,نحو تصحيح العلاقة بين الحكومة الاتحاديّة وإقليم كوردستان,CHAMBER,GOVERNMENT,"Baghdad, Baghdad, Iraq",-2.34159779614325,46
2025-01-14 21:45:00.000000 UTC,https://akhbarelyom.com/news/newdetails/4531849/1/%D8%A8%D9%82%D8%B1%D8%A7%D8%B1-%D8%A7%D9%84%D8%B1%D8%A6%D9%8A%D8%B3-%D9%85%D8%AC%D8%AF%D9%8A-%D9%8A%D8%B9%D9%82%D9%88%D8%A8,بقرار الرئيس.. مجدي يعقوب عضواً في المجلس الاستشاري لعلماء مصر,UNITED KINGDOM,,"Cairo, Al Qahirah, Egypt",1.51400454201362,71
2025-01-14 21:45:00.000000 UTC,https://www.kuna.net.kw/ArticleDetails.aspx?id=3214454&language=ar,كونا : اسبانيا ترحب بتعيين نواف سلام رئيسا للوزراء في لبنان - الشؤون السياسية,SYRIA,,Lebanon,3.05343511450382,40
2025-01-14 22:00:00.000000 UTC,https://alahalygate.com/archives/244147,وزير البترول يشارك فى الاجتماع الوزاري الرابع لمؤتمر التعدين الدولي بالسعودية,EGYPT,,"Wizarat Al Bitrul, Al Qahirah, Egypt",2.49632892804699,50
2025-01-14 22:00:00.000000 UTC,https://www.elfagr.org/5106695,وزير المفاوضات الفلسطيني الأسبق: مصر لن تسمح بوجود قوات أجنبية في غزة دون إرادتها,EGYPT,GAZA,"Gaza, Israel (general), Israel",-0.83798882681565,120
2025-01-14 22:15:00.000000 UTC,https://gate.el-balad.com/71094,وزير الطيران يوضح أسباب عدم إطلاق اسم مجدي يعقوب على مطار أسوان,EGYPTIAN,SCHOLAR,Egypt,-1.5625,51
2025-01-14 22:15:00.000000 UTC,https://www.cawalisse.com/216337/,الحبس 14 سنة لوزير الداخلية والدفاع الكويتي السابق طلال الخالد الصباح وتغريمه 65 مليون دولار,KUWAIT,,Kuwait,-3.63636363636364,10
2025-01-14 22:15:00.000000 UTC,https://arabic.euronews.com/video/2025/01/14/israeli-families-of-hostages-protests-outside-of-the-knesset-in-jerusalem,فيديو. مظاهرة أمام البرلمان الإسرائيلي في القدس للمطالبة بالتوصل إلى اتفاق بشأن الرهائن في غزة,ISRAELI,GAZA,"Jerusalem, Israel (general), Israel",-8.82352941176468,30
2025-01-14 22:15:00.000000 UTC,https://www.dostor.org/4925223,رئيس جامعة حلوان يطالب بتوفير 120 ألف خبير اكتوارى لرسم الخطط المالية,UNIVERSITY,,"Helwan, Egypt (general), Egypt",0.0,42
2025-01-14 22:30:00.000000 UTC,https://www.elfagr.org/5106731,أهداف وأسباب.. وزير الخارجية السوري يزور تركيا الأربعاء 15 يناير 2025,TURKEY,SYRIAN,"Ankara, Ankara, Turkey",0.990099009901001,51
2025-01-14 22:30:00.000000 UTC,https://bokra.net/Article-1561433,وزير الخارجية الإسرائيلي: أعتقد أن اتفاق غزة سيلقى تأييد أغلبية الحكومة,GAZA,GOVERNMENT,"Gaza, Israel (general), Israel",2.04081632653061,51
2025-01-14 23:00:00.000000 UTC,https://www.dostor.org/4925235,رئيس السكة الحديد يتفقد ورش الفرز بالقاهرة لمتابعة انتظام العمل وأعمال التطوير,EGYPT,ADMINISTRATION,"Wizarat An Naql, Al Qahirah, Egypt",2.76497695852534,42
2025-01-14 23:15:00.000000 UTC,https://www.almasryalyoum.com/news/details/3352852,وزير خارجية الاحتلال: إسرائيل لديها «إرادة حقيقية» لإبرام اتفاق غزة | المصري اليوم,ISRAELI,HAMAS,"Gaza, Israel (general), Israel",-0.42553191489361,26
2025-01-14 23:30:00.000000 UTC,https://www.aljazeeramubasher.net/news/2025/1/14/%D9%88%D8%B2%D9%8A%D8%B1-%D8%A7%D9%84%D8%AE%D8%A7%D8%B1%D8%AC%D9%8A%D8%A9-%D8%A7%D9%84%D8%A8%D9%84%D8%AC%D9%8A%D9%83%D9%8A-%D9%8A%D8%AA%D8%AD%D8%AF%D8%AB-%D9%84%D9%84%D8%AC%D8%B2%D9%8A%D8%B1%D8%A9,وزير الخارجية البلجيكي يتحدث للجزيرة مباشر عن موقف بلاده من التطورات في غزة وسوريا (فيديو),BELGIUM,GAZA,Syria,-0.90293453724605,70
2025-01-14 23:30:00.000000 UTC,http://www.elbrqnews.com/world/115140.html,"وزير الاتصالات ورئيس ""سدايا"" يتوِّجان 10 فرق فائزة في ""هاكاثون إنجاز""",INTELLIGENCE,,Saudi Arabia,5.27638190954774,70
2025-01-14 23:30:00.000000 UTC,https://www.libyaakhbar.com/news/2508442.html,وزير العمل والتأهيل يبحث مع السفير الفلسطيني تسهيل إجراءات التعاقد مع المدرسين والأطباء الفلسطينيين - اخبار ليبيا,LIBYA,,Israel,8.95522388059701,40
2025-01-15 22:45:00.000000 UTC,https://www.kuna.net.kw/ArticleDetails.aspx?id=3214816&language=ar,كونا : وزير الخارجية التركي: عرضنا على الادارة السورية الجديدة تقديم الدعم لمكافحة (داعش) - الشؤون السياسية,SYRIAN,,"Damascus, Dimashq, Syria",2.10772833723653,30
2025-01-15 22:45:00.000000 UTC,http://www.elbrqnews.com/New-News/118705.html,رئيسة المفوضية الأوروبية: اتفاق وقف إطلاق النار في غزة يشيع الأمل في المنطقة,EUROPEAN,,"Gaza, Israel (general), Israel",1.6,30
2025-01-15 23:00:00.000000 UTC,https://www.albawabhnews.com/5138952,الرئيس الإسرائيلي يحث حكومة نتنياهو على المصادقة على اتفاق وقف إطلاق النار,ISRAELI,YITZHAK HERZOG,Israel,-0.42016806722689,20
2025-01-15 23:00:00.000000 UTC,https://almadapaper.net/392931/,الولاءات الحزبية ستحسم الأمر.. واسط تضع 19 رئيس وحدة إدارية على لائحة التغيير,,BUSINESS,"Muhafazat Ninawa, NinawáZ, Iraq",-1.14777618364419,43
2025-01-15 23:00:00.000000 UTC,https://alahalygate.com/archives/244601,برلماني: مصر الداعم الأول للقضية الفلسطينية.. ووقف إطلاق النار يخفف المعاناة عن أهالي غزة,PRESIDENT,EGYPTIAN,Gaza Strip,2.61780104712042,70
2025-01-15 23:00:00.000000 UTC,https://www.aljazeeramubasher.net/news/politics/2025/1/15/%D8%B1%D8%A6%D9%8A%D8%B3-%D9%88%D8%B2%D8%B1%D8%A7%D8%A1-%D9%82%D8%B7%D8%B1-%D9%8A%D8%B9%D9%84%D9%86-%D8%AA%D9%81%D8%A7%D8%B5%D9%8A%D9%84-%D8%A7%D8%AA%D9%81%D8%A7%D9%82-%D9%88%D9%82%D9%81,رئيس وزراء قطر يعلن تفاصيل اتفاق وقف إطلاق النار في غزة (فيديو),PALESTINIAN,QATAR,Qatar,-0.96308186195827,51
2025-01-15 23:00:00.000000 UTC,https://alahalygate.com/archives/244614,رئيس هيئة الدواء يشهد توقيع بروتوكول تعاون بين شركتي داف وإكستيدو للحلول الرقمية,,COMPANY,"World Health Organization, Al Qahirah, Egypt",10.3351955307263,57
2025-01-15 23:00:00.000000 UTC,https://alahalygate.com/archives/244588,رئيس هيئة الدواء يبحث فرص دعم دخول المستحضرات الدوائية المصرية إلى السوق التركية,EGYPTIAN,INDUSTRY,Turkey,10.7476635514019,51
2025-01-15 23:15:00.000000 UTC,https://www.okaz.com.sa/specialized-corners/na/2178323,وزير الإعلام السوري لـ«عكاظ»: نظام الأسد شرعن «الطائفية».. ومارس التضليل,MEDIA,,"Damascus, Dimashq, Syria",0.64252336448598,100
2025-01-15 23:30:00.000000 UTC,https://www.al-binaa.com/archives/423539,اليوم الأول من استشارات التشكيل: مطالبات بحكومة جامعة و«القوّات» تشذّ! - جريدة البناء | Al-binaa Newspaper,PRESIDENT,HOUSE OF REPRESENTATIVES,Lebanon,1.9790454016298,112
2025-01-15 23:30:00.000000 UTC,http://www.elbrqnews.com/New-News/118747.html,الرئيس الإسرائيلي يحث حكومة نتنياهو على المصادقة على اتفاق وقف إطلاق النار,ISRAELI,GOVERNMENT,Israel,0.0,27
2025-01-15 23:30:00.000000 UTC,https://www.shorouknews.com/news/view.aspx?cdate=16012025&id=51b018a9-aed2-4381-b56c-be1f77b0c260,وزير الطيران: بيع المطارات وتسريح العاملين شائعات عارية تماما من الصحة,MINISTRY,,Egypt,-0.37453183520599,12
2025-01-15 23:45:00.000000 UTC,https://kuwaitnews.com/99179/,رئيس وزراء قطر يؤكد التوصل لاتفاق بين الاحتلال وحماس لوقف إطلاق النار في غزة,PRISONER,THE US,"Gaza, Israel (general), Israel",-3.57142857142857,841
2025-01-15 23:45:00.000000 UTC,https://gate.el-balad.com/71850,عياد رزق: اتصال بايدن بالرئيس السيسي يعكس التقدير الدولي للجهود المصرية في حل الأزمة الفلسطينية,PALESTINIAN,,Egypt,-0.692041522491349,111
2025-01-15 23:45:00.000000 UTC,https://gate.el-balad.com/71849,الرئيس السيسي يرحب بالتوصل لاتفاق وقف إطلاق النار في غزة,PRESIDENT,,Gaza Strip,3.81944444444443,51
2025-01-15 23:45:00.000000 UTC,https://www.mena.org.eg:443/ar/news/dbcall/table/textnews/id/11028672,وسائل إعلام فرنسية تبرز ترحيب الرئيس السيسي بالتوصل لاتفاق وقف اطلاق النار في غزة - Welcome to Middle East News Agency,FRANCE,PRESIDENT,Egypt,3.72093023255814,51
2025-01-15 23:45:00.000000 UTC,https://www.alanba.com.kw/1291466,أحمد محمد البحر رئيسا لمجلس إدارة الخليج,BANK,NASSER,Kuwait,4.12371134020619,51
2025-01-16 11:30:00.000000 UTC,http://www.elbrqnews.com/New-News/119838.html,الحكومة: احتفالية ضخمة لافتتاح المتحف المصري الكبير,EGYPT,,"Wizarat Al Ittisalat, Al Qahirah, Egypt",4.11764705882353,51
2025-01-16 12:00:00.000000 UTC,http://www.elbrqnews.com/New-News/119951.html,رئيس الوزراء يؤكد على ضرورة توافر السلع الأساسية قبل حلول شهر رمضان,EGYPT,,"Giza, Al Jizah, Egypt",4.23357664233577,51
2025-01-16 12:15:00.000000 UTC,https://www.kuna.net.kw/ArticleDetails.aspx?id=3214888&Language=ar,كونا : وزير الخارجية الياباني يرحب باتفاق إيقاف إطلاق النار في غزة - الشؤون السياسية,PRISONER,QATAR,Egypt,6.00858369098713,30
2025-01-16 14:15:00.000000 UTC,https://akhbarelyom.com/news/newdetails/4533163/1/%D8%A8%D8%B9%D8%AF-%D9%82%D9%84%D9%8A%D9%84-%D9%85%D8%A4%D8%AA%D9%85%D8%B1-%D8%B5%D8%AD%D9%81%D9%8A-%D9%85%D9%87%D9%85-%D9%84%D8%B1%D8%A6%D9%8A%D8%B3-%D8%A7%D9%84%D9%88%D8%B2%D8%B1%D8%A7%D8%A1,بعد قليل.. مؤتمر صحفي مهم لرئيس الوزراء,THE US,GAZA,"Giza, Al Jizah, Egypt",4.08759124087591,30
2025-01-16 15:00:00.000000 UTC,https://www.kuna.net.kw/ArticleDetails.aspx?id=3214910&Language=ar,كونا : الرئيس الفلسطيني يؤكد ضرورة السماح للصليب الأحمر بإدخال مواد الإغاثة الإنسانية إلى غزة - انسان,QATAR,PRISONER,"Gaza, Israel (general), Israel",0.0,30
2025-01-16 22:00:00.000000 UTC,https://www.alriyadh.com/2114092,بن جفير يهدد بالاستقالة من حكومة نتنياهو إذا وافقت على اتفاق غزة,SAUDI ARABIA,GOVERNMENT,"Riyadh, Ar Riya?, Saudi Arabia",-5.48523206751055,831
2025-01-16 22:00:00.000000 UTC,https://www.kuna.net.kw/ArticleDetails.aspx?id=3214978,كونا : الرئيسان الإماراتي والمصري يبحثان في أبوظبي العلاقات الثنائية وآخر التطورات في المنطقة - الشؤون السياسية,ABU DHABI,EGYPTIAN,Egypt,4.27046263345195,40
2025-01-16 22:00:00.000000 UTC,https://www.dostor.org/4927803,رئيس هيئة الدواء يستقبل مساعد مدير منظمة الصحة العالمية لشئون الأدوية,,EGYPT,"World Health Organization, Al Qahirah, Egypt",7.83582089552239,43
2025-01-16 22:00:00.000000 UTC,http://www.elbrqnews.com/New-News/121910.html,انتخاب رئيس لبنان.. دعم سعودي ينهي الشغور الرئاسي,LEBANESE,,"Beirut, Beyrouth, Lebanon",1.18343195266272,37
2025-01-16 22:15:00.000000 UTC,https://www.aljazeera.net/politics/2025/1/17/%D8%AE%D8%A8%D8%B1%D8%A7%D8%A1-%D8%AE%D9%84%D8%A7%D9%81%D8%A7%D8%AA-%D8%AD%D9%83%D9%88%D9%85%D8%A9-%D9%86%D8%AA%D9%86%D9%8A%D8%A7%D9%87%D9%88-%D8%AA%D8%A4%D9%83%D8%AF-%D9%8A%D8%AF,خبراء: خلافات حكومة نتنياهو تؤكد يد المقاومة العليا في اتفاق وقف الحرب,GAZA,QATAR,"Gaza, Israel (general), Israel",-2.10325047801148,30
2025-01-16 22:15:00.000000 UTC,https://www.wafa.ps/Pages/Details/111992,بن غفير يعلن أنه سيستقيل من حكومة نتنياهو في حال أوقفت حربها على غزة,GAZA,GAZA,Gaza Strip,-0.8130081300813,831
2025-01-16 22:15:00.000000 UTC,https://www.vetogate.com/5328324,رسالة شكر وطلب مهم، تفاصيل الاتصال الأخير بين وزيري خارجية أمريكا ومصر,PRESIDENT,,Egypt,2.79069767441861,51
2025-01-16 22:30:00.000000 UTC,https://www.ammonnews.net/article/898108,صحيفة عمون : المفوض السامي لحقوق الإنسان يلتقي الرئيس اللبناني,TURK,LEBANON,"Beirut, Beyrouth, Lebanon",-4.71380471380471,20
2025-01-16 22:45:00.000000 UTC,https://www.almanar.com.lb/13038379,علي حسن خليل: : لنا مطالبنا ونحن في حوار إيجابي مع الرئيس سلام حول المشاركة في الحكومة,,SAUDI ARABIA,"Taif, Makkah, Saudi Arabia",-0.39840637450199,46
2025-01-16 22:45:00.000000 UTC,https://jo24.net/article/522178,بن غفير: سنستقيل من الحكومة إن تمت الموافقة على اتفاق غزة,GOVERNMENT,ISRAEL,"Doha, Ad Daw?ah, Qatar",-2.51716247139588,831
2025-01-16 23:00:00.000000 UTC,https://www.almontasaf.net/news115398.html,رئيس الوزراء المصري يكشف.. هذه قيمة الصادرات خلال 2024 | المنتصف نت,EGYPTIAN,EGYPT,Egypt,4.20711974110032,61
2025-01-16 23:00:00.000000 UTC,https://mustaqila.com/%D8%A7%D9%84%D8%B3%D9%88%D8%AF%D8%A7%D9%86%D9%8A-%D9%8A%D8%A4%D9%83%D8%AF-%D8%AF%D8%B9%D9%85-%D8%A7%D9%84%D8%AD%D9%83%D9%88%D9%85%D8%A9-%D9%84%D8%AF%D8%AE%D9%88%D9%84-%D9%81%D9%88%D8%AF%D8%A7%D9%81/,السوداني يؤكد دعم الحكومة لدخول فودافون سوق الاتصالات العراقية,SUDAN,GOVERNMENT,"Baghdad, Baghdad, Iraq",4.09836065573771,51
2025-01-16 23:00:00.000000 UTC,https://www.almasryalyoum.com/news/details/3354567,مساعد وزير الداخلية السابق: الشعب انخدع بالجماعة المحظورة في 2011 | المصري اليوم,EGYPTIAN,COMMUNITY,Egypt,-4.19847328244275,141
2025-01-16 23:15:00.000000 UTC,https://www.annaharkw.com/annahar/Article.aspx?id=1010849,رئيس الوزراء القطري للشرع: دعم الدوحة «ثابت»,SYRIAN,GENERALISSIMO,"Ankara, Ankara, Turkey",-0.40080160320641,46
2025-01-16 23:15:00.000000 UTC,https://sudantribune.net/article296083/,الحكومة ترفض العقوبات على البرهان وتتهم واشنطن بالاستخفاف بالسودانيين - سودان تربيون,,INSURGENT FORCE,"Jeddah, Makkah, Saudi Arabia",-10.7438016528926,112
2025-01-16 23:15:00.000000 UTC,https://www.annaharkw.com/annahar/Article.aspx?id=1010848,ماكرون في لبنان اليوم لدعم تشكيل «حكومة قوية»,LEBANESE,FRENCH,"Beirut, Beyrouth, Lebanon",4.01146131805158,90
2025-01-16 23:15:00.000000 UTC,https://www.annaharkw.com/annahar/Article.aspx?id=1010805,وزيرة الأشغال: مواصفات عالمية لصيانة الطرق وتطوير البنية التحتية,,BUSINESS,Kuwait,2.36842105263158,1823
2025-01-16 23:30:00.000000 UTC,https://www.alnilin.com/13366122.htm,وزير الخارجية والهجرة المصري يلتقي مع مجموعة من الوزراء السودانيين - النيلين,SUDANESE,EGYPTIAN,Egypt,5.79710144927536,40
2025-01-16 23:30:00.000000 UTC,https://almasdaronline.com/articles/309468,رئيس الإصلاح يلتقي قائد القوات المشتركة للتحالف العربي ويناقش معه التطورات على مختلف الأصعدة,,RIYADH,Yemen,7.11111111111111,42
2025-01-16 23:45:00.000000 UTC,https://www.kuna.net.kw/ArticleDetails.aspx?id=3215001&language=ar,كونا : تركيا: قرار الرئيس الأمريكي بيع الأسلحة إلى قبرص خطأ جسيم - الشؤون السياسية,MILITARY,CYPRUS,"Ankara, Ankara, Turkey",-2.33463035019455,70
2025-01-16 23:45:00.000000 UTC,https://www.kuna.net.kw/ArticleDetails.aspx?id=3214997&language=ar,كونا : مجلس الأمن يرحب بانتخاب رئيس للبنان وتكليف رئيس للحكومة - الشؤون السياسية,,GOVERNMENT,Lebanon,2.85714285714285,43
2025-01-17 21:00:00.000000 UTC,https://www.vetogate.com/5328866,جولة أفريقية هامة لوزير الري.. سويلم يزور 4 من دول حوض النيل... يناقش تمويل مصر للمشروعات التنموية والبنية الأساسية.. يتفقد مشروع مقاومة الحشائش بالبحيرات العظمى بأوغندا وسد مابانكانا بالكونغو,MINIST,UGANDA,"Cairo, Al Qahirah, Egypt",-0.34217279726261,90
2025-01-17 21:00:00.000000 UTC,https://www.dostor.org/4928840,وزيرة التضامن تُتابع جهود غرفة عمليات الهلال الأحمر لتنسيق إرسال المساعدات لغزة,SECRETARY OF STATE,GAZA,Egypt,3.44827586206897,70
2025-01-17 21:00:00.000000 UTC,https://www.shorouknews.com/news/view.aspx?cdate=17012025&id=8b9f9f67-9885-476a-a477-50f4eacef8cf,حكومة إسرائيل بكامل هيئتها تناقش اتفاق وقف إطلاق النار في غزة,PRESIDENT,,Qatar,-2.09059233449478,30
2025-01-17 21:15:00.000000 UTC,https://www.aljazeera.net/politics/2025/1/17/%D8%AA%D8%AF%D8%A7%D8%B9%D9%8A%D8%A7%D8%AA-%D9%81%D8%B1%D8%B6-%D8%B9%D9%82%D9%88%D8%A8%D8%A7%D8%AA-%D8%A3%D9%85%D9%8A%D8%B1%D9%83%D9%8A%D8%A9-%D8%B9%D9%84%D9%89,موقف الحكومة السودانية من العقوبات الأميركية على البرهان,WASHINGTON,JEDDAH,"Jeddah, Makkah, Saudi Arabia",-3.40909090909091,51
2025-01-17 21:15:00.000000 UTC,https://khovar.tj/ara/2025/01/53447/,انتهت الزيارة الرسمية لرئيس الجمهورية الإسلامية الإيرانية إلى جمهورية طاجيكستان,PRESIDENT,IRANIAN,Iran,0.943396226415094,42
2025-01-17 21:30:00.000000 UTC,https://www.alahednews.com.lb/article.php?id=78428&cid=113,ماكرون من قصر الصنوبر: الأيام المقبلة ستحمل تشكيل حكومة فعّالة,LEBANON,PRESIDENT,"Al Qasr Al Jumhuri, Beyrouth, Lebanon",-1.93050193050193,42
2025-01-17 21:30:00.000000 UTC,https://www.alriyadh.com/2114159,مجلس الأمن يرحب بانتخاب جوزيف عون رئيسًا للبنان وتكليف نواف سلام برئاسة الوزراء,RIYADH,LEBANON,Lebanon,2.64900662251656,51
2025-01-17 21:30:00.000000 UTC,https://www.shfanews.net/post/197125,رئيس الوزراء يجري مع نظيره البلجيكي جلسة مشاورات لدفع عملية السلام وتجسيد الدولة الفلسطينية - شبكة فلسطين للأنباء - شفا,MINIST,BELGIAN,"Gaza, Israel (general), Israel",7.32758620689655,42
2025-01-17 21:30:00.000000 UTC,http://www.elbrqnews.com/New-News/124463.html,«مجلس الأمن» يرحب بانتخاب عون رئيساً للبنان وتكليف نواف سلام برئاسة الوزراء,UNITED NATIONS,LEBANON,Lebanon,2.66678519045291,51
2025-01-17 21:45:00.000000 UTC,https://www.3yonnews.com/1930311,الرئاسة الفلسطينية: الحكومة أتمت الاستعدادات لتولي مسؤولياتها الكاملة بقطاع غزة,ISRAEL,,"World Health Organization, Al Qahirah, Egypt",1.01351351351351,70
2025-01-17 21:45:00.000000 UTC,https://palinfo.com/news/2025/01/17/935712/,رئيس وزراء قطر يكشف تفاصيل التوصل لاتفاق وقف إطلاق النار في غزة,SYRIAN,COMMANDER,"Gaza, Israel (general), Israel",-5.06329113924051,46
2025-01-17 22:00:00.000000 UTC,http://www.elbrqnews.com/New-News/124540.html,الحكومة الأردنية: سخرنا كل الإمكانيات لإسناد الأهل في غزة,JORDAN,GAZA,Jordan,-0.49751243781094,111
2025-01-17 22:15:00.000000 UTC,https://mustaqila.com/%D8%A8%D9%88%D8%AA%D9%8A%D9%86-%D9%88%D8%A7%D9%84%D8%B1%D8%A6%D9%8A%D8%B3-%D8%A7%D9%84%D8%A5%D9%8A%D8%B1%D8%A7%D9%86%D9%8A-%D9%8A%D8%B9%D8%B2%D8%B2%D8%A7%D9%86-%D8%A7%D9%84%D8%B9%D9%84%D8%A7%D9%82/,بوتين والرئيس الإيراني يعززان العلاقات الدفاعية باتفاقية مدتها 20 عامًا,RUSSIA,IRAN,Israel,-2.03442879499218,10
2025-01-17 22:45:00.000000 UTC,https://www.albawabhnews.com/5139923,الحكومة الأردنية: سخرنا كل الإمكانيات لإسناد الأهل في غزة,JORDAN,ISRAEL,Jordan,-1.03626943005181,111
2025-01-17 23:15:00.000000 UTC,https://www.mena.org.eg:443/news/dbcall/table/textnews/id/11029840,بلينكن يشيد بالدور المحوري للرئيس السيسي في التوصل لاتفاق وقف إطلاق النار بغزة - Welcome to Middle East News Agency,,GAZA,Gaza Strip,0.0,30
2025-01-17 23:15:00.000000 UTC,https://www.vetogate.com/5328713,"رئيس الوزراء يحضر افتتاح مصنع تجميع سيارات ""جيلي"" بمدينة السادس من أكتوبر.. ويتابع اللمسات النهائية لمشروع المتحف المصري الكبير.. ويستعرض ملامح منظومة الكارت الموحد لصرف الدعم التمويني",,MINIST,"Giza, Al Jizah, Egypt",4.05117270788912,43
2025-01-17 23:30:00.000000 UTC,http://www.elbrqnews.com/New-News/124641.html,رئيس الإمارات يتلقى اتصالا هاتفيا من الشرع,REPRESENTATIVES,,"Damascus, Dimashq, Syria",1.88679245283019,46
2025-01-18 00:00:00.000000 UTC,http://www.elbrqnews.com/New-News/124676.html,إعلام إسرائيلي: الحكومة صادقت على صفقة التبادل مع حماس بأغلبية 24 وزيرا ومعارضة 8,GOVERNMENT,,Gaza Strip,-2.74725274725274,26
2025-01-18 01:00:00.000000 UTC,https://www.al-binaa.com/archives/423724,قمّة لبنانيّة ـ فرنسيّة ثمّ اجتماع رباعيّ في القصر الجمهوري / عون لماكرون: لانسحاب «إسرائيل» ضمن المهلة المتفق عليها /الرئيس الفرنسيّ: سننظم مؤتمراً دوليّاً لحشد التمويل لإعادة إعمار لبنان - جريدة البناء | Al-binaa Newspaper,PRESIDENT,FRENCH,"Baabda, Mont-Liban, Lebanon",-0.37593984962406,43
2025-01-18 09:15:00.000000 UTC,https://anbaaonline.com/news/272871,حكومة نتنياهو تصادق على الصفقة.. والتنفيذ غداً بمواكبة الوسطاء - جريدة الأنباء الإلكترونية,GAZA,ISRAEL,"Gaza, Israel (general), Israel",-1.60857908847185,43
2025-01-18 10:15:00.000000 UTC,https://www.mtv.com.lb/News/%D9%85%D8%AD%D9%84%D9%8A%D8%A7%D8%AA/1540631/%D8%A3%D8%A8%D9%8A-%D8%B1%D9%85%D9%8A%D8%A7-%D9%8A%D9%83%D8%B4%D9%81-%D8%AA%D9%81%D8%A7%D8%B5%D9%8A%D9%84-%D8%B9%D9%86-%D8%B4%D9%83%D9%84-%D8%A7%D9%84%D8%AD%D9%83%D9%88%D9%85%D8%A9,أبي رميا يكشف تفاصيل عن شكل الحكومة,FRENCH,PRESIDENT,Lebanon,-1.89701897018971,40
2025-01-18 21:30:00.000000 UTC,https://www.shorouknews.com/news/view.aspx?cdate=18012025&id=c54db001-3eac-4858-853a-ee8679a82656,وزير الخارجية: ما حدث في 7 أكتوبر سببه غياب الأفق السياسي ما أدى إلى الانفجار,ISRAEL,EGYPT,"Ismailia, Al Isma‘iliyah, Egypt",-3.82978723404255,71
2025-01-18 21:30:00.000000 UTC,http://www.elbrqnews.com/New-News/127394.html,وزير الخارجية: مصر لن تسمح بتقسيم سوريا,EGYPT,SYRIA,Egypt,-3.31491712707183,120
2025-01-18 21:30:00.000000 UTC,http://www.elbrqnews.com/New-News/127395.html,وزير الخارجية: هناك تشاور مستمر مع تركيا تجاه القضايا الإقليمية ولدينا مصالحنا يجب الحفاظ عليها,TURKEY,EGYPT,Egypt,1.99004975124378,40
2025-01-18 21:30:00.000000 UTC,https://www.dostor.org/4930057,وزير الخارجية: مصر استضافت أكثر من 2000 مصاب فلسطينى للعلاج فى مستشفياتها,PALESTINIAN,EGYPT,Egypt,-2.23214285714286,42
2025-01-18 21:30:00.000000 UTC,https://www.okaz.com.sa/articles/authors/2178542,تحية لجمهورية أيرلندا شعباً وحكومة..,ISRAEL,DUBLIN,"Gaza, Israel (general), Israel",1.37551581843191,161
2025-01-18 22:00:00.000000 UTC,http://www.elbrqnews.com/New-News/127476.html,وزير الخارجية: السلطة الفلسطينية ستتولى مسئولية غزة .. ومصر ستدعو لمؤتمر لإعادة إعمار القطاع,EGYPT,,"Gaza, Israel (general), Israel",3.84615384615385,26
2025-01-18 22:00:00.000000 UTC,http://www.elbrqnews.com/New-News/127481.html,وزير الخارجية يكشف تفاصيل تجربة مصر المريرة بشأن السد الإثيوبي.. 13 عاما,ETHIOPIAN,,Egypt,5.05050505050505,30
2025-01-18 22:30:00.000000 UTC,https://www.almanar.com.lb/13046585,أولى نتائج وقف إطلاق النار.. بن غفير ينسحب من الحكومة والصهاينة يصفون الاتفاق بـ”الاستسلام”,GOVERNMENT,,"Tel Aviv, Tel Aviv, Israel",-3.65630712979891,831
2025-01-18 22:45:00.000000 UTC,http://www.elbrqnews.com/New-News/127545.html,رئيس الأركان الإسرائيلي: الوضع الأمني في غزة أفضل مما قبل 7 أكتوبر,ISRAELI,GAZA,"Jerusalem, Israel (general), Israel",0.0,42
2025-01-18 22:45:00.000000 UTC,https://kuwaitnews.com/99276/,الرئيس الفلسطيني: مستعدون لاستلام المعابر في غزة,FRANCE,SAUDI ARABIA,"Jerusalem, Israel (general), Israel",-1.4218009478673,60
2025-01-18 22:45:00.000000 UTC,http://www.elbrqnews.com/New-News/127530.html,برلماني يكشف عن حقيقة تشريع قانون يُتيح مراقبة الهاتف,PARLIAMENT,CRIMINAL,Egypt,-3.26071728775567,40
2025-01-18 22:45:00.000000 UTC,https://ar.webmanagercenter.com/2025/01/18/394524/%D8%B9%D8%A8%D8%A7%D8%B3-%D8%A7%D9%84%D8%AD%D9%83%D9%88%D9%85%D8%A9-%D8%A7%D9%84%D9%81%D9%84%D8%B3%D8%B7%D9%8A%D9%86%D9%8A%D8%A9-%D8%AC%D8%A7%D9%87%D8%B2%D8%A9-%D9%84%D8%AA%D9%88%D9%84%D9%8A-%D9%85/,عباس: الحكومة الفلسطينية جاهزة لتولي مسؤوليتها في قطاع غزة.. - المصدر تونس,THE US,GAZA,Qatar,1.15942028985507,30
2025-01-18 22:45:00.000000 UTC,https://kuwaitnews.com/99280/,وزير الخارجية المصري: 600 شاحنة مساعدات إنسانية ستدخل غزة يوميا مع بدء الهدنة,UNITED STATES,,"Mabar Rafah, , Egypt",1.85758513931889,120
2025-01-18 22:45:00.000000 UTC,https://www.annaharkw.com/annahar/Article.aspx?id=1010894,رئيس الإمارات للشرع: ندعم تحقيق تطلعات الشعب السوري,JOURNALIST,,"Damascus, Dimashq, Syria",2.36363636363636,51
2025-01-18 22:45:00.000000 UTC,https://www.annaharkw.com/annahar/Article.aspx?id=1010870,وزيرة الشؤون: خطة شاملة لدعم حقوق ذوي الإعاقة,WORKER,CABINET,Kuwait,1.67785234899329,50
2025-01-18 23:30:00.000000 UTC,https://www.dostor.org/4930104,وزير التموين يكشف معايير حذف غير المستحقين من البطاقات,CITIZEN,,Egypt,2.0,42
2025-01-18 23:30:00.000000 UTC,https://www.kuna.net.kw/ArticleDetails.aspx?id=3215214&language=ar,"كونا : الرئيس التركي: سنتخذ قريبا خطوات جذرية ضد المسلحين الأكراد لمنع ""سيناريوهات جديدة"" في سوريا - الشؤون السياسية",SYRIA,,Syria,1.12994350282486,32
2025-01-18 23:30:00.000000 UTC,https://www.raya.ps/news/1188587.html,توزيع منحة الرئيس عباس لطلبة أبناء اللاجئين الفلسطينيين في الجامعات العراقية,STUDENT,AMBASSADOR,Iraq,0.70175438596491,40
2025-01-19 04:45:00.000000 UTC,https://www.tayyar.org/News/Lebanon/648470/_guid=648470,النهار المشاورات الأولية تتجه الى تأكيد مشاركة الثنائي في الحكومة,GOVERNMENT,NAWAF SALAM,Lebanon,-0.42016806722689,43
2025-01-19 20:00:00.000000 UTC,https://www.madamasr.com/2025/01/19/news/u/%D8%AA%D8%B5%D8%B1%D9%8A%D8%AD%D8%A7%D8%AA-%D9%84%D9%88%D8%B2%D9%8A%D8%B1-%D8%A7%D9%84%D8%AA%D9%85%D9%88%D9%8A%D9%86-%D8%AA%D9%83%D8%B4%D9%81-%D8%A7%D8%B3%D8%AA%D8%A8%D8%B9%D8%A7%D8%AF-%D9%85%D9%84/,تصريحات لوزير التموين تكشف استبعاد مليون مواطن من دعم الخبز |«حماة الوطن» يحتفل «بوقف إطلاق النار».. بوقفة تأييد لـلرئيس,EGYPTIAN,EGYPT,"Alexandria, Al Iskandariyah, Egypt",0.27027027027027,46
2025-01-19 20:15:00.000000 UTC,http://www.elbrqnews.com/New-News/130491.html,الحكومة الفلسطينية تنهي الاستعدادات لتولي مسئولياتها الكاملة في غزة,ISRAEL,,"Gaza, Israel (general), Israel",-1.9193857965451,73
2025-01-19 20:15:00.000000 UTC,https://qudspress.com/176196/,غزة.. الداخلية: أجهزتنا انتشرت في الشوارع الرئيسية - وكالة قدس برس للأنباء,GAZA,ISRAEL,"Mabar Rafah, , Egypt",-1.9047619047619,30
2025-01-19 20:30:00.000000 UTC,http://www.elbrqnews.com/New-News/130500.html,وزير التعليم العالي يعلن صدور عدة قرارات جمهورية بتعيين قيادات جامعية جديدة,MINIST,,"Alexandria, Al Iskandariyah, Egypt",1.35933806146572,12
2025-01-19 20:30:00.000000 UTC,https://www.alriyadh.com/2114359,الرئيس الفلسطيني يقلد سفير المملكة غير المقيم لدى دولة فلسطين وسام نجمة القدس,CROWN PRINCE,PALESTINE,"Jerusalem, Israel (general), Israel",10.2564102564103,42
2025-01-19 20:30:00.000000 UTC,https://www.albawabhnews.com/5141105,الحكومة العراقية تبحث الاستعدادات لعقد القمة العربية المقبلة في بغداد,IRAQ,IRAQI,"Baghdad, Baghdad, Iraq",1.14942528735632,20
2025-01-19 20:30:00.000000 UTC,https://www.albawabhnews.com/5141093,الحكومة الفلسطينية تنهي الاستعدادات لتولي مسئولياتها الكاملة في غزة,GAZA,,"Jerusalem, Israel (general), Israel",-1.953125,73
2025-01-19 20:30:00.000000 UTC,https://kassioun.org/more-categories/labor-affairs/item/82084-2025-01-19-19-33-17,«حكومة تصريف أعمال مو تسريح عمال»,GOVERNMENT,WORKER,Syria,-5.63380281690141,51
2025-01-19 20:45:00.000000 UTC,https://www.shorouknews.com/news/view.aspx?cdate=19012025&id=7d8e02ca-9f74-4fac-9047-05cbe202c56e,وزير الثقافة يتفقد قاعات معرض القاهرة الدولي للكتاب في دورته الـ56 قبل أيام من افتتاحه,MINIST,CAIRO,"Cairo International, Al Qahirah, Egypt",4.92831843481194,90
2025-01-19 21:00:00.000000 UTC,https://www.elwatannews.com/news/details/7793147,متحدث «الصحة»: هناك تكليفات من الرئيس السيسي بتقديم كل أوجه الدعم لأهالي غـزة,GAZA,,"Wizarat As Sihhah, Al Qahirah, Egypt",4.06976744186046,50
2025-01-19 21:00:00.000000 UTC,https://www.shorouknews.com/news/view.aspx?cdate=19012025&id=f1684600-e17b-433e-ae5e-6e7daf89cc20,وزير الصحة: سيارات الإسعاف جاهزة لنقل الجرحى من قطاع غزة لتلقي العلاج في مصر,PALESTINIAN,,"Wizarat As Sihhah, Al Qahirah, Egypt",-2.85714285714286,10
2025-01-19 21:15:00.000000 UTC,https://www.shorouknews.com/news/view.aspx?cdate=19012025&id=bdb7b73f-199b-4047-a061-6ad33ae1cd7a,وزير الخارجية والهجرة يعقد لقاء مع ممثلي الجالية المصرية في بلجيكا ولوكسمبورج,EGYPTIAN,REPRESENTATIVES,"Wizarat Al Kharijiyah, Al Qahirah, Egypt",2.62008733624455,46
2025-01-19 21:30:00.000000 UTC,http://www.elbrqnews.com/New-News/130694.html,وزير الخارجية يلتقي الجالية المصرية في بلجيكا ولوكسمبورج,FOREIGN MINIST,EGYPTIAN,"Wizarat Al Kharijiyah, Al Qahirah, Egypt",1.93798449612404,40
2025-01-19 21:45:00.000000 UTC,https://www.almanar.com.lb/13050446,أيهما أفضل للبنان: أداء الحكومة أم شكلها؟,LEBANON,,Lebanon,3.23383084577114,20
2025-01-19 22:00:00.000000 UTC,https://www.alanba.com.kw/1291926,وزير الإعلام اختيار الكويت عاصمة للثقافة العربية لعام 2025 فرصة ثمينة لتسليط الضوء على إنجازاتها,,PRINCE,Kuwait,6.09981515711645,51
2025-01-19 22:00:00.000000 UTC,http://www.elbrqnews.com/New-News/130763.html,وزير البترول: ارتفاع حجم مبيعات الشركة من بنزين 95 بنسبة 31%,COMPANY,,"Helwan, Egypt (general), Egypt",1.16959064327485,46
2025-01-19 22:00:00.000000 UTC,http://www.elbrqnews.com/New-News/130777.html,وزير الخارجية يلتقي مع ممثلى الجالية المصرية في بلجيكا ولوكسمبورج,REPRESENTATIVES,MINIST,"Wizarat Al Kharijiyah, Al Qahirah, Egypt",3.03030303030303,40
2025-01-19 22:15:00.000000 UTC,https://www.kuna.net.kw/ArticleDetails.aspx?id=3215325&language=ar,كونا : وزير خارجية بريطانيا يرحب بإطلاق سراح الأسيرات الثلاث في غزة - الشؤون السياسية,MINIST,PRISONER,"Gaza, Israel (general), Israel",-0.73529411764706,51
2025-01-19 22:15:00.000000 UTC,https://www.kuna.net.kw/ArticleDetails.aspx?id=3215320&language=ar,كونا : نائب رئيس الامارات: دور مهم للقيادات العربية الشابة في تحقيق مستقبل مجتمعاتها وتطلعاتها - الشؤون السياسية,UNITED ARAB EMIRATES,CABINET,Egypt,4.3010752688172,51
2025-01-19 22:30:00.000000 UTC,https://www.alsahwa-yemen.net/p-80477,الحكومة تندد باستمرار جرائم الحوثي بحق النساء وتطالب بسرعة إطلاق المختطفات,GOVERNMENT,,Yemen,-12.3376623376624,111
2025-01-19 22:30:00.000000 UTC,https://almadapaper.net/393320/,وزير الدفاع السوري يرفض احتفاظ الأكراد بتكتل خاص داخل الجيش,MINIST,KURD,"Damascus, Dimashq, Syria",-0.5730659025788,120
2025-01-19 23:30:00.000000 UTC,https://www.albawabhnews.com/5141144,وزير الأمن القومي الإسرائيلي المُستقيل: عودة الرهائن ينبغي أن تكون بالقوة وليس بالاستسلام,MINIST,ISRAELI,Turkey,-6.86546882077608,831
2025-01-20 21:30:00.000000 UTC,http://www.elbrqnews.com/New-News/134162.html,"رئيس يشغل العالم.. ""ترامب 2025"" عاصفة التغيير ومستقبل أمريكا.. السياسة الخارجية الأمريكية تواجه تحديات المشروع النووي الإيراني.. وتعهدات بإنهاء الحرب في أوكرانيا وحل النزاعات الإقليمية",IRAQ,,"Tehran, Tehran, Iran",-3.47670427036807,190
2025-01-20 21:30:00.000000 UTC,http://www.elbrqnews.com/New-News/134163.html,6 آلاف معلم بالمنيا يستنجدون بالرئيس لحل أزمتهم,PRESIDENT,,"Muhafazat Al Minya, Al Minya, Egypt",-2.05949656750572,50
2025-01-20 21:30:00.000000 UTC,http://www.elbrqnews.com/New-News/134156.html,وزير الزراعة: مبادرة مستقبل وطن لسداد ديوان المزارعين تسهم في مساندة الفلاح,FARMER,,"Cairo, Al Qahirah, Egypt",5.83657587548638,70
2025-01-20 21:30:00.000000 UTC,https://www.dostor.org/4932995,«فيلا بـ30 مليون».. والد زيزو لرئيس الزمالك بعد فشل جلسة التجديد: «معاكم ليوم الخميس»,EGYPT,,"Cairo, Al Qahirah, Egypt",-0.88757396449705,41
2025-01-20 21:30:00.000000 UTC,https://3yonnews.com/1930609,وفد المملكة يلتقي مؤسس ورئيس منتدى الاقتصادي العالمي,UNITED KINGDOM,,"Riyadh, Ar Riya?, Saudi Arabia",1.79372197309417,36
2025-01-20 21:30:00.000000 UTC,https://www.kuna.net.kw/ArticleDetails.aspx?id=3215466&language=ar,كونا : الرئيس التركي يؤكد ضرورة وصول المساعدات الإنسانية إلى غزة بلا انقطاع - الشؤون السياسية,GAZA,,"Ankara, Ankara, Turkey",0.33557046979865,10
2025-01-20 21:30:00.000000 UTC,http://www.elbrqnews.com/New-News/134159.html,"رئيس يشغل العالم.. ""ترامب 2025"" عاصفة التغيير ومستقبل أمريكا.. عصر جديد من التحالفات والصراعات في الشرق الأوسط",SAUDI ARABIA,,"Gaza, Israel (general), Israel",-4.08875617536418,20
2025-01-20 21:45:00.000000 UTC,https://www.almasryalyoum.com/news/details/3357578,رئيس جامعة المنوفية يرافق وزير التعليم العالي خلال تفقده معبر رفح لاستقبال جرحى غزة | المصري اليوم,ISRAEL,GAZA,"Gaza, Israel (general), Israel",-4.86486486486487,30
2025-01-20 21:45:00.000000 UTC,http://zamnpress.com/news/138599,سموتريتش يهاجم صفقة الأسرى ويدعو لإقالة رئيس الأركان الإسرائيلي,ISRAEL,HAMAS,Iran,-6.17977528089888,42
2025-01-20 21:45:00.000000 UTC,http://zamnpress.com/news/138601,كاتس يوجه رئيس أركان الاحتلال: منع الاحتفالات الفلسطينية بتحرير الأسرى بكل الوسائل,ARMY,HAMAS,West Bank,-4.41988950276243,30
2025-01-20 22:00:00.000000 UTC,https://www.nile.eg/%D9%88%D8%B2%D9%8A%D8%B1-%D8%A7%D9%84%D8%B7%D9%8A%D8%B1%D8%A7%D9%86-%D9%8A%D9%84%D8%AA%D9%82%D9%89-%D9%88%D9%81%D8%AF%D8%A7-%D8%A5%D9%85%D8%A7%D8%B1%D8%A7%D8%AA%D9%8A%D8%A7-%D9%84%D9%85%D9%86%D8%A7,النيل – قناة مصر الإخبارية | وزير الطيران يلتقى وفدا إماراتيا لمناقشة تطوير البنية التحتية بقطاع المطارات,EMIRATI,EGYPT,"Dubai, Dubayy, United Arab Emirates",3.8560411311054,40
2025-01-20 22:00:00.000000 UTC,https://www.alriyadh.com/2114561,ريما بنت بندر تحضر حفل تنصيب الرئيس الأمريكي دونالد ترامب,RIYADH,PRESIDENT,"Riyadh, Ar Riya?, Saudi Arabia",5.57768924302789,17
2025-01-20 22:00:00.000000 UTC,https://www.nile.eg/%D9%88%D8%B2%D9%8A%D8%B1-%D8%A7%D9%84%D8%AE%D8%A7%D8%B1%D8%AC%D9%8A%D8%A9-%D9%88%D8%A7%D9%84%D9%87%D8%AC%D8%B1%D8%A9-%D9%8A%D8%B4%D9%8A%D8%AF-%D8%A8%D8%A7%D9%84%D8%B9%D9%84%D8%A7%D9%82%D8%A7%D8%AA,النيل – قناة مصر الإخبارية | وزير الخارجية والهجرة يشيد بالعلاقات المصرية – الأوروبية,FOREIGN MINIST,EUROPEAN,Syria,3.45821325648415,51
2025-01-20 22:15:00.000000 UTC,https://www.annaharkw.com/annahar/Article.aspx?id=1011137,مساعد وزير الخارجية: الكويت وكندا تعاون مثمر وصداقة تاريخية,CANADIAN,CANADA,Kuwait,4.81481481481482,51
2025-01-20 22:15:00.000000 UTC,https://www.annaharkw.com/annahar/Article.aspx?id=1011066,وزيرة الأشغال: 18 ممارسة كبرى لصيانة الطرق,PREACHER,COMPANY,Kuwait,0.0,186
2025-01-20 22:30:00.000000 UTC,https://www.saidaonline.com/298811,ميقاتي: معظم الكتل الكبيرة تواصلت معي وأخبرتني أنها ستسميني لرئاسة الحكومة وحصل بعدها مزاج سياسي يقتضي باختيار رئيس حكومة جديد | صيدا اون لاين,LEBANON,,"Akkar, AakkâLE, Lebanon",-0.70671378091873,10
2025-01-20 22:30:00.000000 UTC,https://sarabic.ae/20250120/%D8%A5%D8%B9%D9%84%D8%A7%D9%85-%D8%A3%D9%85%D8%B1%D9%8A%D9%83%D9%8A-%D9%8A%D8%B5%D9%81-%D8%A8%D9%84%D9%8A%D9%86%D9%83%D9%86-%D8%A8%D9%80%D9%88%D8%B2%D9%8A%D8%B1-%D8%A7%D9%84%D8%AD%D8%B1%D8%A8-1096984669.html,"إعلام أمريكي يصف بلينكن بـ""وزير الحرب""",MEDIA,MINIST,Israel,-7.36842105263158,10
2025-01-20 22:45:00.000000 UTC,https://www.albawabhnews.com/5141754,البطريرك يونان يهنئ الرئيس اللبناني جوزاف عون بانتخابه بالقصر الجمهوري في بعبدا,LEBANESE,,"Al Qasr Al Jumhuri, Beyrouth, Lebanon",4.75954012657754,14
2025-01-20 23:00:00.000000 UTC,https://www.vetogate.com/5330948,وزير التعليم العالي يكشف خطة المستشفيات الجامعية لاستقبال جرحى غزة، تجهيز أطقم طبية كاملة من أعضاء هيئة التدريس حال الضرورة، رفع مهارات الكوادر الطبية والتمريضية,MINIST,HOSPITAL,"El Arish, Shamal Sina', Egypt",2.21914008321776,46
2025-01-20 23:00:00.000000 UTC,https://www.emaratalyoum.com/local-section/other/2025-01-21-1.1914456,رئيس الدولة ونائباه يهنئون دونالد ترامب بأدائه اليمين الدستورية,DEPUTIES,UNITED ARAB EMIRATES,"Dubai, Dubayy, United Arab Emirates",8.23970037453183,51
2025-01-20 23:15:00.000000 UTC,https://www.albiladpress.com/news/2025/5943/bahrain/898403.html,سمو ولي العهد رئيس مجلس الوزراء يهنئ الرئيس دونالد ترامب بمناسبة أدائه اليمين الدستورية رئيساً للولايات المتحدة الأمريكية,CROWN PRINCE,,Bahrain,15.3439153439153,51
2025-01-20 23:30:00.000000 UTC,https://alfajertv.com/news/palnews/672680.html,وزير جيش الاحتلال يصدر أمراً بمنع الاحتفالات الفلسطينية بتحرير الأسرى واستهداف كل مسلح يشارك بها - تلفزيون الفجر,MARCHE,WEST BANK,Israel,-3.21285140562249,841
2025-01-20 23:45:00.000000 UTC,https://www.al-binaa.com/archives/423901,عون التقى آرام ويونان وميناسيان وسفير الصين ومهنّئين: تشكيل الحكومة بأسرعِ وقت دليل أننا على السكّة الصحيحة - جريدة البناء | Al-binaa Newspaper,,CHINA,"Baabda, Mont-Liban, Lebanon",5.57768924302788,13
2025-01-20 23:45:00.000000 UTC,https://www.ammonnews.net/article/898886,صحيفة عمون : الشرع يهنئ ترامب بتنصيبه رئيسًا للولايات المتحدة,SYRIAN,,Syria,1.16279069767442,70
2025-01-20 23:45:00.000000 UTC,https://www.shfanews.net/post/197500,د. مجدلاني : ينعى وزير الدولة لشؤون الإغاثة ويقدم التعازي لرئيس ومجلس الوزراء - شبكة فلسطين للأنباء - شفا,PRESIDENT,,Israel,0.0,18
2025-01-21 22:00:00.000000 UTC,http://www.elbrqnews.com/New-News/137790.html,تفاصيل استقالة رئيس أركان جيش الاحتلال من منصبه.. اعترف بإخفاقاته,PRESIDENT,,"Jerusalem, Israel (general), Israel",-4.79452054794521,831
2025-01-21 22:00:00.000000 UTC,https://www.saidaonline.com/298856,سلام من بعبدا: تأليف الحكومة يسير بخطى ثابتة ونعمل مع الرئيس على ألا يتأخر والمال ليست حكرًا على طائفة | صيدا اون لاين,MALE,,"Baabda, Mont-Liban, Lebanon",-4.21940928270042,172
2025-01-21 22:00:00.000000 UTC,https://www.aljazeera.net/politics/2025/1/21/%D9%85%D9%88%D8%AC%D8%A9-%D8%A7%D8%B3%D8%AA%D9%86%D9%83%D8%A7%D8%B1-%D8%A8%D8%B9%D8%AF-%D8%AA%D9%85%D8%B1%D9%8A%D8%B1-%D8%A7%D9%84%D8%A8%D8%B1%D9%84%D9%85%D8%A7%D9%86,موجة استنكار بعد تمرير البرلمان العراقي 3 قوانين مثيرة للجدل,HOUSE OF REPRESENTATIVES,,"Muhammad Khalil, Sala? ad Din, Iraq",-3.33904109589042,51
2025-01-21 22:00:00.000000 UTC,https://www.kuna.net.kw/ArticleDetails.aspx?id=3215660&language=ar,"كونا : رئيس الحكومة اللبنانية المكلف: تشكيل الحكومة الجديدة يسير ""بخطى ثابتة"" - الشؤون السياسية",GOVERNMENT,LEBANESE,"Baabda, Mont-Liban, Lebanon",-2.37154150197628,40
2025-01-21 22:15:00.000000 UTC,https://www.alriyadh.com/2114744,وزير الخارجية: أخطط لزيارة لبنان هذا الأسبوع,MINIST,SYRIAN,Syria,0.69444444444444,40
2025-01-21 22:15:00.000000 UTC,https://www.shorouknews.com/news/view.aspx?cdate=21012025&id=b4165a3e-7eb0-4d46-b94f-513c541611d4,تركيا تلقي القبض على رئيس حزب يميني متطرف بتهمة التحريض على العنف,IMMIGRANT,TURKISH,"Istanbul, Istanbul, Turkey",-9.92907801418437,43
2025-01-21 22:15:00.000000 UTC,https://www.alriyadh.com/2114773,القصبي يجتمع بوزير التجارة والصناعة القطري ومسؤولي شركات عالمية في دافوس,MINIST,RIYADH,Qatar,2.96296296296296,40
2025-01-21 22:15:00.000000 UTC,https://maqar.com/archives/699265,رئيس أركان جيش الاحتلال: إعادة المحتجزين أهم أهداف الحرب على غزة - صحيفة المقر,HASSAN,,Israel,-5.33333333333334,190
2025-01-21 22:45:00.000000 UTC,http://www.elbrqnews.com/New-News/137878.html,وزير الخارجية القطري: نأمل أن يسهم وقف إطلاق النار بغزة في استقرار المنطقة,ISRAEL,CABINET,"Gaza, Israel (general), Israel",0.0,10
2025-01-21 22:45:00.000000 UTC,https://www.saidaonline.com/298862,الأساتذة المتعاقدون في التعليم الاساسي: لماذا يرفض وزير التربية تسجيل الطلاب السوريين في المدارس الرسمية ولكنه يغطي نقلهم إلى الجمعيات؟ | صيدا اون لاين,MINISTRY,STUDENT,Lebanon,-0.97323600973236,120
2025-01-21 23:00:00.000000 UTC,https://www.3yonnews.com/1930766,"وزير الصناعة يلتقي قادة شركات صناعية وتعدينية عالمية في ""دافوس 2025""",UNITED KINGDOM,DAVOS,Egypt,2.93040293040293,43
2025-01-21 23:15:00.000000 UTC,https://cedarnews.net/folders/lebanon/808665/%D8%A7%D9%84%D8%AD%D9%83%D9%88%D9%85%D8%A9-%D9%88%D8%B4%D9%8A%D9%83%D8%A9-%D9%88%D8%A3%D8%B3%D9%85%D8%A7%D8%A1-%D8%A7%D9%84%D9%88%D8%B2%D8%B1%D8%A7%D8%A1-%D9%82%D9%8A%D8%AF-%D8%A7%D9%84%D8%AA%D8%AF/,الحكومة وشيكة وأسماء الوزراء قيد التداول والصراع على «الحقائب» مفتوح,KUWAIT,PRESIDENT,Kuwait,-1.61904761904762,42
2025-01-21 23:15:00.000000 UTC,https://www.albayan.ae/news/uae/foreign-affairs/22404,صقر غباش ورئيس مجلس الدولة العماني يبحثان تعزيز التعاون البرلماني,PRESIDENT,OMAN,Oman,5.22388059701492,40
2025-01-22 11:30:00.000000 UTC,https://www.albiladpress.com/news/2025/5945/spaces/898654.html,زواج القاصرات والعفو العام.. فوضى وجدل في برلمان العراق,IRAQI,IRAQI,Iraq,-3.59550561797753,40
2025-01-22 21:30:00.000000 UTC,https://alkhabarnow.net/news/%D9%88%D8%B2%D9%8A%D8%B1-%D8%A7%D9%84%D8%AF%D9%81%D8%A7%D8%B9-%D8%A7%D9%84%D8%B3%D9%88%D8%B1%D9%8A-%D9%84%D8%A7-%D9%8A%D8%B3%D8%AA%D8%A8%D8%B9%D8%AF-%D8%A7%D8%B3%D8%AA%D8%AE%D8%AF%D8%A7%D9%85-%D8%A7/30875/,"وزير الدفاع السوري لا يستبعد استخدام ""القوة"" مع الأكراد، وهجمات قاتلة لـ ""فلول النظام"" - صحيفة الخبر",UNITED NATIONS,DIPLOMAT,"Damascus, Dimashq, Syria",-2.41046831955923,13
2025-01-22 21:30:00.000000 UTC,https://www.dostor.org/4936005,مشيرة خطاب: مصر تخطو بثبات في تعزيز حقوق الإنسان تحت قيادة الرئيس السيسي,MEDIA,,"Wizarat Ad Dakhiliyah, Al Qahirah, Egypt",3.16205533596838,26
2025-01-22 21:30:00.000000 UTC,https://slaati.com/2025/01/22/p2620366.html,رئيسة وزراء إيطاليا تزور المملكة لتعزيز التعاون الثنائي,PRINCE,,"Jeddah, Makkah, Saudi Arabia",2.97029702970297,46
2025-01-22 21:45:00.000000 UTC,https://www.alanba.com.kw/1292471,النائب الأول بحث مع نائب رئيس الأركان الإماراتي التعاون العسكري,KUWAIT,,Kuwait,2.51256281407035,1384
2025-01-22 21:45:00.000000 UTC,https://www.shorouknews.com/news/view.aspx?cdate=22012025&id=d1195908-2ca0-4e9b-957f-1693b766d69e,وزير خارجية التشيك يعرب تقديره الكبير لدور مصر المحوري في إبرام اتفاق وقف إطلاق النار في غزة,CZECH REPUBLIC,EGYPT,"Gaza, Israel (general), Israel",4.85074626865672,51
2025-01-22 21:45:00.000000 UTC,https://www.alanba.com.kw/1292415,رئيس التحرير بحث مع سفير التشيك التعاون الإعلامي,AMBASSADOR,CZECH REPUBLIC,Kuwait,5.85585585585586,90
2025-01-22 21:45:00.000000 UTC,https://elaph.com/Web/NewsPapers/2025/01/1559189.html,ماذا يعني اتصال الشرع برئيس الإمارات؟,,HEAD OF STATE,"Damascus, Dimashq, Syria",-1.11111111111111,46
2025-01-22 22:00:00.000000 UTC,https://www.alweeam.com.sa/1122972/2025/%D9%88%D8%B2%D9%8A%D8%B1-%D8%A7%D9%84%D8%A7%D9%82%D8%AA%D8%B5%D8%A7%D8%AF-%D8%A7%D9%84%D8%A7%D8%B3%D8%AA%D8%AB%D9%85%D8%A7%D8%B1-%D9%81%D9%8A-%D8%A7%D9%84%D8%A5%D9%86%D8%B3%D8%A7%D9%86-%D9%87%D9%88/,وزير الاقتصاد: الاستثمار في الإنسان هو أساس تحقيق النمو المستدام في المملكة - الوئام,DAVOS,,Saudi Arabia,7.52688172043011,40
2025-01-22 22:00:00.000000 UTC,http://www.elbrqnews.com/New-News/141349.html,رئيس حي منشأة ناصر. يتابع احتياجات وطلبات المواطنين ويوجه بتوفير كافة الخدمات المجتمعية بشكل راقي ومتكامل,PROFESSOR,NEIGHBORHOOD,"Cairo, Al Qahirah, Egypt",-0.8421052631579,42
2025-01-22 22:15:00.000000 UTC,https://kuwaitnews.com/99500/,نائب رئيس الأركان الكويتي يشيد بعمق العلاقات الكويتية - الإماراتية,DEPUTY,KUWAIT,Kuwait,3.37552742616033,51
2025-01-22 22:15:00.000000 UTC,https://www.kuna.net.kw/ArticleDetails.aspx?id=3215823&language=ar,كونا : الحكومة اليمنية: إطلاق سراح البحارة متأخر وليس إنجازا إنسانيا للحوثيين - الشؤون السياسية,YEMENI,MILITIA,Yemen,-5.10510510510511,130
2025-01-22 22:30:00.000000 UTC,https://3yonnews.com/1930903,وزير الاقتصاد ونظيره الإسباني يناقشان أعمال اللجنة السعودية الإسبانية المشتركة,SPANISH,SAUDI ARABIA,Egypt,0.694444444444444,40
2025-01-22 22:45:00.000000 UTC,http://www.elbrqnews.com/New-News/141410.html,رئيس شركة نقل الكهرباء تتفقد مشروع الربط الكهربائي بين مصر والسعودية بطابا,MINIST,EGYPTIAN,"Riyadh, Ar Riya?, Saudi Arabia",0.40322580645161,42
2025-01-22 22:45:00.000000 UTC,http://www.elbrqnews.com/New-News/141422.html,وزير الخارجية العراقي يدعو الشركات البرتغالية إلى الإسهام في مشاريع إعادة الإعمار بالعراق,IRAQI,IRAQ,"Baghdad, Baghdad, Iraq",0.84033613445378,70
2025-01-22 23:00:00.000000 UTC,https://www.alwatan.com.sa/article/1159958,وزير الخارجية: لم نتخذ قرارا نهائيا للانضمام إلى بريكس,FINANCE MINIST,,"Jubail, Ash Sharqiyah, Saudi Arabia",4.06162464985995,173
2025-01-22 23:45:00.000000 UTC,https://cedarnews.net/folders/lebanon/809217/%D8%AD%D9%83%D9%88%D9%85%D8%A9-24-%D9%88%D8%B2%D9%8A%D8%B1%D8%A7%D9%8B-%D9%85%D9%86-%D8%BA%D9%8A%D8%B1-%D8%A7%D9%84%D8%AD%D8%B2%D8%A8%D9%8A%D9%8A%D9%86-%D9%84%D9%84%D8%A5%D9%81%D8%A7%D8%AF%D8%A9/,حكومة 24 وزيراً من غير الحزبيين للإفادة من الدعم الدولي,STUDENT,,"Baabda, Mont-Liban, Lebanon",-2.62329485834207,46
2025-01-22 23:45:00.000000 UTC,https://cedarnews.net/folders/bbc/809188/%D9%88%D8%B2%D9%8A%D8%B1-%D8%A7%D9%84%D8%AF%D9%81%D8%A7%D8%B9-%D8%A7%D9%84%D8%B3%D9%88%D8%B1%D9%8A-%D9%84%D8%A7-%D9%8A%D8%B3%D8%AA%D8%A8%D8%B9%D8%AF-%D8%A7%D8%B3%D8%AA%D8%AE%D8%AF%D8%A7%D9%85-%D8%A7/,وزير الدفاع السوري لا يستبعد استخدام “القوة” مع الأكراد، وهجمات قاتلة لـ “فلول النظام”,MINIST,REUTERS,"Damascus, Dimashq, Syria",-2.26182316655244,42
2025-01-22 23:45:00.000000 UTC,https://sabq.org/saudia/zxgiemk4j0,ولي العهد يُهنِّئ الرئيس الأمريكي ويبحث تعزيز التعاون في المجالات الاقتصادية والأمنية,PRESIDENT,,Saudi Arabia,7.42893811755393,51
2025-01-22 23:45:00.000000 UTC,http://www.elbrqnews.com/world/141494.html,ولي العهد والرئيس الأمريكي يبحثان هاتفياً تعزيز التعاون بين البلدين,PRESIDENT,,Saudi Arabia,5.26315789473684,40
2025-01-23 01:00:00.000000 UTC,http://www.elbrqnews.com/New-News/141549.html,ولي العهد للرئيس الأمريكي: توسيع استثمارات السعودية مع الولايات المتحدة بـ 600 مليار دولار,CROWN PRINCE,,Saudi Arabia,6.66666666666667,41
2025-01-23 05:45:00.000000 UTC,https://alwasat.ly/news/bbc/c1lvdq12z72o,"وزير الدفاع السوري لا يستبعد استخدام ""القوة"" مع الأكراد، وهجمات قاتلة لـ ""فلول النظام""",EUROPEAN,SYRIA,"Damascus, Dimashq, Syria",-2.22531293463143,85
2025-01-23 21:45:00.000000 UTC,https://www.shorouknews.com/news/view.aspx?cdate=23012025&id=7c4aa26e-887c-4d58-bf44-7dc904c55722,وزير الثقافة: الهوية المصرية راسخة.. وقبول التنوع مصدر قوتنا,MEDIA,,"Cairo International, Al Qahirah, Egypt",3.47490347490347,40
2025-01-23 21:45:00.000000 UTC,https://www.kuna.net.kw/ArticleDetails.aspx?id=3215981&language=ar,كونا : وزيرا خارجية إيران وتركيا يبحثان العلاقات الثنائية والتطورات في سوريا - الشؤون السياسية,TURKEY,,"Tehran, Tehran, Iran",1.0989010989011,40
2025-01-23 21:45:00.000000 UTC,https://www.elfagr.org/5110595,البرلمان العربي يدين التصعيد الخطير لجرائم كيان الاحتلال والمستوطنين في الضفة الغربية,PARLIAMENT,,"Jerusalem, Israel (general), Israel",-10.3139013452915,111
2025-01-23 22:00:00.000000 UTC,https://www.saidaonline.com/298952,الرئيس عون أمل أن تتعزز العلاقات الثنائية بالمجالات كافة ووزير الخارجية السعودي اكد أهمية الإصلاحات التي تعتزم الحكومة الجديدة القيام بها | صيدا اون لاين,PRESIDENT,,Saudi Arabia,4.92424242424242,20
2025-01-23 22:15:00.000000 UTC,https://www.kuna.net.kw/ArticleDetails.aspx?id=3215988&Language=ar,كونا : البرلمان العربي يدين عدوان الاحتلال الإسرائيلي على (جنين) بالضفة الغربية - برلمان,PARLIAMENT,ISRAELI,"Jerusalem, Israel (general), Israel",-8.37004405286343,111
2025-01-23 22:15:00.000000 UTC,https://addiyar.com/article/2224612-%d8%ac%d8%b9%d8%ac%d8%b9-%d8%a7%d9%84%d8%b4%d9%8a%d8%b9%d8%a9-%d9%81%d9%8a-%d9%84%d8%a8%d9%86%d8%a7%d9%86-%d9%85%d9%83%d9%88%d9%86-%d8%b1%d8%a6%d9%8a%d8%b3%d9%8a,جعجع: الشيعة في لبنان مكون رئيسي,ARMY,,Lebanon,2.52525252525252,120
2025-01-23 22:30:00.000000 UTC,https://kitabat.com/%D8%A3%D9%83%D8%A7%D8%B0%D9%8A%D8%A8-%D9%81%D9%8A-%D9%85%D8%AA%D8%BA%D9%8A%D8%B1%D8%A7%D8%AA-%D8%A7%D9%84%D8%B3%D9%8A%D8%A7%D8%B3%D8%A9-%D8%A7%D9%84%D8%AC%D8%AF%D9%8A%D8%AF%D8%A9-%D8%B9%D8%B1%D8%A8/,أكاذيب في متغيرات السياسة الجديدة عربياً وعالميا – كتابات,MEXICO,,"Hebron, Israel (general), Israel",-4.0,20
2025-01-23 22:30:00.000000 UTC,https://www.shorouknews.com/news/view.aspx?cdate=23012025&id=2caf1802-0d63-40ca-a57d-00b59583d097,وزير الثقافة: ما شهده المصريون خلال 20 عامًا يفوق قدرة أي مجتمع على الاستيعاب,EGYPT,,Egypt,2.75862068965517,40
2025-01-23 22:45:00.000000 UTC,https://www.kuna.net.kw/ArticleDetails.aspx?id=3215991&Language=ar,كونا : وزير المالية والشؤون الاقتصادية والاستثمار: بذل الجهود لتحقيق التكامل الاقتصادي الخليجي - اقتصاد,,DAVOS,Oman,3.36605890603086,40
2025-01-23 22:45:00.000000 UTC,http://www.elbrqnews.com/New-News/144605.html,وزير السياحة يلتقي العارضين المصريين المشاركين في المعرض السياحي الدولي بمدريد,EGYPTIAN,MINIST,"Giza, Al Jizah, Egypt",2.19435736677116,40
2025-01-23 23:30:00.000000 UTC,https://www.albiladpress.com/news/2025/5946/columns/898916.html,برؤية سمو ولي العهد رئيس الوزراء: الشيخ عيسى بن سلمان يقود مسار التميز التنموي,BAHRAIN,,Bahrain,9.89898989898989,143
2025-01-23 23:30:00.000000 UTC,https://alkhabarnow.net/news/%D9%88%D8%B2%D9%8A%D8%B1-%D8%A7%D9%84%D8%AE%D8%A7%D8%B1%D8%AC%D9%8A%D8%A9-%D9%84%D9%80-%D8%B5%D8%AF%D9%89-%D8%A7%D9%84%D8%A8%D9%84%D8%AF-%D9%85%D8%B5%D8%B1-%D8%B7%D8%A8%D9%82%D8%AA-%D9%85%D8%A8%D8%AF/32205/,وزير الخارجية لـ صدى البلد: مصر طبقت مبدأ الصبر الاستراتيجي للتوصل لوقف إطلاق النار بغزة - صحيفة الخبر,ISRAEL,,"Gaza, Israel (general), Israel",2.1484375,46
2025-01-23 23:30:00.000000 UTC,https://www.albiladpress.com/news/2025/5946/finance/898912.html,رئيسة “هيئة السياحة”: تطوير الوجهات البحرية,BAHRAIN,TOURIST,Bahrain,3.90070921985815,13
2025-01-23 23:45:00.000000 UTC,https://cedarnews.net/folders/lebanon/809634/%D8%A7%D9%84%D8%AB%D9%86%D8%A7%D8%A6%D9%8A-%D8%B1%D9%81%D8%B6-%D8%B9%D8%B1%D8%B6-%D8%A7%D9%84%D8%B1%D8%A6%D9%8A%D8%B3-%D8%A7%D9%84%D9%85%D9%83%D9%84%D9%81-%D8%A7%D9%84%D9%85%D9%82%D8%A7/,«الثنائي» رفض عرض الرئيس المكلف المقايضة الوزارية بمسيحي مقابل شيعي واعترض على ضابط سابق لوزارة الدفاع,GOVERNMENT,NAWAF SALAM,"Al Qasr Al Jumhuri, Beyrouth, Lebanon",0.92670598146588,43
2025-01-23 23:45:00.000000 UTC,https://cedarnews.net/folders/lebanon/809609/%D8%A7%D9%84%D9%85%D8%B3%D8%AA%D9%82%D8%A8%D9%84/,أحمد الحريري في اجتماع المكتب التنفيذي لـ”المستقبل”: كلمة الرئيس في 14 شباط ستحمل عناوين ينتظرها الجمهور,PRESIDENT,,"Beirut, Beyrouth, Lebanon",-3.20512820512821,10
2025-01-24 14:15:00.000000 UTC,https://www.kuna.net.kw/ArticleDetails.aspx?id=3216040&language=ar,كونا : البرلمان العربي يرحب بجهود سلطنة عمان في الإفراج عن طاقم السفينة (جالاكسي ليدر) - الشؤون السياسية,OMAN,,"Wizarat Al Kharijiyah, Masqat, Oman",1.2987012987013,10
2025-01-24 19:30:00.000000 UTC,https://www.alriyadh.com/2115270,وزير الخارجية من دمشق: مستعدون لدعم نهوض سوريا ونعمل لرفع العقوبات عنها,SYRIAN,,"Qasr Ash Shab, Dimashq, Syria",5.12820512820513,51
2025-01-24 19:45:00.000000 UTC,https://www.wafa.ps/Pages/Details/112548,السفير أبو الرب يلتقي وزيرة التنمية القطرية,QATAR,PALESTINIAN,"Gaza, Israel (general), Israel",7.38916256157635,50
2025-01-24 20:00:00.000000 UTC,http://www.elbrqnews.com/New-News/146825.html,كامل الوزير: سيتم إجراء دراسة مشتركة خاصة بتسيير خط ملاحي بين الإسكندرية وداكار,COLLEGE,,"Alexandria, Al Iskandariyah, Egypt",2.88135593220339,10
2025-01-24 20:30:00.000000 UTC,https://www.vetogate.com/5333935,وزير التعليم العالي يتوجه بالشكر لـ مدبولي لرئاسته لجنة تحكيم المشروعات الجامعية,MINIST FOR THE PRESIDENCY,UNIVERSITY,Egypt,8.10810810810811,51
2025-01-24 20:30:00.000000 UTC,https://www.elwatannews.com/news/details/7801565,رئيس الوزراء لـ«GEN Z»: ميزة مصر في القوة الناعمة للشباب,EGYPT,MINIST,Egypt,6.25361019061807,43
2025-01-24 20:30:00.000000 UTC,https://www.tayyar.org/News/Lebanon/649519/_guid=649519,شقيقة القذافي تناشد الرئيس عون لا تحتاج براءته لأي أدلة,OMAN,,Lebanon,-7.86516853932586,20
2025-01-24 20:30:00.000000 UTC,http://www.elbrqnews.com/New-News/146887.html,وزير التعليم العالي يتوجه بالشكر لرئيس الوزراء لرئاسته لجنة تحكيم إحدى حلقات برنامج GENZ,,MINIST FOR THE PRESIDENCY,Egypt,8.18713450292398,43
2025-01-24 20:30:00.000000 UTC,https://alkhabarnow.net/news/58-%D8%A3%D9%84%D9%81-%D8%B4%D8%AE%D8%B5-%D9%81%D9%8A-84-%D8%AF%D9%88%D9%84%D8%A9-%D8%B1%D8%A6%D9%8A%D8%B3-%D8%A7%D9%84%D9%88%D8%B2%D8%B1%D8%A7%D8%A1-%D9%8A%D8%B9%D9%84%D9%82-%D8%B9%D9%84%D9%89/33222/,58 ألف شخص في 84 دولة.. رئيس الوزراء يعلق على تطبيق يعالج مشكلات النطق - صحيفة الخبر,EGYPT,STUDENT,"Mansoura, Ad Daqahliyah, Egypt",1.90735694822888,51
2025-01-24 20:30:00.000000 UTC,https://www.aljazeeramubasher.net/news/politics/2025/1/24/%D9%88%D8%B2%D9%8A%D8%B1-%D8%A7%D9%84%D8%AE%D8%A7%D8%B1%D8%AC%D9%8A%D8%A9-%D8%A7%D9%84%D8%B3%D8%B9%D9%88%D8%AF%D9%8A-%D9%81%D9%8A-%D8%AF%D9%85%D8%B4%D9%82-%D8%A3%D8%A8%D8%B1%D8%B2,وزير الخارجية السعودي في دمشق.. أبرز مخرجات المؤتمر الصحفي بين الشيباني وابن فرحان (فيديو),SAUDI ARABIA,DAMASCUS,"Damascus, Dimashq, Syria",2.37154150197628,70
2025-01-24 20:45:00.000000 UTC,https://www.vetogate.com/5333946,الإفتاء تعقد أُولى ندواتها بمعرض الكتاب.. المفتي: الإسلام نظر للأسرة على أنها اللَّبِنة الأولى لبناء المجتمع.. رئيس جامعة الأزهر: الطلاق من أخطر المشكلات التي تهدد استقرار الأسرة,EGYPT,,"Kulliyat At Tarbiyah, Al Qahirah, Egypt",-1.11856823266219,20
2025-01-24 20:45:00.000000 UTC,https://www.iraqicp.com/index.php/sections/variety/67698-2025-01-24-16-19-27,من الجهاد إلى السياسة: كيف اعتنق الجهاديون السوريون السياسة/ د. جيروم دريفون*,ISLAM,SYRIA,Syria,-5.90062111801242,40
2025-01-24 21:00:00.000000 UTC,https://www.dostor.org/4938284,حكومة الاحتلال تخطر عائلات المحتجزات باتمام صفقة التبادل.. ومخاوف من فشل الصفقة,DETAINEE,ARMY,"Nahal Oz, HaDarom, Israel",-6.39658848614072,62
2025-01-24 21:00:00.000000 UTC,https://www.dostor.org/4938290,شيخ الطريقة الجازولية: نجدد العهد والبيعة للرئيس السيسي نظرا لمجهوداته,SUFI,,Egypt,4.15584415584416,51
2025-01-24 21:15:00.000000 UTC,https://www.dostor.org/4938316,برلماني: تدفق المساعدات لقطاع غزة يكشف دور مصر في مساندة الشعب الفلسطيني,EGYPT,GAZA,Gaza Strip,3.73134328358209,50
2025-01-24 21:15:00.000000 UTC,http://www.elbrqnews.com/New-News/147092.html,برلماني: تدفق المساعدات لقطاع غزة يكشف دور مصر في مساندة الشعب الفلسطيني,EGYPT,ISRAEL,"Gaza, Israel (general), Israel",3.73134328358209,50
2025-01-24 21:30:00.000000 UTC,https://www.shorouknews.com/news/view.aspx?cdate=24012025&id=71f6128b-7eeb-4719-88da-ac357e3f9122,مصطفى بكري: الرئيس السيسي مكنش عايز حكم.. وتردد في قبول الترشح للرئاسة حتى آخر لحظة,PRESIDENT,ARMED FORCES,Egypt,-0.75471698113208,40
2025-01-24 21:45:00.000000 UTC,https://www.kuna.net.kw/ArticleDetails.aspx?id=3216096&Language=ar,كونا : وزير الخارجية المصري: ضرورة التنسيق الإفريقي لمواجهة الإرهاب وتحديات المناخ - الشؤون السياسية,,EGYPT,"Wizarat Al Kharijiyah, Al Qahirah, Egypt",2.94985250737463,41
2025-01-24 22:00:00.000000 UTC,https://alkhabarnow.net/news/%D9%83%D8%B4%D9%88%D9%81-%D8%A7%D8%B3%D9%85%D8%A7%D8%A1-%D8%A7%D9%84%D8%B9%D9%81%D9%88-%D8%A7%D9%84%D8%B1%D8%A6%D8%A7%D8%B3%D9%8A-2025-%D8%A7%D9%84%D8%B5%D8%A7%D8%AF%D8%B1-%D9%85%D9%86-%D8%B1%D8%A6/33331/,كشوف اسماء العفو الرئاسي 2025 الصادر من رئيس الجمهورية بمناسبة عيد الشرطة 25 يناير 2025 - صحيفة الخبر,CITIZEN,EGYPTIAN,Egypt,2.85132382892057,173
2025-01-24 22:00:00.000000 UTC,https://kuwaitnews.com/99585/,وزير التجارة والصناعة: الأسبوع الكويتي - الإماراتي تعزيز لعمق التعاون الاقتصادي المشترك,GOVERNMENT,,Kuwait,5.10869565217392,70
2025-01-24 23:00:00.000000 UTC,https://www.kuna.net.kw/ArticleDetails.aspx?id=3216092&Language=ar,كونا : وزير التجارة والصناعة: الأسبوع الكويتي - الإماراتي تعزيز لعمق التعاون الاقتصادي المشترك - اقتصاد,KUWAIT,DUBAI,Kuwait,5.04291845493562,43
2025-01-25 20:30:00.000000 UTC,http://www.elbrqnews.com/New-News/149918.html,القاهرة تحتضن إحتفالية مصرية كويتية لتكريم محمد فايق وزير الإعلام الأسبق,CAIRO,KUWAIT,"Cairo, Al Qahirah, Egypt",8.5972850678733,51
2025-01-25 20:45:00.000000 UTC,http://www.non14.net/174091,وزير الصحة يشيد بدور العتبة الحسينية وجهدها الطبي في زيارة الامام الكاظم,MINIST,,"Sahat Az Zahra, Baghdad, Iraq",8.82352941176471,51
2025-01-25 20:45:00.000000 UTC,https://studio.dostor.org/168890,رئيس هيئة الكتاب: 30% زيادة فى نسبة مشاركة دور النشر بمعرض القاهرة للكتاب,RELIGION,EGYPTIAN,"Cairo, Al Qahirah, Egypt",3.20855614973262,42
2025-01-25 21:00:00.000000 UTC,https://www.shorouknews.com/news/view.aspx?cdate=25012025&id=2784a332-24e1-49cc-ba0e-ce4456cbc99f,أسير فلسطيني محرر يوجه رسالة مناشدة للرئيس السيسي.. ماذا قال؟,ISRAEL,ISRAEL,Qatar,-7.36842105263158,30
2025-01-25 21:30:00.000000 UTC,https://alkhabarnow.net/news/%D9%88%D8%B2%D9%8A%D8%B1-%D8%A7%D9%84%D8%B5%D8%AD%D8%A9-%D9%8A%D9%88%D8%AC%D9%87-%D8%A8%D8%B3%D8%B1%D8%B9%D8%A9-%D8%B1%D9%81%D8%B9-%D9%83%D9%81%D8%A7%D8%A1%D8%A9-%D9%82%D8%B3%D9%85-%D8%A7%D9%84%D8%B7/34301/,وزير الصحة يوجه بسرعة رفع كفاءة قسم الطوارئ بمستشفى غرب النوبارية - صحيفة الخبر,HOSPITAL,,"Cairo, Al Qahirah, Egypt",-2.14592274678112,43
2025-01-25 21:30:00.000000 UTC,https://www.elfagr.org/5111369,الرئيس التركي: سنسخر إمكانياتنا لمساعدة الفلسطينيين قبل حلول شهر رمضان,GAZA,,Turkey,0.72202166064982,40
2025-01-25 21:45:00.000000 UTC,https://bokra.net/Article-1562169,سموتريتش يستقيل مؤقتاً من الحكومة لإعادة التوازن بين الصهيونية الدينية وعوتسما يهوديت,GOVERNMENT,,Israel,-1.34228187919463,831
2025-01-25 22:15:00.000000 UTC,https://pnn.ps/news/700845,الوزير الحايك؛ نلتقي مع الشركاء لضمان عودة النشاط السياحي لفلسطين,TOURIST,PALESTINIAN,Israel,-2.55681818181818,43
2025-01-25 22:45:00.000000 UTC,https://www.dostor.org/4939631,رئيس جامعة أسيوط يتفقد جناحي وزارتي الدفاع والداخلية بمعرض القاهرة للكتاب,CAIRO,UNIVERSITY,"Cairo, Al Qahirah, Egypt",2.60416666666667,90
2025-01-25 22:45:00.000000 UTC,https://www.elfagr.org/5111378,تفاصيل زيارة رئيس جامعة أسيوط لمعرض القاهرة الدولي للكتاب,CAIRO,UNIVERSITY,"Cairo International, Al Qahirah, Egypt",3.71747211895911,43
2025-01-25 22:45:00.000000 UTC,https://jo24.net/article/522824,الوطنية للأسرى تطالب الحكومة بإعلان استعداد الاردن لاستقبال كافة الاسرى الاردنيين,PRISON,,"Tel Aviv, Tel Aviv, Israel",-10.1190476190476,173
2025-01-25 23:00:00.000000 UTC,https://www.annaharkw.com/annahar/Article.aspx?id=1011460,وزير الإعلام: «الأسبوع الخليجي» يعزز روابطنا الأخوية,,MINIST,Kuwait,7.77268840480049,43
2025-01-25 23:00:00.000000 UTC,https://alanbatnews.net/article/450104,الملك يهنئ ترمب هاتفيا بتنصيبه رئيسا للولايات المتحدة,PUBLICATION,KING,Jordan,10.3092783505155,41
2025-01-25 23:00:00.000000 UTC,https://www.annaharkw.com/annahar/Article.aspx?id=1011428,وزير الخارجية: مجلس التعاون ملتزم بمسؤولياته تجاه لبنان,LEBANESE,LEBANON,"Beirut, Beyrouth, Lebanon",3.34645669291339,51
2025-01-25 23:00:00.000000 UTC,https://www.annaharkw.com/annahar/Article.aspx?id=1011467,أدرش سويكا: منح رئيس الوزراء قلادة مبارك الكبير فخر لكل هندي,,CABINET,Kuwait,7.11043872919819,43
2025-01-25 23:00:00.000000 UTC,http://www.elbrqnews.com/New-News/150225.html,رئيس جامعة أسيوط يتفقد معرض القاهرة الدولي للكتاب,UNIVERSITY,CAIRO,"Cairo International, Al Qahirah, Egypt",4.13533834586466,90
2025-01-25 23:00:00.000000 UTC,http://www.elbrqnews.com/New-News/150194.html,تفاصيل زيارة رئيس جامعة أسيوط لمعرض القاهرة الدولي للكتاب,CAIRO,UNIVERSITY,"Cairo, Al Qahirah, Egypt",3.71747211895911,43
2025-01-25 23:45:00.000000 UTC,https://qudspress.com/177135/,الأردن.. لجنة أهلية تطالب الحكومة بالتدخل لإعادة أسيرين أردنيين - وكالة قدس برس للأنباء,JORDAN,OMAN,Israel,-10.4477611940298,42
2025-01-26 21:45:00.000000 UTC,https://www.kuna.net.kw/ArticleDetails.aspx?id=3216358&language=ar,كونا : البرلمان العربي: نستنكر بشدة أي مبادرات لتهجير الفلسطينيين من غزة - الشؤون السياسية,PARLIAMENT,INTERNATIONAL COMMUNITY,"Jerusalem, Israel (general), Israel",-2.09424083769634,127
2025-01-26 21:45:00.000000 UTC,https://www.kuna.net.kw/ArticleDetails.aspx?id=3216352&language=ar,كونا : وزير الخارجية الأردني: موقفنا ثابت الأردن للأردنيين وفلسطين للفلسطينيين - الشؤون السياسية,ISRAEL,,Jordan,3.11850311850312,841
2025-01-26 21:45:00.000000 UTC,https://www.ammonnews.net/article/900102,صحيفة عمون : حماس: مستعدون للحوار مع أميركا وترامب رئيس جاد,,UNITED STATES,"Jerusalem, Israel (general), Israel",-1.6304347826087,36
2025-01-26 21:45:00.000000 UTC,https://bokra.net/Article-1562250,تعيين رئيس جديد للمحكمة العليا في إسرائيل وسط نقاش محتدم,ISRAEL,,"Tel Aviv, Tel Aviv, Israel",-4.10958904109589,1014
2025-01-26 22:00:00.000000 UTC,http://www.elbrqnews.com/New-News/153728.html,رئيس الهيئة البرلمانية لحزب الوفد: تصريحات ترامب بشأن تهجير الفلسطينيين غير مقبولة,SENATE,,"Cairo, Al Qahirah, Egypt",-2.81690140845071,42
2025-01-26 22:00:00.000000 UTC,http://www.elbrqnews.com/New-News/153709.html,رئيس حزب نداء مصر: الدولة لن تسمح بتهجير سكان غزة,ISRAEL,,Egypt,2.11864406779661,120
2025-01-26 22:15:00.000000 UTC,http://www.khaberni.com/news/691305-%D8%B1%D8%A6%D9%8A%D8%B3-%D8%A7%D9%84%D9%85%D8%AE%D8%A7%D8%A8%D8%B1%D8%A7%D8%AA-%D8%A7%D9%84%D8%AA%D8%B1%D9%83%D9%8A%D8%A9-%D9%81%D9%8A-%D8%AF%D9%85%D8%B4%D9%82,رئيس المخابرات التركية في دمشق,JOURNALIST,COMMANDER,"Damascus, Dimashq, Syria",5.26315789473685,40
2025-01-26 22:30:00.000000 UTC,https://www.kuna.net.kw/ArticleDetails.aspx?id=3216360&language=ar,كونا : ملك البحرين يجري اتصالا هاتفيا بالرئيس الأمريكي - الشؤون السياسية,PRESIDENT,BAHRAIN,"Manama, Al Manamah, Bahrain",7.27272727272727,41
2025-01-26 22:30:00.000000 UTC,https://www.albiladpress.com/news/2025/5949/bahrain/899349.html,وزير الخارجية: مواصلـة البنـاء علـى العلاقـة المتينـة مـع الهنـد,MINIST,UNITED KINGDOM,Bahrain,6.32411067193676,10
2025-01-26 22:30:00.000000 UTC,https://www.albiladpress.com/news/2025/5949/bahrain/899342.html,جلالة الملك المعظم يجري اتصالاً هاتفياً مع فخامة رئيس الولايات المتحدة الأمريكية,KING,BAHREIN,Bahrain,10.0840336134454,70
2025-01-26 22:45:00.000000 UTC,https://www.aljazeera.net/news/2025/1/27/%D8%A7%D9%84%D8%B4%D8%B1%D8%B9-%D9%8A%D9%84%D8%AA%D9%82%D9%8A-%D9%81%D9%8A-%D8%AF%D9%85%D8%B4%D9%82-%D8%B1%D8%A6%D9%8A%D8%B3-%D8%A7%D9%84%D8%A7%D8%B3%D8%AA%D8%AE%D8%A8%D8%A7%D8%B1%D8%A7%D8%AA,الشرع يلتقي في دمشق رئيس الاستخبارات التركية,DAMASCUS,TURKISH,"Damascus, Dimashq, Syria",4.32900432900433,40
2025-01-26 22:45:00.000000 UTC,https://www.alahednews.com.lb/fastnewsdetails.php?fstid=297243,البرلمان العربي يرفض رفضًا قاطعًا أي مبادرات تدعو لتهجير الشعب الفلسطيني من قطاع غزة,PARLIAMENT,,"Jerusalem, Israel (general), Israel",-6.19047619047624,127
2025-01-26 23:45:00.000000 UTC,https://stepagency-sy.net/2025/01/26/%D9%85%D8%AD%D9%83%D9%85%D8%A9-%D8%A7%D9%84%D9%82%D8%B6%D8%A7%D8%A1-%D8%A7%D9%84%D8%A5%D8%AF%D8%A7%D8%B1%D9%8A-%D9%81%D9%8A-%D9%85%D8%B5%D8%B1-%D8%AA%D9%84%D8%BA%D9%8A/,محكمة القضاء الإداري في مصر تلغي قراراً لوزير التعليم أثار الجدل | وكالة ستيب نيوز,STUDENT,,Egypt,-3.77358490566038,14
2025-01-26 23:45:00.000000 UTC,https://www.alriyadh.com/2115561,وزير النقل تحت قبة الشورى,,KING,"Mecca, Makkah, Saudi Arabia",1.41206675224647,51
2025-01-27 03:45:00.000000 UTC,https://www.alnilin.com/13366942.htm,"وزير الخارجية السوداني لـ ""المحقق"": موقف كينيا تغير وروتو لن يعترف بحكومة منفى في السودان - النيلين",KENYAN,EGYPT,"Cairo, Al Qahirah, Egypt",-2.05949656750572,36
2025-01-27 21:45:00.000000 UTC,https://www.shorouknews.com/news/view.aspx?cdate=27012025&id=441cea63-a127-4830-9dd0-f33325c66068,وزير الخارجية عن اتفاق غزة: سنعمل جاهدين لينفذ كل طرف التزاماته لوقف مستدام لإطلاق النار,MINIST,ISRAEL,"Mabar Rafah, , Egypt",2.99145299145299,10
2025-01-27 22:00:00.000000 UTC,https://www.shorouknews.com/news/view.aspx?cdate=27012025&id=0f169560-1bdf-40e9-ae77-91db4b8be107,وزير الخارجية: أتحدى أي دولة يمكنها استضافة العدد الهائل من الضيوف الذي استضافته مصر,,MEDIA,"Alexandria, Al Iskandariyah, Egypt",-1.05820105820105,40
2025-01-27 22:00:00.000000 UTC,http://www.elbrqnews.com/New-News/157364.html,وزير الخارجية: مصر ستعمل جاهدة مع الجانبين الفلسطيني والإسرائيلي لينفذ كل طرف التزاماته,,MEDIA,"Gaza, Israel (general), Israel",2.44897959183674,40
2025-01-27 22:00:00.000000 UTC,https://www.kuna.net.kw/ArticleDetails.aspx?id=3216539&Language=ar,كونا : وزير الطاقة السعودي يبحث مع وزير النفط العراقي تعزيز التعاون المشترك - طاقة,MINIST,SAUDI ARABIA,"Riyadh, Ar Riya?, Saudi Arabia",3.6144578313253,90
2025-01-27 22:00:00.000000 UTC,https://www.shorouknews.com/news/view.aspx?cdate=27012025&id=1c7800a9-586a-468f-8200-9b185b5fba95,وزيرا خارجية الأردن وتركيا يبحثان هاتفيا الأوضاع في سوريا وغزة,TURKEY,SYRIA,Israel,-2.27272727272727,40
2025-01-27 22:00:00.000000 UTC,http://www.elbrqnews.com/New-News/157337.html,وزير خارجية الصومال: الشعب الصومالي يحتاج لوجود القوات المصرية إلى جانبه,SOMALI,EGYPTIAN,Egypt,-2.11267605633803,120
2025-01-27 22:15:00.000000 UTC,https://www.3yonnews.com/1931488,وزيرا الطاقة في السعودية ومصر يبحثان سبل تعزيز التعاون,EGYPT,,"Riyadh, Ar Riya?, Saudi Arabia",1.93548387096774,40
2025-01-27 22:15:00.000000 UTC,https://slaati.com/2025/01/27/p2623801.html,وزير الطاقة يلتقي بوزراء النفط والغاز المصري والليبي والعراقي,MINIST,,Iraq,3.31491712707183,40
2025-01-27 22:15:00.000000 UTC,https://www.vetogate.com/5336179,تعليق ساخر لرئيسة وزراء إيطاليا على مقترح ترامب لتهجير سكان غزة إلى الأردن ومصر,BAHRAIN,SAUDI ARABIA,"Manama, Al Manamah, Bahrain",2.18978102189781,43
2025-01-27 22:15:00.000000 UTC,https://alanbatnews.net/article/450256,رئيس هيئة الأركان المشتركة يزور قيادة المنطقة العسكرية الشمالية و الشركة الألفية للاستثمارات الزراعية,JORDAN,COMPANY,"Al Baqurah, Jordan (general), Jordan",0.378815394756312,10
2025-01-27 22:45:00.000000 UTC,http://www.elbrqnews.com/New-News/157427.html,وزير الثقافة يتفقد استعدادات انطلاق فعاليات الأيام الثقافية المصرية فى قطر,MINIST,EGYPTIAN,"Doha, Ad Daw?ah, Qatar",5.07042253521127,90
2025-01-27 22:45:00.000000 UTC,http://www.elbrqnews.com/New-News/157441.html,"""غنيم"": تكلفة المتحف الكبير 1.2 مليار دولار.. 750 مليون قروض. والباقي تمويل من الحكومة",,JAPANESE,Egypt,1.96560196560196,57
2025-01-27 23:00:00.000000 UTC,https://www.vetogate.com/5336204,أول رد من رئيس وزراء ألبانيا على استضافة بلاده 100 ألف لاجئ من غزة,GAZA,ALBANIAN,"Gaza, Israel (general), Israel",-0.63291139240506,42
2025-01-27 23:00:00.000000 UTC,http://www.elbrqnews.com/New-News/157451.html,وزير الأوقاف نرفض قطعا محاولات تهجير الفلسطينيين وتصفية القضية الفلسطينية,MINIST,PALESTINIAN,Egypt,-0.719424460431661,120
2025-01-27 23:00:00.000000 UTC,https://www.vetogate.com/5336122,استعدادات التموين لشهر رمضان.. انخفاض أسعار الأرز.. تعزيز المخزون الاستراتيجي للسلع الأساسية.. حملات رقابية مكثفة لضبط الأسواق وتوفير المنتجات بأسعار عادلة.. والوزير يعلن التصدي للممارسات الاحتكارية,MINIST,,"Giza, Al Jizah, Egypt",1.36830102622577,10
2025-01-27 23:30:00.000000 UTC,http://www.elbrqnews.com/New-News/157488.html,وزير الثقافة يتفقد الاستعدادات النهائية لانطلاق فعاليات الأيام الثقافية المصرية في قطر,MINIST,QATAR,"Doha, Ad Daw?ah, Qatar",5.2054794520548,51
2025-01-27 23:30:00.000000 UTC,https://www.oujdacity.net/national-article-163187-ar/%D8%AA%D8%B5%D8%B1%D9%8A%D8%AD%D8%A7%D8%AA-%D8%A7%D9%84%D8%B1%D8%A6%D9%8A%D8%B3-%D8%A7%D9%84%D8%A3%D9%85%D8%B1%D9%8A%D9%83%D9%8A-%D8%A8%D8%AE%D8%B5%D9%88%D8%B5-%D8%AA%D9%87%D8%AC%D9%8A%D8%B1-%D8%A3.html,تصريحات الرئيس الأمريكي بخصوص تهجير أهل غزة منها نحو دول الجوار تأكيد للمؤامرة الصهيوـ أمريكية - OujdaCity,PALESTINIAN,AL JAZEERA,"Gaza, Israel (general), Israel",-5.63866513233602,10
2025-01-27 23:30:00.000000 UTC,https://qudspress.com/177367/,خبير اقتصادي: سياسات الحكومة المالية غير مجدية.. والتعيينات لم تتوقف رغم الأزمة الخانقة - وكالة قدس برس للأنباء,GOVERNMENT,,"Abu Ghosh, Yerushalayim, Israel",-2.50329380764164,46
2025-01-28 17:45:00.000000 UTC,https://www.kuna.net.kw/ArticleDetails.aspx?id=3216668&Language=ar,كونا : مجلس الوزراء الكويتي يعقد اجتماعه الأسبوعي - حكومة,COMPANY,,Kuwait,3.2,57
2025-01-28 21:00:00.000000 UTC,https://www.mena.org.eg:443/ar/news/dbcall/table/textnews/id/11045836,وزير التخطيط العمراني السنغالي يعرب عن انبهاره بالعاصمة الإدارية الجديدة ويأمل نقل نموذجها إلى بلاده - Welcome to Middle East News Agency,MINIST,SENEGAL,"Cairo, Al Qahirah, Egypt",4.24710424710425,10
2025-01-28 21:00:00.000000 UTC,https://www.shorouknews.com/news/view.aspx?cdate=28012025&id=b4374ef4-f5c1-4622-878d-998e31866c22,وزير الخارجية: مصر تتحدى العالم في كرمها وسخائها مع اللاجئين.. وهذا الدعم على المحك,,INTERNATIONAL COMMUNITY,"Suez Canal, As Suways, Egypt",-1.90114068441065,51
2025-01-28 21:00:00.000000 UTC,https://www.alriyadh.com/2115928,مساعد رئيس مجلس الشورى تلتقي سفيرة خادم الحرمين لدى كندا,RIYADH,AMBASSADOR,"Riyadh, Ar Riya?, Saudi Arabia",4.65116279069767,60
2025-01-28 21:30:00.000000 UTC,https://www.okaz.com.sa/articles/authors/2179756,العثرة الأولى للرئيس ترمب,ISRAEL,ISRAEL,"Gaza, Israel (general), Israel",-4.22535211267606,120
2025-01-28 21:30:00.000000 UTC,http://www.elbrqnews.com/New-News/161002.html,إبراهيم عيسى: قرار رئيس الوزراء بتشكيل لجنة سياسية مبادرة جيدة وخطوة تستحق الإشادة,MINIST,EGYPTIAN,"Cairo, Al Qahirah, Egypt",1.40186915887851,112
2025-01-28 21:30:00.000000 UTC,http://www.elbrqnews.com/New-News/161017.html,رئيس الهيئة العامة للاستعلامات يشارك بجلسة المراجعة الدورية الشاملة لحقوق الإنسان بجنيف,MEDIA,,"Cairo, Al Qahirah, Egypt",1.26811594202898,841
2025-01-28 21:30:00.000000 UTC,https://alwasat.ly/news/libya/465370,برلمانية إيطالية: إطلاق نجيم جعلنا عرضة للابتزاز والحكومة «أخطأت تمامًا»,SMUGGLER,,Saudi Arabia,-8.17610062893081,20
2025-01-28 21:45:00.000000 UTC,http://www.elbrqnews.com/New-News/161044.html,وزير الخارجية: خطة الإصلاح بالتعاون مع الاتحاد الأوروبى تسير وفق أجندة وطنية,UNHCR,,Egypt,2.85714285714285,57
2025-01-28 21:45:00.000000 UTC,https://www.albayan.ae/news/middle-east/egypt/23761,البرلمان المصري يقر تعديلاً تمويلياً لمحطة الضبعة النووية,RUSSIA,RUSSIAN,Egypt,1.98675496688742,61
2025-01-28 22:00:00.000000 UTC,https://www.kuna.net.kw/ArticleDetails.aspx?id=3216705,كونا : رئيس الحكومة اللبنانية يندد بغارات الاحتلال الاسرائيلي على (النبطية) جنوبا - عام,VILLAGE,LEBANESE,"Beirut, Beyrouth, Lebanon",-7.62331838565022,190
2025-01-28 22:15:00.000000 UTC,https://cedarnews.net/folders/bbc/811571/%D8%A8%D8%B9%D8%AF-%D9%85%D9%82%D8%A7%D8%A8%D9%84%D8%A9-%D8%B1%D8%A6%D9%8A%D8%B3-%D8%A7%D9%84%D9%88%D8%B2%D8%B1%D8%A7%D8%A1-%D8%A7%D9%84%D9%82%D8%B7%D8%B1%D9%8A-%D9%85%D8%B9-%D9%82%D9%86%D8%A7%D8%A9/,بعد مقابلة رئيس الوزراء القطري مع قناة إسرائيلية: من سيطبّع أولا، قطر أم السعودية؟,ISLAMIC,DOHA,"Doha, Ad Daw?ah, Qatar",0.0741289844329101,42
2025-01-28 22:30:00.000000 UTC,https://www.ami.mr/archives/219352,انطلاق اعمال الفريق البرلماني للصداقة الموريتانية السعودية - الوكالة الموريتانية للأنباء,MAURITANIA,SAUDI ARABIA,Saudi Arabia,4.87012987012987,42
2025-01-28 22:30:00.000000 UTC,https://www.elfagr.org/5112865,رئيس الوزراء الإسرائيلي: ترامب وجه لي دعوة لزيارة البيت الأبيض في الرابع من فبراير,PRESIDENT,UNITED STATES,Gaza Strip,-6.36042402826855,36
2025-01-28 22:30:00.000000 UTC,https://www.elwatannews.com/news/details/7809227,وزيرة التضامن: المبادرات المصرية نموذج رائد للتنمية الشاملة,EGYPTIAN,EGYPTIAN,"Cairo, Al Qahirah, Egypt",3.59477124183007,51
2025-01-28 22:45:00.000000 UTC,https://mustaqila.com/%D8%A7%D9%84%D8%A7%D8%B2%D9%85%D8%A9-%D8%A8%D9%8A%D9%86-%D8%A3%D9%82%D9%84%D9%8A%D9%85-%D9%83%D8%B1%D8%AF%D8%B3%D8%AA%D8%A7%D9%86-%D9%88%D8%A7%D9%84%D8%AD%D9%83%D9%88%D9%85%D8%A9-%D8%A7%D9%84%D8%A7/,الازمة بين أقليم كردستان والحكومة الاتحادية تتفاقم من جديد,IRAQI,,"Baghdad, Baghdad, Iraq",-1.53172866520788,20
2025-01-28 23:00:00.000000 UTC,http://www.elbrqnews.com/New-News/161191.html,وزيرة التضامن: إشادة دولية بجهود مصر في ملف حقوق الإنسان وبرامج الحماية الاجتماعية,EGYPTIAN,EGYPT,"Cairo, Al Qahirah, Egypt",5.57103064066853,50
2025-01-28 23:00:00.000000 UTC,http://www.elbrqnews.com/New-News/161185.html,وزير الخارجية: فخور بأداء الوفد المصري في المراجعة الدورية لحقوق الإنسان,EGYPTIAN,COMMUNITY,"Cairo, Al Qahirah, Egypt",7.44186046511627,51
2025-01-28 23:00:00.000000 UTC,http://www.elbrqnews.com/New-News/161190.html,وزير الخارجية: مصر تحقق إنجازات ملحوظة في حقوق الإنسان,MALE,EGYPTIAN,"Cairo, Al Qahirah, Egypt",7.80487804878049,10
2025-01-28 23:00:00.000000 UTC,https://www.aksalser.com/news/2025/01/28/%D8%A8%D8%B9%D8%AF-%D8%A7%D9%84%D8%B3%D9%8A%D8%B7%D8%B1%D8%A9-%D8%B9%D9%84%D9%89-%D9%85%D9%88%D8%A7%D9%82%D8%B9-%D8%A7%D8%B3%D8%AA%D8%B1%D8%A7%D8%AA%D9%8A%D8%AC%D9%8A%D8%A9-%D9%81%D9%8A-%D8%A7%D9%84/,بعد السيطرة على مواقع استراتيجية في الجنوب السوري .. وزير الدفاع الإسرائيلي : باقون في جبل الشيخ لأجل غير مسمى - عكس السير,ISRAEL,UNITED NATIONS,Israel,-1.44927536231884,74
2025-01-28 23:15:00.000000 UTC,https://www.albiladpress.com/news/2025/5951/bahrain/899689.html,رئيسة وزراء إيطاليا: مملكة البحرين تعد نموذجًا رائدًا في تعزيز الحوار بين الأديان,THE POPE,BAHRAIN,Bahrain,3.19634703196347,43
2025-01-28 23:30:00.000000 UTC,https://www.albawaba.com/ar/%D8%A3%D8%AE%D8%A8%D8%A7%D8%B1/%D9%84%D8%A7-%D8%A3%D8%B3%D9%85%D8%A7%D8%A1-%D9%88%D9%84%D8%A7-%D8%AD%D9%82%D8%A7%D8%A6%D8%A8-%D9%88%D8%B2%D8%A7%D8%B1%D9%8A%D8%A9-%D8%AA%D8%A3%D8%AE%D8%B1-%D8%A5%D8%B9%D9%84%D8%A7%D9%86-1598882,لا أسماء ولا حقائب وزارية.. تأخر إعلان الحكومة اللبنانية الجديدة | البوابة,SETTLER,ISRAELI,"Akkar, AakkâLE, Lebanon",-3.88888888888889,193
2025-01-28 23:30:00.000000 UTC,https://alsahwa-yemen.net/p-80615,رئيس سياسية إصلاح وادي حضرموت: الوحدة الوطنية مفتاح انتصار الشعوب,YEMENI,,Israel,-1.93798449612403,42
2025-01-29 16:00:00.000000 UTC,https://www.alwatanvoice.com/arabic/news/2025/01/29/1543543.html,الشرع طالب روسيا بتسليم الرئيس السابق بشار الأسد,RUSSIA,SYRIA,"Damascus, Dimashq, Syria",-1.5625,26
2025-01-29 19:00:00.000000 UTC,https://www.tayyar.org/News/Lebanon/650257/_guid=650257,شو الوضع سلام يُطلِع الرئيس عون على وضع التشكيل ويتحدّث عن حكومة من دون أحزاب... والتصعيد الإسرائيلي يجثُم على العودة,ISRAELI,,"Majdal, HaDarom, Israel",-2.14285714285714,190
2025-01-29 21:15:00.000000 UTC,https://www.elwatannews.com/news/details/7810853,نواب وحزبيون يشيدون برفض الرئيس السيسي للتهجير: تعكس ثوابت الموقف المصري التاريخي,ISRAEL,,Egypt,-2.19298245614036,51
2025-01-29 21:15:00.000000 UTC,https://www.okaz.com.sa/news/local/2179883,برعاية وزير الداخلية.. المديرية العامة للسجون تقيم حفل تكريم متقاعديها,PRISON,,"Riyadh, Ar Riya?, Saudi Arabia",4.80769230769231,51
2025-01-29 21:30:00.000000 UTC,https://www.saidaonline.com/299269,"عضوا الكونغرس الأميركيّ دارين لحود وداريل عيسى لترامب: على الحكومة اللبنانية ألا تسمح لأيّ من أعضاء ""حزب الله"" أو وكلائه السياسيين بأن يكونوا اعضاء في الحكومة الجديدة | صيدا اون لاين",LEBANESE,,Lebanon,4.39739413680782,120
2025-01-29 21:30:00.000000 UTC,http://www.elbrqnews.com/New-News/164602.html,عبد المنعم السعيد: رسائل قوية من الرئيس السيسي في قمة كينيا,EGYPT,PRESIDENT,"Gaza, Israel (general), Israel",0.98039215686274,100
2025-01-29 21:30:00.000000 UTC,http://www.elbrqnews.com/New-News/164629.html,الرئيس الفلسطيني يعرب عن تقديره للرئيس السيسي على مواقف مصر من القضية الفلسطينية,ISRAEL,EGYPT,"Gaza, Israel (general), Israel",1.55038759689922,51
2025-01-29 21:45:00.000000 UTC,https://alahalygate.com/archives/249199,البابا تواضروس يثمن تصريحات الرئيس السيسي برفض دعوة تهجير الفلسطينيين من أراضيهم,EGYPT,PALESTINIAN,"Alexandria, Al Iskandariyah, Egypt",-2.53164556962026,120
2025-01-29 21:45:00.000000 UTC,https://www.shorouknews.com/news/view.aspx?cdate=29012025&id=4b9ca2a1-b552-4dbf-9b94-88d866b73908,الكنيسة: نؤيد تصريحات الرئيس السيسي بأن قبول فكرة التهجير يعني المساس بالأمن القومي المصري,PRESIDENT,EGYPTIAN,"Alexandria, Al Iskandariyah, Egypt",-2.35428102012621,120
2025-01-29 21:45:00.000000 UTC,https://khovar.tj/ara/2025/01/53583/,السفير الطاجيكي يلتقي رئيس الهيئة الوطنية للإعلام في الإمارات العربية المتحدة,TAJIK,UNITED ARAB EMIRATES,United Arab Emirates,3.09278350515464,40
2025-01-29 22:00:00.000000 UTC,http://www.elbrqnews.com/New-News/164762.html,الكنيسة القبطية الأرثوذكسية تصدر بيانا تثمن فيه تصريحات الرئيس السيسي بشأن التهجير,COPTIC ORTHODOX,ALEXANDRIA,"Alexandria, Al Iskandariyah, Egypt",-1.14613180515759,10
2025-01-29 22:15:00.000000 UTC,https://www.shorouknews.com/news/view.aspx?cdate=29012025&id=4e21fc98-2e7a-443e-b33c-a1b3fb1591a9,تهجير الفلسطينيين.. أسامة كمال لترامب: رأي الرئيس السيسي واضح.. ترجمه واسمعه,,PRESIDENT,"Mabar Rafah, , Egypt",0.0,46
2025-01-29 22:15:00.000000 UTC,https://www.albawabhnews.com/5146839,مصر أكتوبر : تصريحات الرئيس السيسي أكدت موقف مصر الثابت بشأن تهجير الفلسطينيين,EGYPT,EGYPT,"Alexandria, Al Iskandariyah, Egypt",0.507614213197971,51
2025-01-29 22:15:00.000000 UTC,http://www.elbrqnews.com/New-News/164771.html,بالمسيرات وحلقات الدبكة.. المدن السورية تحتفل بتعيين الشرع رئيسًا للبلاد,SYRIAN,,"Al-Hasakah, Al ?asakah, Syria",2.34113712374582,51
2025-01-29 22:15:00.000000 UTC,https://www.shorouknews.com/news/view.aspx?cdate=29012025&id=3ee65db3-9e46-4615-9e48-5936da8fd1f9,تصريحات الرئيس السيسي تثير تفاعلا واسعا.. كيف غطى الإعلام العربي والدولي رفضه لتهجير الفلسطينيين؟,EGYPT,PALESTINIAN,Jordan,-3.65714285714286,10
2025-01-29 22:15:00.000000 UTC,https://www.tayyar.org/News/Lebanon/650276/_guid=650276,بو حبيب التقى رئيسة بعثة اللجنة الدولية للصليب الأحمر في لبنان في زيارة وداعية,LEBANON,INTERNATIONAL COMMITTEE OF THE RED CROSS,Lebanon,-0.961538461538462,46
2025-01-29 22:30:00.000000 UTC,https://alsahwa-yemen.net/p-81628,تعيين الشرع رئيسا لسوريا في المرحلة الانتقالية,SPOKESMAN,MILITARY,"Damascus, Dimashq, Syria",3.55329949238578,72
2025-01-29 22:45:00.000000 UTC,https://www.kuna.net.kw/ArticleDetails.aspx?id=3216867,كونا : وزيرا الاعلام البحريني والسعودي يبحثان تعزيز التعاون الاعلامي المشترك - الإعلام,SAUDI ARABIA,MEDIA,"Manama, Al Manamah, Bahrain",6.99588477366255,40
2025-01-29 23:15:00.000000 UTC,https://www.wafa.ps/Pages/Details/112918,الرئيس السيسي: إقامة الدولة الفلسطينية الضامن الأهم لتحقيق الاستقرار في المنطقة,EGYPTIAN,ISRAEL,"Cairo, Al Qahirah, Egypt",4.34782608695652,14
2025-01-29 23:15:00.000000 UTC,https://stepagency-sy.net/2025/01/29/%D8%A8%D8%B9%D8%AF-%D8%AA%D8%B9%D9%8A%D9%8A%D9%86-%D8%A3%D8%AD%D9%85%D8%AF-%D8%A7%D9%84%D8%B4%D8%B1%D8%B9-%D8%B1%D8%A6%D9%8A%D8%B3%D8%A7%D9%8B-%D8%B3%D9%88%D8%B1%D9%8A%D8%A7/,بعد تعيين أحمد الشرع رئيساً.. 8 مراحل تاريخية مرت بها سوريا حتى اليوم | وكالة ستيب نيوز,,GOVERNMENT,"Damascus, Dimashq, Syria",-2.80561122244489,43
2025-01-29 23:30:00.000000 UTC,https://kitabat.com/%D9%85%D9%86%D8%A7%D8%B4%D8%AF%D8%A7%D8%AA-%D9%85%D8%B3%D8%AA%D8%B9%D8%AC%D9%84%D8%A9-%D8%A7%D9%84%D9%89-%D8%B1%D8%A6%D9%8A%D8%B3-%D8%A7%D9%84%D9%88%D8%B2%D8%B1%D8%A7%D8%A1-%D9%88%D9%85%D8%AD%D8%A7/,مناشدات مستعجلة الى رئيس الوزراء ومحافظ الانبار ومجلس المحافظة بشأن مصير أراضي الوفاء – كتابات,,CITIZEN,"Anbar, Al Anbar, Iraq",-4.56852791878173,42
2025-01-29 23:45:00.000000 UTC,http://www.elbrqnews.com/New-News/164937.html,شريف سمير: تصريحات الرئيس السيسي تأكيد على الثوابت المصرية تجاه القضية الفلسطينية,,EGYPT,Israel,-7.46268656716418,41
2025-01-29 23:45:00.000000 UTC,http://www.elbrqnews.com/New-News/164935.html,"رسالة تأييد لمواقف الرئيس السيسي في احتفالية ""الطريقة الجازولية"" بمولد السيدة زينب",SUFI,,Israel,8.42696629213483,51
2025-01-30 14:15:00.000000 UTC,https://www.dostor.org/4946259,"موقف الأردن ومصر ""الجيو-استراتيجي"".. قوة لا يدرك أسرارها الرئيس ترامب",PRESIDENT,JORDAN,Jordan,-2.20820189274448,43
2025-01-30 21:45:00.000000 UTC,http://www.elbrqnews.com/New-News/168237.html,وزير الزراعة يكشف استعدادات الوزارة لاستقبال شهر رمضان المبارك,,EGYPT,"Wizarat Az Ziraah, Al Jizah, Egypt",0.76335877862595,41
2025-01-30 21:45:00.000000 UTC,https://www.albayan.ae/news/uae/government/24208,رئيس الدولة ونائباه يهنئون أحمد الشرع برئاسة الجمهورية العربية السورية في المرحلة الانتقالية,DEPUTIES,SYRIA,Syria,4.90196078431373,51
2025-01-30 22:15:00.000000 UTC,https://www.okaz.com.sa/news/politics/2180003,برقية ولي العهد إلى الرئيس السوري الجديد.. خطوة إستراتيجية نحو استقرار المنطقة,UNITED KINGDOM,,Syria,8.35579514824797,50
2025-01-30 22:30:00.000000 UTC,https://ar.webmanagercenter.com/2025/01/30/395284/%D9%88%D8%B2%D9%8A%D8%B1%D8%A7-%D8%AE%D8%A7%D8%B1%D8%AC%D9%8A%D8%A9-%D8%A7%D9%84%D8%B9%D8%B1%D8%A7%D9%82-%D9%88%D9%85%D8%B5%D8%B1-%D9%8A%D8%A8%D8%AD%D8%AB%D8%A7%D9%86-%D9%87%D8%A7%D8%AA%D9%81%D9%8A/,وزيرا خارجية العراق ومصر يبحثان هاتفيا آخر تطورات القضية الفلسطينية وتحضيرات القمة العربية.. - المصدر تونس,EGYPT,ISRAEL,Egypt,-3.88349514563106,41
2025-01-30 22:30:00.000000 UTC,https://www.elwatannews.com/news/details/7812914,«عمال مصر»: نشر صورة الرئيس السيسي مع نظيره الإيراني الراحل لن يغير موقفنا,,WORKER,Israel,-4.41767068273092,43
2025-01-30 22:30:00.000000 UTC,https://alanbatnews.net/article/450482,مصدر للانباط الالتفاف على الثورة وراء تنصيب الشرع رئيسا لسوريا,COMMANDER,SYRIA,Syria,4.6242774566474,42
2025-01-30 22:30:00.000000 UTC,https://www.elwatannews.com/news/details/7813031,برلمانية: هجوم الإعلام الإسرائيلي على مصر لن يغير من موقفنا ضد تهجير الفلسطينيين,ISRAEL,ISRAELI,Iran,-13.588850174216,190
2025-01-30 22:30:00.000000 UTC,https://www.kuna.net.kw/ArticleDetails.aspx?id=3217012&language=ar,كونا : وزير خارجية مصر يؤكد دعم مصر لسوريا ووحده وسلامة أراضيها - الشؤون السياسية,MINIST,EGYPTIAN,"Baghdad, Baghdad, Iraq",3.26086956521739,41
2025-01-30 22:30:00.000000 UTC,https://jo24.net/article/523293,منتجة أفلام إلى السجن.. ورطت النجوم معها وحاولت الإطاحة بحكومة بلادها؟!,PROSECUTOR,,"Istanbul, Istanbul, Turkey",-2.45231607629428,112
2025-01-30 22:45:00.000000 UTC,https://stepagency-sy.net/2025/01/30/%D8%A7%D9%84%D8%AE%D8%B7%D8%A7%D8%A8-%D8%A7%D9%84%D8%A3%D9%88%D9%84-%D9%84%D9%84%D8%B1%D8%A6%D9%8A%D8%B3-%D8%A7%D9%84%D8%B3%D9%88%D8%B1%D9%8A-%D8%A3%D8%AD%D9%85%D8%AF-%D8%A7%D9%84%D8%B4%D8%B1%D8%B9/,شاهد| الخطاب الأول للرئيس السوري أحمد الشرع | وكالة ستيب نيوز,GOVERNMENT,SYRIA,Israel,-3.35429769392033,10
2025-01-30 22:45:00.000000 UTC,http://www.elbrqnews.com/New-News/168340.html,برقية ولي العهد إلى الرئيس السوري الجديد.. خطوة إستراتيجية نحو استقرار المنطقة,UNITED KINGDOM,,"Riyadh, Ar Riya?, Saudi Arabia",7.50853242320819,50
2025-01-30 23:15:00.000000 UTC,https://www.shorouknews.com/news/view.aspx?cdate=31012025&id=96202a59-79c3-42ee-bb1e-ebcc8595f3ae,وزير الإسكان الفلسطيني: تجهيز 200 ألف كرفان متنقل لقطاع غزة لحل مشكلة الإيواء,MINISTRY,,Israel,-2.88461538461538,333
2025-01-30 23:15:00.000000 UTC,https://bokra.net/Article-1562516,وزير الداخلية الإسرائيلي في مؤتمر جفعات حبيبة: يجب السماح للفلسطينيين بالعمل في إسرائيل مع ضمان الأمن,GOVERNMENT,PALESTINIAN,"Tel Aviv, Tel Aviv, Israel",-0.892857142857141,80
2025-01-30 23:15:00.000000 UTC,https://www.ammonnews.net/article/901070,صحيفة عمون : السعودية تهنئ الشرع بتعيينه رئيسًا لسوريا,SAUDI ARABIA,SYRIA,"Abd Al Aziz, Al ?asakah, Syria",5.08474576271186,51
2025-01-31 11:00:00.000000 UTC,https://www.kuna.net.kw/ArticleDetails.aspx?id=3217045&language=ar,كونا : الرئيس الفرنسي يؤكد استمرار دعم بلاده للأمن والاستقرار في العراق - الشؤون السياسية,,IRAQI KURDISTAN,"Erbil, Liwa' Irbil, Iraq",1.34529147982063,41
2025-01-31 21:30:00.000000 UTC,https://alahalygate.com/archives/249671,برلمانية: الشعب المصري سطر ملحمة تاريخية أمام معبر رفح لتأكيد رفض تهجير الفلسطينيين,ISRAEL,,Israel,3.16455696202531,51
2025-01-31 21:30:00.000000 UTC,https://www.alahednews.com.lb/article.php?id=78918&cid=113,اجتماع لرؤساء البلديات ومخاتير قرى الحافة الأمامية مع رئيس مجلس الجنوب وحايك وضاهر لمواكبة عودة الأهالي,LEBANON,,"Bekaa, Béa, Lebanon",0.55970149253732,51
2025-01-31 21:30:00.000000 UTC,https://www.dostor.org/4947710,نائبة التنسيقية: حشود رفح رسالة دعم شعبية لموقف الرئيس من مخطط التهجير,ISRAEL,,"Mabar Rafah, , Egypt",2.76073619631902,120
2025-01-31 21:45:00.000000 UTC,https://www.vetogate.com/5338928,وزير البترول يعتمد الجمعيات العمومية لشركتي النصر والسويس,COMPANY,,"Wizarat Al Bitrul, Al Qahirah, Egypt",4.77941176470588,42
2025-01-31 22:00:00.000000 UTC,http://www.elbrqnews.com/New-News/171070.html,رئيس الجيل الديمقراطي: حشد آلاف المصريين أمام معبر رفح رسالة برفض التهجير القسري,PALESTINIAN,,"Jerusalem, Israel (general), Israel",-5.92105263157894,110
2025-01-31 22:15:00.000000 UTC,https://bawabatii.net/news322135.html,رسميًا ولأول مرة... الحكومة اليمنية توجه «اتهاما خطيرا» لـ سلطنة عمان - (فيديو + تفاصيل),MILITIA,,Yemen,0.47846889952153,874
2025-01-31 22:30:00.000000 UTC,https://www.elwatannews.com/news/details/7814441,وزير أردني سابق: التهجير خط أحمر ومؤامرة على حساب الفلسطينيين,PALESTINIAN,EGYPT,"Jerusalem, Israel (general), Israel",-8.66425992779782,120
2025-01-31 22:30:00.000000 UTC,https://www.elwatannews.com/news/details/7814558,رئيس هيئة الرقابة الصحية: المبادرات أسهمت في تحسين النظام الصحي (حوار),DOCTOR,,Egypt,4.77657935285054,71
2025-01-31 22:45:00.000000 UTC,https://sarabic.ae/20250131/1097359887.html,إسرائيل تفرج عن الدفعة الثالثة من الأسرى الفلسطينيين، رئيس الوزراء الفلسطيني: إعمار غزة يتطلب خروج إسرائيل وتخلي حماس عن الحكم,QATAR,DAMASCUS,"Doha, Ad Daw?ah, Qatar",-1.85185185185185,42
2025-01-31 23:15:00.000000 UTC,https://stepagency-sy.net/2025/01/31/%D8%A8%D8%A7%D9%84%D9%81%D9%8A%D8%AF%D9%8A%D9%88-%D9%87%D8%AF%D9%8A%D8%A9-%D8%A7%D9%84%D8%B1%D8%A6%D9%8A%D8%B3-%D8%A7%D9%84%D8%B3%D9%88%D8%B1%D9%8A-%D8%A3%D8%AD%D9%85%D8%AF-%D8%A7%D9%84%D8%B4%D8%B1/,بالفيديو| هدية الرئيس السوري أحمد الشرع لأمير قطر خلال زيارته لدمشق | وكالة ستيب نيوز,SYRIA,QATAR,"Damascus, Dimashq, Syria",3.57142857142858,40
2025-01-31 23:30:00.000000 UTC,http://www.elbrqnews.com/New-News/171233.html,إلقاء القبض على رئيس فرع الأمن السياسي في درعا,CRIMINAL,,"Muhafazat Al Ladhiqiyah, Al Ladhiqiyah, Syria",-2.09790209790209,12
2025-01-31 23:30:00.000000 UTC,http://www.elbrqnews.com/New-News/171208.html,وزير الصناعة: نعمل على مواكبة التغيّرات السريعة في حركة السوق,ACTOR,,Bahrain,1.73160173160173,12
2025-02-01 01:30:00.000000 UTC,https://www.al-binaa.com/archives/424756,تبادل رابع في غزة: 3 أسرى مقابل 183 منهم 72 من الأحكام العالية والمؤبدات / المقاومة الإسلامية في سورية تعلن أولى عملياتها في القنيطرة.. والاحتلال يعترف / إشكالية تمثيل القوات تعطّل ولادة الحكومة بينما سائر العقد باتت بمتناول سلام - جريدة البناء | Al-binaa Newspaper,MEDIA,GOVERNMENT,"Baabda, Mont-Liban, Lebanon",-3.35323840146992,40
2025-02-01 18:00:00.000000 UTC,https://www.shorouknews.com/news/view.aspx?cdate=01022025&id=a76988c4-54ab-4bed-b978-9335c00f0ee2,مستشار الرئيس الفلسطيني يشيد بحشود رفح الرافضة للتهجير: هذه مصر التي نعرفها,EGYPTIAN,PALESTINIAN,Gaza Strip,-5.97609561752989,120
2025-02-01 21:30:00.000000 UTC,https://www.annaharkw.com/annahar/Article.aspx?id=1011956,سورية بين الرئيسين القوتلي والشرع!,CITIZEN,,Syria,1.78571428571428,51
2025-02-01 21:30:00.000000 UTC,https://www.annaharkw.com/annahar/Article.aspx?id=1011867,زبيدوف: وزير الاقتصاد والتجارة الطاجيكي يزور الكويت الأربعاء,TAJIKISTAN,,Kuwait,1.8450184501845,46
2025-02-01 21:30:00.000000 UTC,https://www.okaz.com.sa/articles/authors/2180217,من ملامح السياسة الأمريكية المتوقعة..,IRAN,,Jordan,-4.60199004975124,100
2025-02-01 21:30:00.000000 UTC,http://www.elbrqnews.com/New-News/174150.html,عبدالمنعم سعيد: مكالمة ترامب مع الرئيس السيسي تؤكد نجاح مصر رفضها للتهجير,GAZA,EGYPTIAN,Egypt,-1.20772946859904,46
2025-02-01 21:30:00.000000 UTC,https://www.elfagr.org/5114420,الشيوخ يناقش خطة الحكومة بشأن رقمنة المعاملات المالية غير المصرفية,SENATE,GOVERNMENT,"Ain Sukhna, As Suways, Egypt",1.38036809815951,40
2025-02-01 22:00:00.000000 UTC,http://www.elbrqnews.com/New-News/174246.html,الديهي: ما يجري بالمنطقة الآن حذر منه الرئيس السيسي منذ طوفان الأقصى,PRISONER,,"Al Kulliyah Al Harbiyah, Al Qahirah, Egypt",-6.9620253164557,841
2025-02-01 22:00:00.000000 UTC,http://www.elbrqnews.com/New-News/174217.html,وزير الخارجية في معرض الكتاب: القضية الفلسطينية محور استقرار المنطقة وعلاقتنا بواشنطن استراتيجية,EGYPT,,Turkey,1.8918918918919,30
2025-02-01 22:00:00.000000 UTC,http://www.elbrqnews.com/New-News/174240.html,أبو شامة: مكالمة ترامب بالرئيس السيسي تتويج للتحركات المصرية السياسية والشعبية,EGYPT,,Egypt,2.42718446601942,41
2025-02-01 22:00:00.000000 UTC,https://www.dostor.org/4948942,مبادرات دبلوماسية ومواقف سياسية.. كيف يدعم الرئيس السيسي جهود السلام في المنطقة؟,ISRAEL,,Egypt,1.23022847100176,30
2025-02-01 22:00:00.000000 UTC,https://www.albayan.ae/news/middle-east/24540,نتنياهو يعين الجنرال زامير رئيساً لأركان الجيش الإسرائيلي,HAMAS,,Israel,-2.35294117647059,871
2025-02-01 22:15:00.000000 UTC,https://www.albawabhnews.com/5148248,وزير الخارجية في معرض الكتاب: القضية الفلسطينية محور استقرار المنطقة وعلاقتنا بواشنطن استراتيجية,,EGYPT,"Cairo International, Al Qahirah, Egypt",1.78817056396148,30
2025-02-01 22:30:00.000000 UTC,https://www.kuna.net.kw/ArticleDetails.aspx?id=3217205&language=ar,كونا : رئيس الوزراء العراقي يفتتح معرض بغداد الدولي ويدعو لزيادة الاستثمارات الأجنبية - اقتصاد,IRAQI,SUDAN,Oman,2.4390243902439,46
2025-02-01 22:45:00.000000 UTC,https://bokra.net/Article-1562627,وزيرا خارجية مصر والأردن يبحثان مع أمين سر منظمة التحرير عودة السلطة الفلسطينية إلى غزة,JORDAN,PALESTINIAN,Jordan,3.125,60
2025-02-01 23:00:00.000000 UTC,http://www.elbrqnews.com/New-News/174357.html,د. نيفين بسيوني تعلن دعمها وتأييدها الكامل للرئيس السيسي بشأن القضية الفلسطينية,ISRAEL,,"Jerusalem, Israel (general), Israel",0.0,14
2025-02-01 23:30:00.000000 UTC,http://www.elbrqnews.com/New-News/174366.html,عاجل.. متحدث الصحة: توجيهات من الرئيس بتقديم الدعم للأشقاء بغزة,EGYPT,GAZA,"Wizarat As Sihhah, Al Qahirah, Egypt",3.31753554502369,50
2025-02-01 23:45:00.000000 UTC,https://bawabatii.net/news322193.html,5 أولويات رئيسية خلال لقاء نتنياهو - ترمب المرتقب في واشنطن... الحوثي على رأسها (تفاصيل),ENVOY,,Iran,-2.94736842105263,42
2025-02-02 14:15:00.000000 UTC,https://www.dostor.org/4949916,صلاح مغاوري: الرئيس دائما يتحدث فى المحافل الدولية عن الحق الفلسطيني بشكل واضح,,CAIRO,"Cairo, Al Qahirah, Egypt",-0.61349693251534,40
2025-02-02 14:15:00.000000 UTC,http://www.elbrqnews.com/New-News/176147.html,"""لا توجد تفاصيل واضحة"".. رئيس وزراء قطر يعلق على مفاوضات المرحلة الثانية من اتفاق غزة - الأول نيوز",HAMAS,EGYPT,"Cairo, Al Qahirah, Egypt",1.79372197309417,120
2025-02-02 22:30:00.000000 UTC,https://3yonnews.com/1932266,وزير المالية يترأس الاجتماع السعودي الألماني لتعزيز التعاون الاقتصادي,GERMANY,KINGDOM,"Wizarat Al Istithmar, Al Qahirah, Egypt",1.16279069767442,40
2025-02-02 22:30:00.000000 UTC,https://www.dostor.org/4950406,نائب رئيس جامعة الأزهر يمثن رفض القيادة السياسية لتهجير الفلسطينيين,DEPUTY,UNIVERSITY,"Al-Azhar University, Gaza Strip (general), Gaza Strip",5.20446096654275,42
2025-02-02 22:45:00.000000 UTC,http://www.elbrqnews.com/New-News/177954.html,وزير الخارجية والهجرة يعقد لقاءً مع الجالية المصرية في المنامة,EGYPTIAN,MANAMA,"Manama, Al Manamah, Bahrain",3.07692307692307,46
2025-02-02 23:00:00.000000 UTC,https://www.aljazeera.net/news/2025/2/3/%D8%A7%D9%84%D8%A7%D8%AD%D8%AA%D9%84%D8%A7%D9%84-%D9%8A%D8%B7%D8%A8%D9%82-%D8%AD%D8%B5%D8%A7%D8%B1%D9%87-%D8%B9%D9%84%D9%89-%D9%85%D8%AE%D9%8A%D9%85-%D8%AC%D9%86%D9%8A%D9%86,الاحتلال يطبق حصاره على مخيم جنين لليوم الـ14 ورئيس أركانه يتوعد باقتباس من التوراة,FIGHTER,,"Mukhayyam Janin, West Bank (general), West Bank",-7.05329153605016,12
2025-02-02 23:15:00.000000 UTC,https://www.albayan.ae/opinions/articles/24728,لا يا سيادة الرئيس!,EGYPT,GAZA,"Gaza, Israel (general), Israel",-2.37623762376238,36
2025-02-02 23:15:00.000000 UTC,https://www.albayan.ae/economy/money/investing/24714,فؤاد محمد رئيساً تنفيذياً جديداً لـ«المصرف»,ISLAMIC,BANK,"Dubai, Dubayy, United Arab Emirates",3.8961038961039,50
2025-02-02 23:30:00.000000 UTC,https://pnn.ps/news/701180,عقب نشرهما استطلاع وحلقة تلفزيونية : وزير الصحة يستقبل وفدًا من ملتقى الطلبة وشبكة PNN ويعلن تبنيه خطوات تطويرية,WEST BANK,,"Bethlehem, West Bank (general), West Bank",-1.13636363636364,20
2025-02-02 23:30:00.000000 UTC,https://www.kuna.net.kw/ArticleDetails.aspx?id=3217355&language=ar,كونا : وزير الخارجية الإيراني يدعو إلى تعزيز علاقات بلاده الاقتصادية والتجارية مع كازاخستان - الشؤون السياسية,MINIST,TEHRAN,"Tehran, Tehran, Iran",2.76243093922652,60
2025-02-02 23:30:00.000000 UTC,https://stepagency-sy.net/2025/02/02/%D8%A7%D9%84%D8%B1%D8%A6%D9%8A%D8%B3-%D8%A7%D9%84%D8%AC%D8%B2%D8%A7%D8%A6%D8%B1%D9%8A-%D9%8A%D8%AA%D8%AD%D8%AF%D8%AB-%D8%B9%D9%86-%D8%B4%D8%B1%D8%B7/,"الرئيس الجزائري يتحدث عن شرط وحيد لعلاقات مع إسرائيل ويحذر ماكرون من ""خطأ فادح"" | وكالة ستيب نيوز",FRENCH,MOROCCAN,Israel,-10.4166666666667,20
2025-02-02 23:45:00.000000 UTC,https://kuwaitnews.com/100216/,النائب الأول لرئيس الوزراء يلتقي أعضاء سفارة الكويت والضباط الكويتيين الدارسين في مصر,KUWAITI,EGYPTIAN,Egypt,4.85436893203883,51
2025-02-03 11:30:00.000000 UTC,https://www.kuna.net.kw/ArticleDetails.aspx?id=3217413&Language=ar,كونا : الرئيس السوري الانتقالي يصل إلى أنقرة غدا في ثاني زيارة خارجية له - الشؤون السياسية,SAUDI ARABIA,SYRIA,Syria,1.53846153846154,42
2025-02-03 22:00:00.000000 UTC,https://www.vetogate.com/5341130,وزير الطيران: نستهدف تحويل مصر إلى مركز إقليمي للشحن الجوي والتجارة العالمية,UNITED KINGDOM,,"Cairo, Al Qahirah, Egypt",4.3517679057117,42
2025-02-03 22:00:00.000000 UTC,https://www.annaharkw.com/annahar/Article.aspx?id=1012157,وزير العدل ووفد مغربي بحثا أوجه التعاون القضائي المشترك,MOROCCAN,,Kuwait,2.91970802919708,90
2025-02-03 22:15:00.000000 UTC,https://www.dostor.org/4951846,وزير الاستثمار: السوق المصري يمتلك فرص استثمارية في مختلف القطاعات,MINIST,EGYPTIAN,Egypt,1.31004366812227,130
2025-02-03 22:15:00.000000 UTC,http://www.elbrqnews.com/New-News/181496.html,علاقة استراتيجية.. الرئيس السوري يشكر المملكة على حفاوة الاستقبال,SYRIAN,UNITED KINGDOM,"Mecca, Makkah, Saudi Arabia",9.43396226415094,51
2025-02-03 22:45:00.000000 UTC,http://www.elbrqnews.com/New-News/181562.html,البرلمان العربي يدين قرار الاحتلال الإسرائيلي إلغاء اتفاقية 1967 مع وكالة الأونروا,PARLIAMENT,ISRAELI,"Unrwa, Gaza Strip (general), Gaza Strip",-4.76190476190475,111
2025-02-03 23:00:00.000000 UTC,http://www.elbrqnews.com/New-News/181594.html,الرئيس السيسي يستقبل نظيره الكيني لبحث تعزيز العلاقات الثنائية والتشاور حول الأوضاع الإقليمية,ISRAEL,PALESTINIAN,"Gaza, Israel (general), Israel",1.25228280720062,120
2025-02-03 23:15:00.000000 UTC,https://elaph.com/Web/ElaphWriter/2025/02/1560147.html,مأزق السياسة القطرية في الشرق الأوسط,PRESIDENT,SYRIA,"Damascus, Dimashq, Syria",-0.30060120240481,43
2025-02-03 23:15:00.000000 UTC,https://kuwaitnews.com/100292/,الشرع: الوصول إلى انتخابات رئاسية يحتاج ما بين 4 و5 سنوات,SYRIA,,"As Suq Al Hurrah, Dimashq, Syria",-2.15827338129497,190
2025-02-03 23:30:00.000000 UTC,https://www.kuna.net.kw/ArticleDetails.aspx?id=3217528&Language=ar,كونا : البرلمان العربي يدين مجددا قرار الاحتلال بحظر عمل (أونروا) - الشؤون السياسية,PARLIAMENT,,"Jerusalem, Israel (general), Israel",-4.77941176470593,111
2025-02-03 23:30:00.000000 UTC,https://www.albawabhnews.com/5149406,البرلمان العربي يدين قرار الاحتلال الإسرائيلي إلغاء اتفاقية 1967 مع وكالة الأونروا,PARLIAMENT,,"Unrwa, Gaza Strip (general), Gaza Strip",-4.19354838709679,111
2025-02-03 23:30:00.000000 UTC,https://www.kuna.net.kw/ArticleDetails.aspx?id=3217520&language=ar,كونا : الرئيس الأمريكي يشبه الاحتلال الإسرائيلي برأس قلم على مكتبه - الشؤون السياسية,ISRAELI,,Israel,2.39520958083832,14
2025-02-03 23:30:00.000000 UTC,https://alwasat.ly/news/arabic/466015,الشرع: سورية تحتاج إلى أربع أو خمس سنوات لتنظيم الانتخابات ونظام الحكم سيكون جمهوريًّا,SYRIA,GOVERNMENT,"Idlib, Idlib, Syria",-2.23325062034739,120
2025-02-04 09:15:00.000000 UTC,http://www.elbrqnews.com/New-News/182197.html,لجنة الانتخابات: انسحاب د. الشيخة إيشاع آل خليفة بسبب ظروف خاصة,BAHRAIN,,Bahrain,0.61538461538462,26
2025-02-04 21:30:00.000000 UTC,https://www.dostor.org/4953257,"""خلاف"": زيارة وزير الخارجية إلى أنقرة تعطي إشارة قوية للعلاقات بين البلدين",TURKISH,EGYPT,"Wizarat Al Kharijiyah, Al Qahirah, Egypt",2.734375,43
2025-02-04 21:30:00.000000 UTC,https://www.vetogate.com/5340234,سر انشغال الإمام الشافعي بالتعليم والبعد عن السياسة والإمارة,IMAM,CAIRO,Egypt,-2.39567233384853,51
2025-02-04 21:30:00.000000 UTC,https://maqar.com/archives/701146,الحكومة تبدأ مراجعة أنظمة تسجيل الأدوية البيولوجية لتعزيز القطاعين الصحي والصناعي - صحيفة المقر,GOVERNMENT,,Jordan,2.02578268876611,50
2025-02-04 21:30:00.000000 UTC,https://www.emaratalyoum.com/politics/news/2025-02-05-1.1918368,وزير الداخلية السوري السابق محمد الشعار يسلّم نفسه للسلطات الجديدة,PRISON,,"Latakia, Al Ladhiqiyah, Syria",-4.375,10
2025-02-04 22:00:00.000000 UTC,https://www.kuna.net.kw/ArticleDetails.aspx?id=3217680&Language=ar,كونا : الرئيس التركي: هناك توافق بالآراء بين أنقرة والإدارة السورية في جميع القضايا - الشؤون السياسية,SYRIA,TURKEY,Syria,2.04081632653061,46
2025-02-04 22:00:00.000000 UTC,https://www.alnilin.com/13367600.htm,«الداخلية»: القبض على رئيس مجلس إدارة شركة شهيرة في الإسكندية لغسل 50 مليون جنيه - النيلين,,COMPANY,"Wizarat Ad Dakhiliyah, Al Qahirah, Egypt",-3.60824742268041,43
2025-02-04 22:00:00.000000 UTC,https://we.mansheet.net/%D8%B9%D8%A7%D8%AC%D9%84-%D9%88%D9%84%D9%8A_%D8%A7%D9%84%D8%B9%D9%87%D8%AF-%D9%88%D8%B1%D8%A6%D9%8A%D8%B3-%D8%AF%D9%88%D9%84%D8%A9-%D8%A7%D9%84%D8%A5%D9%85%D8%A7%D8%B1%D8%A7%D8%AA-%D9%8A%D8%B3/,#عاجل .. #ولي_العهد ورئيس دولة الإمارات يستعرضان هاتفياً العلاقات الأخوية بين البلدين - جريدة مانشيت,,PRESIDENT,United Arab Emirates,7.21649484536082,41
2025-02-04 22:00:00.000000 UTC,https://www.kuna.net.kw/ArticleDetails.aspx?id=3217685&Language=ar,"كونا : وزير الخارجية الإيراني يؤكد أهمية الحفاظ على أجواء ""التفاهم الوطني"" في لبنان - الشؤون السياسية",REFUGEE,,Lebanon,1.81818181818181,70
2025-02-04 22:15:00.000000 UTC,https://www.aljazeeramubasher.net/news/2025/2/4/%D9%88%D8%B2%D9%8A%D8%B1-%D8%A7%D9%84%D8%AF%D8%A7%D8%AE%D9%84%D9%8A%D8%A9-%D8%A7%D9%84%D8%B3%D9%88%D8%B1%D9%8A-%D9%85%D8%AD%D9%85%D8%AF-%D8%A7%D9%84%D8%B4%D8%B9%D8%A7%D8%B1-%D9%8A%D8%B3%D9%84%D9%85,سوريا.. وزير الداخلية الأسبق محمد الشعار يسلّم نفسه للسلطات (فيديو),,ARMED FORCES,"Latakia, Al Ladhiqiyah, Syria",-3.26975476839237,62
2025-02-04 22:45:00.000000 UTC,http://www.elbrqnews.com/New-News/185135.html,وزير العمل يبحث مع أكاديمية العربية السعودية فرص التعاون لتأهيل الشباب المصري,MINIST,SAUDI ARABIA,Egypt,6.19266055045872,20
2025-02-04 22:45:00.000000 UTC,https://www.saidaonline.com/299540,الخارجية القطرية: رئيس وزراء قطر أكّد للرئيس عون التزام الدوحة بتزويد لبنان بإمدادات الطاقة والغاز | صيدا اون لاين,QATAR,PRESIDENT,"Baabda, Mont-Liban, Lebanon",0.0,50
2025-02-04 22:45:00.000000 UTC,https://www.albiladpress.com/news/2025/5958/bahrain/900818.html,سمو ولي العهد نائب القائد الأعلى للقوات المسلحة رئيس مجلس الوزراء يتلقى تهنئة من رئيس جهاز المخابرات الوطني بمناسبة الذكرى السابعة والخمسين لتأسيس قوة دفاع البحرين,CROWN PRINCE,INTELLIGENCE,Bahrain,13.8613861386139,51
2025-02-04 22:45:00.000000 UTC,https://qudspress.com/178914/,روسيا تؤكد رفضها سياسة الاحتلال في الضفة ومحاولات تهجير سكان غزة - وكالة قدس برس للأنباء,ISRAEL,RUSSIA,"Gaza, Israel (general), Israel",-5.81717451523545,120
2025-02-04 23:00:00.000000 UTC,https://alwasat.ly/news/international/466125,ترامب يتوعد إيران بحرمانها من «النووي».. ويستأنف سياسة «الضغوط القصوى»,,IRANIAN,Iran,-8.12324929971989,46
2025-02-04 23:00:00.000000 UTC,https://www.mena.org.eg:443/ar/news/dbcall/table/webnews/id/11054871,رئيس الهيئة القومية للكتاب يتسلم درع تكريم مؤسسة روزا اليوسف تقديرا لجهوده - Welcome to Middle East News Agency,RELIGION,,"Cairo, Al Qahirah, Egypt",6.40092173272951,42
2025-02-04 23:00:00.000000 UTC,https://www.mena.org.eg:443/news/dbcall/table/webnews/id/11054871,رئيس الهيئة القومية للكتاب يتسلم درع تكريم مؤسسة روزا اليوسف تقديرا لجهوده - Welcome to Middle East News Agency,RELIGION,,"Cairo International, Al Qahirah, Egypt",6.47773279352227,42
2025-02-04 23:45:00.000000 UTC,http://www.elbrqnews.com/New-News/185102.html,رئيس الوطني للإعلام بالإمارات: البحرين تبذل جهوداً للحفاظ على هويتها الثقافية,MEDIA,,"Muharraq, Al Mu?arraq, Bahrain",1.96078431372549,10
2025-02-04 23:45:00.000000 UTC,https://gate.el-balad.com/83369,رئيس الوزراء يطلع على أنشطة مركز إمحوتب للإبداع والتطوير لتنمية شركات الإلكترونيات,,EGYPT,"Wizarat Al Ittisalat, Al Qahirah, Egypt",5.9640522875817,43
2025-02-05 14:30:00.000000 UTC,https://www.kuna.net.kw/ArticleDetails.aspx?id=3217774&Language=ar,"كونا : الحكومة الألمانية: غزة والضفة والقدس الشرقية ""أراضي فلسطينية"" - الشؤون السياسية",MINIST,GERMAN,Gaza Strip,-3.20284697508897,110
2025-02-05 22:00:00.000000 UTC,https://www.elfagr.org/5116827,خيارات جديدة لطلاب الثانوية.. الحكومة تدرس اعتماد البكالوريا بجانب النظام التقليدي,,MALE,Egypt,1.08864696734059,40
2025-02-05 22:00:00.000000 UTC,https://www.shorouknews.com/news/view.aspx?cdate=05022025&id=aa312ce2-134f-4b2b-99fd-8ecfaaf17b2c,وزير البترول والثروة المعدنية يبحث مع شركة أنجلو جولد اشانتي استثماراتها في منجم السكري,,AFRICA,Egypt,4.04411764705882,46
2025-02-05 22:15:00.000000 UTC,https://www.kuna.net.kw/ArticleDetails.aspx?id=3217858&Language=ar,كونا : الرئيس الفرنسي يؤكد استعداد فرنسا لدعم عملية الانتقال في سوريا - الشؤون السياسية,FRENCH,FRANCE,Syria,0.0,51
2025-02-05 22:30:00.000000 UTC,https://sabq.org/saudia/8ygwv7zoix,وزير التعليم: ضبط درجات الطلاب عبر الاختبارات المركزية.. وشركة تطوير للإشراف على المدارس,MINISTRY,WORKER,"Jeddah, Makkah, Saudi Arabia",4.34782608695652,57
2025-02-05 22:30:00.000000 UTC,https://www.fj-p.com/400246/%D8%A7%D9%84%D8%A3%D8%AF%D9%84%D8%A9-%D9%82%D8%A7%D8%A6%D9%85%D8%A9-%D8%B1%D8%BA%D9%85-%D9%85%D8%AD%D8%A7%D9%88%D9%84%D8%A7%D8%AA-%D8%AA%D8%AF%D9%85%D9%8A%D8%B1%D9%87%D8%A7-%D9%85%D8%B3%D8%A7%D8%A1/,الأدلة قائمة رغم محاولات تدميرها .. مساءلة نظام الأسد تنتظر تصريحا من حكومة الشرع؟,SYRIAN,,"Damascus, Dimashq, Syria",-2.70602706027061,100
2025-02-05 22:45:00.000000 UTC,http://www.elbrqnews.com/New-News/188813.html,رئيس ألمانيا يُغادر عمان في اختتام زيارة عمل للأردن,GERMAN,,Jordan,10.7913669064748,10
2025-02-05 22:45:00.000000 UTC,https://www.vetogate.com/5342656,وزير الطيران يبحث مع كبرى الشركات البريطانية فرص التعاون في طروحات إدارة وتشغيل المطارات,BRITISH,MINIST,"National Bank, Al Qahirah, Egypt",3.38028169014085,46
2025-02-05 23:00:00.000000 UTC,https://bokra.net/Article-1562882,وزير تركي: سنبدأ محادثات تفعيل التجارة الحرة مع سوريا,,SYRIAN,"Damascus, Dimashq, Syria",0.82644628099174,46
2025-02-05 23:00:00.000000 UTC,https://3yonnews.com/1932711,ماكرون يدعو الرئيس السوري لزيارة فرنسا,SYRIA,,Saudi Arabia,-0.40322580645161,50
2025-02-05 23:00:00.000000 UTC,https://www.nile.eg/%D8%A8%D8%A7%D9%84%D8%B5%D9%88%D8%B1-%D8%B1%D8%B3%D8%A7%D9%84%D8%A9-%D9%85%D9%86-%D8%A7%D9%84%D8%B1%D8%A6%D9%8A%D8%B3-%D8%A7%D9%84%D8%B3%D9%8A%D8%B3%D9%89-%D9%84%D9%86%D8%B8%D9%8A%D8%B1%D9%87-%D9%81,النيل – قناة مصر الإخبارية | بالصور.. رسالة من الرئيس السيسى لنظيره في إفريقيا الوسطى تتعلق بتعزيز العلاقات الأخوية للبلدين,EGYPT,AFRICA,"Wizarat Al Kharijiyah, Al Qahirah, Egypt",8.26446280991736,51
2025-02-05 23:00:00.000000 UTC,https://www.saidaonline.com/299603,"مصادر بإدارة ترامب لـ""الشرق"": عبرنا عن رغبتنا بعدم إشراك ""حزب الله"" في حكومة لبنان | صيدا اون لاين",UNITED STATES,NAWAF SALAM,Lebanon,-1.0204081632653,51
2025-02-05 23:30:00.000000 UTC,https://arabic.euronews.com/2025/02/05/iran-donald-trump-currency-plummets-economy-maximum-pressure-exchange-dollar-record,انخفاض قياسي في سعر الريال الإيراني بعد قرار ترامب تصعيد سياسة الضغط على طهران,TEHRAN,ISLAMIC,"Tehran, Tehran, Iran",-3.05084745762712,57
2025-02-05 23:30:00.000000 UTC,https://www.albawabhnews.com/5150468,المهندس كريم بدوي يبحث مع رئيس شركة باريك جولد سبل التعاون المشترك,AFRICA,CAPE TOWN,Egypt,4.98442367601246,46
2025-02-06 14:00:00.000000 UTC,http://www.elbrqnews.com/New-News/190437.html,وزير الزراعة يبحث زيادة تصدير شتلات الفراولة والموالح بالتعاون مع جامعة فلوريدا,,BERLIN,"Cairo, Al Qahirah, Egypt",2.60416666666667,42
2025-02-06 14:45:00.000000 UTC,https://www.kuna.net.kw/ArticleDetails.aspx?id=3217939&Language=ar,كونا : رئيس إقليم كردستان العراق ومبعوث الرئيس الروسي يؤكدان أهمية الحفاظ على الأمن والاستقرار في العراق - الشؤون السياسية,BAGHDAD,SUDAN,"Baghdad, Baghdad, Iraq",1.6025641025641,90
2025-02-06 18:00:00.000000 UTC,https://arabic.euronews.com/2025/02/06/lebanon-nawaf-salam-government-formation-stumbles-political-parties,"لبنان: تعثّر تشكيل الحكومة بعد 3 أسابيع من تكليف نواف سلام.. والقاضي يشتكي من ""الحسابات الضيقة""",,LEBANON,"Al Qasr Al Jumhuri, Beyrouth, Lebanon",-1.41342756183745,42
2025-02-06 22:15:00.000000 UTC,https://www.annaharkw.com/annahar/Article.aspx?id=1012386,عقبات ترجئ إعلان الحكومة اللبنانية.. سلام يشتكي من «حسابات ضيقة»,JOURNALIST,LEBANESE,"Baabda, Mont-Liban, Lebanon",1.01351351351352,10
2025-02-06 22:15:00.000000 UTC,https://www.annaharkw.com/annahar/Article.aspx?id=1012432,سمو رئيس مجلس الوزراء استقبل وفداً قضائياً مغربياً,PRESIDENT,MOROCCO,Kuwait,3.06122448979591,129
2025-02-06 22:15:00.000000 UTC,https://www.shorouknews.com/news/view.aspx?cdate=06022025&id=5011ac95-aeab-4fb3-bbb4-d624989cf2b1,وزير الأوقاف: موقف مصر الرافض لتهجير الفلسطينيين يمثل خط دفاع أساسي عن استقرار المنطقة ككل,MINIST,PALESTINIAN,Egypt,-9.52380952380952,10
2025-02-06 22:15:00.000000 UTC,https://bokra.net/Article-1562992,وزيرة بريطانية: نعارض أي جهود لتهجير الفلسطينيين من غزة,UNITED STATES,GAZA,Gaza Strip,-2.22222222222223,36
2025-02-06 22:15:00.000000 UTC,https://www.annaharkw.com/annahar/Article.aspx?id=1012382,وزير الحرب الإسرائيلي يطلب من الجيش تجهيز خطة لتفريغ غزة من السكان,MINIST,ARMY,Gaza Strip,0.39370078740158,20
2025-02-06 22:30:00.000000 UTC,https://www.alahednews.com.lb/article.php?id=79139&cid=114,رئيس شعبة استخبارات العدو عن خطة ترامب: قد تشعل المنطقة في شهر رمضان,PRESIDENT,ISRAEL,"Shlomi, Ha?afon, Israel",-3.42465753424657,46
2025-02-06 22:30:00.000000 UTC,https://www.alahednews.com.lb/article.php?id=79137&cid=116,"كاتب أميركي: سياسة ترامب هي إذعان لكل ما تريده الحكومة ""الإسرائيلية""",PALESTINE,ISRAEL,Iraq,-2.85714285714286,203
2025-02-06 22:30:00.000000 UTC,https://www.vetogate.com/5343376,أكسيوس: وزير الخارجية الأمريكي يخطط لزيارة الشرق الأوسط منتصف الشهر الجاري,GAZA,PRESIDENT,Israel,-8.20895522388056,42
2025-02-06 22:30:00.000000 UTC,https://we.mansheet.net/%D8%AE%D8%A7%D8%B5-%D9%86%D8%A7%D8%A6%D8%A8-%D8%B1%D8%A6%D9%8A%D8%B3-%D8%AD%D8%B2%D8%A8-%D8%A7%D9%84%D9%85%D8%A4%D8%AA%D9%85%D8%B1-%D8%A8%D9%8A%D8%A7%D9%86-%D8%A7%D9%84%D8%AE%D8%A7%D8%B1%D8%AC/,"خاص| نائب رئيس حزب المؤتمر: بيان "" الخارجية ""يعكس التزام مصر الراسخ بدعم حقوق الشعب الفلسطيني - جريدة مانشيت",THE INTERNATIONAL COMMUNITY,ISRAELI,Israel,-1.60427807486631,10
2025-02-06 22:30:00.000000 UTC,https://www.albayan.ae/news/uae/foreign-affairs/25626,رئيس الدولة والرئيس الفرنسي يبحثان تعزيز العلاقات الاستراتيجية بين البلدين,MINIST,FRENCH,"Abu Dhabi, Abu Z¸aby, United Arab Emirates",4.23280423280423,43
2025-02-06 22:45:00.000000 UTC,http://www.elbrqnews.com/New-News/192070.html,وزير الخارجية الأمريكي يعلق على قرار ترامب وقف المساعدات الأمريكية,FOREIGN MINIST,,Israel,4.08163265306123,162
2025-02-06 23:00:00.000000 UTC,https://arabic.euronews.com/2022/12/29/itamar-ben-gvir-new-far-right-government-netanyahu-israel-paletinians-lgbt,نتنياهو يعود بحكومة سادسة.. يمينية متطرفة دينية متزمتة وأولوياتها الاستيطان وإضعاف القضاء,WEST BANK,ISRAELI,Israel,-6.27943485086342,111
2025-02-06 23:00:00.000000 UTC,https://www.dostor.org/4955823,أسامة كمال: البابا فرنسيس أشاد بدور الرئيس السيسى فى التعامل مع الأزمة الفلسطينية,ISRAEL,EGYPT,"Gaza, Israel (general), Israel",0.0,51
2025-02-06 23:30:00.000000 UTC,http://www.elbrqnews.com/New-News/192143.html,رئيس دافوس الشرق الأوسط: مصر على الطريق الصحيح اقتصاديًا وتقدم خدمة كبيرة للمجتمع الدولي,DAVOS,,Egypt,-2.34741784037559,42
2025-02-06 23:45:00.000000 UTC,https://www.akhbarona.com/social/400592.html,"""ليس رئيسًا بل تاجر صفقات"".. مغاربة يهاجمون ترامب بسبب تهجير الفلسطينيين",PALESTINIAN,,"Gaza, Israel (general), Israel",-2.34192037470726,120
2025-02-06 23:45:00.000000 UTC,https://www.3yonnews.com/1932840,وزير خارجية أمريكا: غزة لم تعد صالحة للسكن,ARMY,GAZA,Saudi Arabia,-2.62008733624454,130
2025-02-06 23:45:00.000000 UTC,https://stepagency-sy.net/2025/02/06/%D9%88%D8%B2%D9%8A%D8%B1-%D8%A7%D9%84%D8%AE%D8%A7%D8%B1%D8%AC%D9%8A%D8%A9-%D8%A7%D9%84%D8%A7%D9%85%D8%B1%D9%8A%D9%83%D9%8A-%D9%8A%D8%AD%D8%B0%D8%B1-%D9%85%D9%86-%D8%A7%D9%84%D8%B9%D9%88%D8%AF%D8%A9/,"وزير الخارجية الامريكي يحذر من العودة إلى غزة ويتحدث عن "" الذخائر الكامنة"" | وكالة ستيب نيوز",PRESIDENT,UNITED STATES,Gaza Strip,-1.67597765363128,90
2025-02-07 11:45:00.000000 UTC,https://qudspress.com/179345/,وزير الخارجية الإسباني: غزة لأهلها ويجب أن تكون جزءا من الدولة الفلسطينية - وكالة قدس برس للأنباء,ISRAELI,ISRAELI,"Gaza, Israel (general), Israel",-1.20845921450151,100
2025-02-07 14:45:00.000000 UTC,https://www.alquds.com/ar/posts/151038,وزير الخارجية الأميركي ماركو روبيو يتوجه للشرق الأوسط الأسبوع المقبل,FOREIGN MINIST,GAZA,Gaza Strip,-0.99337748344371,36
2025-02-07 21:00:00.000000 UTC,https://www.shorouknews.com/news/view.aspx?cdate=07022025&id=d6255ff8-c8c4-41c1-9fa9-3038d1afcaf0,الطفل الفلسطيني عبد الله كحيل بعد علاجه بمصر: لولا الرئيس السيسي لكانت قدمي مبتورة,MEDIA,EGYPT,Egypt,-1.4218009478673,10
2025-02-07 21:00:00.000000 UTC,https://www.vetogate.com/5343924,خطوة نحو الاعتراف بنظام أحمد الشرع، وزير خارجية الجزائر يزور سوريا غدا السبت,ALGERIAN,SYRIAN,"Damascus, Dimashq, Syria",0.0,10
2025-02-07 21:00:00.000000 UTC,http://www.elbrqnews.com/New-News/194295.html,الرئيس اللبناني: استقرار الجنوب مرهون بانسحاب إسرائيل ووقف الاعتداءات,LEBANESE,,Israel,-11.0294117647058,871
2025-02-07 21:15:00.000000 UTC,https://www.swissinfo.ch/ara/%d8%a3%d9%85%d8%b1%d9%8a%d9%83%d8%a7-%d8%ad%d8%af%d8%af%d8%aa-,"أمريكا حددت ""خطا أحمر"" يمنع حزب الله من الانضمام لحكومة لبنان",LEBANON,UNITED STATES,Israel,-5.15151515151515,80
2025-02-07 21:15:00.000000 UTC,https://www.alriyadh.com/2117572,رئيس سوريا يتلقى دعوة لزيارة ألمانيا,SYRIA,RIYADH,Syria,2.01342281879194,43
2025-02-07 21:30:00.000000 UTC,https://www.mena.org.eg:443/ar/news/dbcall/table/textnews/id/11058559,وزير السياحة والأثار يؤكد أهمية تطوير العلاقات السياحية بين مصر وتركيا - Welcome to Middle East News Agency,MINIST,EGYPT,"Alamein, Matru?, Egypt",3.54838709677419,20
2025-02-07 21:30:00.000000 UTC,http://www.elbrqnews.com/New-News/194372.html,وزير السياحة يختتم لقاءاته في تركيا بلقاء رئيسة اتحاد الفنادق,MINIST,TURKEY,"Hurghada, Al Ba?r al A?mar, Egypt",4.04127257093723,40
2025-02-07 21:30:00.000000 UTC,http://www.elbrqnews.com/New-News/194401.html,عبدالله كحيل يشكر الرئيس السيسي بعد تلقيه العلاج في مصر: لن نترك أرضنا,ABDULLAH,EGYPT,"Rafah, Shamal Sina', Egypt",-2.14477211796247,60
2025-02-07 21:30:00.000000 UTC,http://www.elbrqnews.com/New-News/194404.html,رئيس الديوان الملكي الأسبق: تهجير الفلسطينيين إلى الأردن أمر مرفوض,EGYPT,,West Bank,-10.1910828025478,120
2025-02-07 22:00:00.000000 UTC,https://www.shorouknews.com/news/view.aspx?cdate=07022025&id=6ad26243-b187-4fae-a23d-a0ad7ee05924,رئيس هيئة دعم فلسطين: مصر قادرة على إعادة إعمار غزة دون خروج أي مواطن,ISRAEL,PALESTINIAN,"Cairo, Al Qahirah, Egypt",-3.48837209302326,51
2025-02-07 22:00:00.000000 UTC,https://www.kuna.net.kw/ArticleDetails.aspx?id=3218097&language=ar,كونا : الرئيس التركي يبحث مع نظيره الفرنسي العلاقات الثنائية وقضايا إقليمية ودولية - الشؤون السياسية,FRANCE,,Syria,-4.13793103448276,70
2025-02-07 22:15:00.000000 UTC,https://bokra.net/Article-1563033,الملك عبد الله الثاني والرئيس العراقي يبحثان التطورات الإقليمية وملف القضية الفلسطينية,KING,PALESTINIAN,"Gaza, Israel (general), Israel",0.0,51
2025-02-07 22:30:00.000000 UTC,https://www.vetogate.com/5343968,"أزمة داخل الاحتلال بسبب انتقاد رئيس شعبة ""أمان"" لخطة ترامب",GAZA,ISRAEL,"Gaza, Israel (general), Israel",-5.21739130434782,84
2025-02-07 22:45:00.000000 UTC,http://www.elbrqnews.com/New-News/194517.html,ماتنسوش أصحاب المعاشات.. عمرو أديب يوجه رسالة للحكومة قبل تطبيق الحزمة الاجتماعية,EGYPTIAN,,"Al Hamsani, Al Gharbiyah, Egypt",2.14477211796247,51
2025-02-07 22:45:00.000000 UTC,http://www.elbrqnews.com/New-News/194512.html,وزير خارجية الكويت: قمة عربية طارئة في القاهرة قريبا,CAIRO,,Saudi Arabia,-3.76175548589342,40
2025-02-07 23:30:00.000000 UTC,https://www.dostor.org/4956888,"الطفل الفلسطينى عبد الله كحيل يوجه رسالة شكر للرئيس السيسى: ""جميلك فوق راسى""",PALESTINIAN,PRESIDENT,"Cairo, Al Qahirah, Egypt",6.74846625766872,51
2025-02-07 23:45:00.000000 UTC,http://www.elbrqnews.com/New-News/194573.html,بحضور الحكومة.. قوى النواب تناقش مشكلات العاملين بمصانع الغزل والنسيج,HOUSE OF REPRESENTATIVES,WORKER,"Wizarat Al Maliyah, Al Qahirah, Egypt",-0.94517958412098,40
2025-02-08 21:45:00.000000 UTC,https://www.vetogate.com/5344665,المتطرف بن غفير يرفض العودة لحكومة الاحتلال بسبب نقاشات المرحلة الثانية,ISRAEL,GOVERNMENT,Israel,-1.58730158730159,110
2025-02-08 21:45:00.000000 UTC,https://almasdaronline.com/articles/310994,معهد دول الخليج بواشنطن: قرار ترامب إعادة تصنيف الحوثيين منح الحكومة اليمنية فرصة لتجفيف شبكات تمويل الجماعة,YEMEN,,"Al Bank Al Markazi Al Yamani, ?a?ramawt, Yemen",-4.91803278688525,81
2025-02-08 21:45:00.000000 UTC,https://www.dostor.org/4958003,خطوة نحو الاستقرار والإصلاح.. دعم عربي ودولي للحكومة اللبنانية الجديدة,UNIVERSITY,NAWAF SALAM,"Arab League, Al Qahirah, Egypt",6.62824207492795,51
2025-02-08 22:00:00.000000 UTC,http://www.elbrqnews.com/New-News/197322.html,"وزير التعليم: مقترح شهادة ""البكالوريا المصرية"" نقلة نوعية في تطوير الثانوية العامة",MINISTRY,COMMUNITY,Egypt,4.53141091658084,40
2025-02-08 22:30:00.000000 UTC,https://www.kuna.net.kw/ArticleDetails.aspx?id=3218193&language=ar,كونا : رئيس البرلمان العربي يندد بالتصريحات الإسرائيلية الاستفزازية تجاه السعودية - الشؤون السياسية,PARLIAMENT,ISRAELI,Saudi Arabia,-4.02010050251256,111
2025-02-08 22:30:00.000000 UTC,https://www.kuna.net.kw/ArticleDetails.aspx?id=3218201&language=ar,كونا : إسبانيا ترحب بتشكيل الحكومة اللبنانية الجديدة - الشؤون السياسية,SPAIN,LEBANESE,Lebanon,2.7027027027027,51
2025-02-08 23:00:00.000000 UTC,http://www.elbrqnews.com/New-News/197365.html,الرئيس الإيراني يدعو لتشكيل تحالف دولي لإعادة إعمار غزة,IRANIAN,IRAN,Iran,6.83229813664596,51
2025-02-08 23:15:00.000000 UTC,http://www.elbrqnews.com/New-News/197424.html,رئيس البرلمان العربي يرحب بتشكيل الحكومة اللبنانية الجديدة,PARLIAMENT,LEBANESE,Lebanon,8.92857142857143,51
2025-02-08 23:15:00.000000 UTC,http://www.elbrqnews.com/New-News/197407.html,ترحيب خليجي بتشكيل الحكومة اللبنانية الجديدة,CABINET,LEBANON,"Baabda, Mont-Liban, Lebanon",7.3469387755102,30
2025-02-08 23:15:00.000000 UTC,https://gate.el-balad.com/84627,وزير الخارجية يشكر نظيره المجري على المواقف الداعمة لمصر داخل الاتحاد الأوروبي,EGYPT,HUNGARY,Egypt,5.93607305936073,30
2025-02-08 23:15:00.000000 UTC,https://www.shorouknews.com/news/view.aspx?cdate=09022025&id=9b7024c9-12a6-48bf-8a56-25bea2dcc34b,شيخ مشايخ سيناء للرئيس السيسي: 110 ملايين مصري كلنا جنود خلفك,PRESIDENT,PALESTINIAN,Israel,-2.77008310249308,120
2025-02-08 23:30:00.000000 UTC,https://www.saidaonline.com/299732,ميقاتي: الحكومة الجديدة مطالبة بإثبات قدرتها على مواجهة التحديات والقيام بالإصلاحات اللازمة | صيدا اون لاين,HOUSE OF REPRESENTATIVES,GOVERNMENT,Lebanon,-2.39361702127659,40
2025-02-08 23:45:00.000000 UTC,https://www.mena.org.eg:443/ar/news/dbcall/table/textnews/id/11059622,وكيل النواب: مصر بقيادة الرئيس السيسي تقف سدًا منيعًا أمام مخططات تهجير الفلسطينيين وتصفية قضيتهم - Welcome to Middle East News Agency,PALESTINIAN,EGYPTIAN,"Cairo, Al Qahirah, Egypt",4.38311688311689,120
2025-02-08 23:45:00.000000 UTC,https://www.mena.org.eg:443/ar/news/dbcall/table/webnews/id/11059626,وكيل النواب: مصر بقيادة الرئيس السيسي تقف سدًا منيعًا أمام مخططات تهجير الفلسطينيين وتصفية قضيتهم - Welcome to Middle East News Agency,PALESTINIAN,EGYPTIAN,Egypt,4.47019867549669,120
2025-02-09 13:15:00.000000 UTC,https://www.aljazeera.net/news/2025/2/9/%D8%B1%D8%A6%D9%8A%D8%B3-%D8%A7%D9%84%D8%A7%D8%B3%D8%AA%D8%AE%D8%A8%D8%A7%D8%B1%D8%A7%D8%AA-%D8%A7%D9%84%D8%AA%D8%B1%D9%83%D9%8A%D8%A9-%D9%81%D9%8A-%D8%B7%D9%87%D8%B1%D8%A7%D9%86,"رئيس الاستخبارات التركية في طهران لمناقشة ""تهديدات إرهابية""",IRAN,TURKEY,"Anatolia, Turkey (general), Turkey",-4.31654676258993,46
2025-02-09 21:45:00.000000 UTC,https://www.kuna.net.kw/ArticleDetails.aspx?id=3218339&language=ar,كونا : الرئيس التركي: نثق بقرب تحقيق الاستقرار في سوريا بقيادة الشرع - الشؤون السياسية,TURKISH,MALE,"Istanbul, Istanbul, Turkey",1.59362549800797,43
2025-02-09 21:45:00.000000 UTC,http://www.elbrqnews.com/New-News/200622.html,وزير الصحة يبحث سبل التعاون مع المدير الإقليمي للبنك الدولي,POPULATION,EGYPT,Egypt,7.06401766004415,40
2025-02-09 21:45:00.000000 UTC,https://www.aljazeera.net/news/2025/2/9/%D9%88%D9%81%D8%AF-%D9%85%D9%86-%D8%AD%D9%85%D8%A7%D8%B3-%D9%8A%D9%84%D8%AA%D9%82%D9%8A-%D9%88%D8%B2%D9%8A%D8%B1-%D8%AE%D8%A7%D8%B1%D8%AC%D9%8A%D8%A9-%D8%A5%D9%8A%D8%B1%D8%A7%D9%86,وفد من حماس يلتقي وزير خارجية إيران وقائد الحرس الثوري,HAMAS,WEST BANK,Egypt,-5.10204081632653,90
2025-02-09 21:45:00.000000 UTC,https://www.annaharkw.com/annahar/Article.aspx?id=1012540,وزير الصحة: الاستثمار في العنصر البشري على قمة أولويات الصحة,ACTOR,,Kuwait,5.09383378016085,12
2025-02-09 21:45:00.000000 UTC,https://www.annaharkw.com/annahar/Article.aspx?id=1012574,الرئيس الأميركي يفضل الاتفاق مع إيران على مهاجمتها,TEHRAN,,Israel,-1.21580547112462,125
2025-02-09 21:45:00.000000 UTC,https://www.annaharkw.com/annahar/Article.aspx?id=1012597,أحلام الرئيس ترامب,BUSINESS,,"Gaza, Israel (general), Israel",-5.0314465408805,873
2025-02-09 21:45:00.000000 UTC,https://almasdaronline.com/articles/311044,"وكيل محافظة سقطرى عيسى بن مسلم لـ""المصدر أونلاين"": نطالب الحكومة بزيارة الجزيرة وتقديم حلول حقيقية لمعاناة السكان",YEMENI,,"Hadramaut, ?a?ramawt, Yemen",-1.66444740346205,162
2025-02-09 22:00:00.000000 UTC,http://www.elbrqnews.com/New-News/200695.html,مصر تعرب عن استهجانها لتصريحات رئيس الوزراء الإسرائيلي,EGYPT,ISRAEL,"Gaza, Israel (general), Israel",-7.10659898477161,110
2025-02-09 22:15:00.000000 UTC,https://www.dostor.org/4959258,رئيس لجنة الطاقة والقوى العاملة بـ«الشيوخ»: قانون العمل الجديد «متوازن»,ISRAEL,PALESTINIAN,"Nahr An Nil, Egypt (general), Egypt",0.0,51
2025-02-09 22:15:00.000000 UTC,http://www.elbrqnews.com/New-News/200696.html,وزيرة فلسطينية: عهدنا من المملكة السعودية مساندة القضية الفلسطينية,UNITED KINGDOM,ISRAELI,Saudi Arabia,-2.63157894736842,120
2025-02-09 22:45:00.000000 UTC,https://bokra.net/Article-1563174,ملك الأردن يبدأ زيارته للولايات المتحدة بلقاء وزير الدفاع الأميركي,JORDAN,,Gaza Strip,1.04712041884817,42
2025-02-09 22:45:00.000000 UTC,https://www.vetogate.com/5345430,القاهرة الإخبارية: ترامب يعلن لقاء الرئيس السيسي وولي العهد السعودي,ISRAEL,,Jordan,-6.76328502415459,128
2025-02-09 22:45:00.000000 UTC,http://www.elbrqnews.com/New-News/200761.html,رئيس «سدايا»: السعودية قدّمت أنموذجًا رائدًا في تعزيز الحوكمة الشاملة للذكاء الاصطناعي,SLOVAKIA,MINIST,"Riyadh, Ar Riya?, Saudi Arabia",-2.01680672268907,46
2025-02-09 22:45:00.000000 UTC,https://www.albawabhnews.com/5152426,مصر تعرب عن استهجانها لتصريحات رئيس الوزراء الإسرائيلي,EGYPT,ISRAEL,Egypt,-7.36842105263161,110
2025-02-09 22:45:00.000000 UTC,http://www.elbrqnews.com/New-News/200753.html,الأمير رحيم الحسينى الأغاخان الخامس يقدم شكره للرئيس السيسى للدعم اللامحدود لإخراج مراسم الجنازة والدفن فى أسرع وقت للأمير الراحل,EGYPT,EGYPT,Egypt,7.61421319796951,51
2025-02-09 22:45:00.000000 UTC,https://www.elwatannews.com/news/details/7829306,محلل لبناني: الحكومة الجديدة تشكلت خارج الصندوق السياسي التقليدي,MINIST,LEBANON,Lebanon,3.10344827586207,10
2025-02-09 23:00:00.000000 UTC,https://www.akhbarona.com/world/400762.html,سوريا توجه أول صفعة للجزائر.. الشرع يرفض إطلاق سراح عسكريين جزائريين ومن البوليساريو ويرد وزير خارجيتها خائبا,SYRIA,ALGERIAN,"Aleppo, ?alab, Syria",-8.02139037433155,84
2025-02-09 23:30:00.000000 UTC,http://www.elbrqnews.com/New-News/200851.html,القاهرة الإخبارية: ترامب يعلن لقائه بالرئيس السيسي وولي العهد السعودي,PALESTINIAN,ISRAEL,Saudi Arabia,1.56950672645739,36
2025-02-09 23:30:00.000000 UTC,https://gate.el-balad.com/84886,ترامب: سأجتمع مع الرئيس المصري وولي العهد السعودي,,EGYPTIAN,"Gaza, Israel (general), Israel",0.0,40
2025-02-09 23:30:00.000000 UTC,https://gate.el-balad.com/84874,وزير الأوقاف: مصر لن تقبل إلا بإقامة الدولة الفلسطينية المستقلة وعاصمتها القدس الشرقية,EGYPT,PALESTINIAN,"Wizarat Al Awqaf, Al Qahirah, Egypt",4.099560761347,120
2025-02-09 23:30:00.000000 UTC,https://gate.el-balad.com/84834,وزير العمل: إصدار كتاب دوري خلال أيام حول آليات تنفيذ قرار رفع الحد الأدني لأجور القطاع الخاص,,WORKER,Egypt,2.38907849829352,51
2025-02-09 23:30:00.000000 UTC,https://gate.el-balad.com/84873,نائب رئيس الوزراء يبحث مع وفد فرنسي آفاق التعاون المشتركة,FRANCE,,"Wizarat As Sihhah, Al Qahirah, Egypt",9.22190201729112,40
2025-02-09 23:45:00.000000 UTC,http://www.elbrqnews.com/world/200866.html,"رئيس ""سدايا"": المملكة قدّمت أنموذجًا رائدًا في تعزيز الحوكمة الشاملة للذكاء الاصطناعي",GOVERNANCE,INTELLIGENCE,"Riyadh, Ar Riya?, Saudi Arabia",-2.36686390532544,12
2025-02-10 09:45:00.000000 UTC,http://www.elbrqnews.com/New-News/201530.html,وزير إسرائيلي: حماس ما تزال تقف على قدميها ولم نحقق أهدافنا بغزة,DOHA,,"Doha, Ad Daw?ah, Qatar",-4.04040404040404,30
2025-02-10 21:30:00.000000 UTC,http://www.elbrqnews.com/New-News/204222.html,حساسين يثمن قرار الرئيس السيسي بالعفو عن 460من المحكوم عليهم,PRESIDENT,MALE,Egypt,3.91061452513967,173
2025-02-10 21:30:00.000000 UTC,https://www.albawaba.com/ar/%D8%A3%D8%AE%D8%A8%D8%A7%D8%B1/%D8%AA%D9%86%D8%AA%D8%B8%D8%B1%D9%87%D8%A7-%D9%85%D9%84%D9%81%D8%A7%D8%AA-%D8%B4%D8%A7%D8%A6%D9%83%D8%A9-%D9%87%D9%84-%D8%A8%D8%AF%D8%A3-%D8%A7%D9%86%D8%AA%D9%82%D8%A7%D8%AF-1599541,تنتظرها ملفات شائكة.. هل بدأ انتقاد الحكومة اللبنانية الجديدة؟ | البوابة,MINIST,,Lebanon,-0.974930362117,173
2025-02-10 21:30:00.000000 UTC,http://www.elbrqnews.com/New-News/204225.html,حساسين: ندعم قرارات الرئيس السيسي للحفاظ علي الأمن القومي ونرفض تهجير الفلسطينيين,PALESTINIAN,,Egypt,-5.69395017793595,120
2025-02-10 21:45:00.000000 UTC,http://www.elbrqnews.com/New-News/204244.html,وزير النقل اليمني يؤكد استئناف الرحلات الدولية إلى مطار عدن,MINIST,YEMEN,"Socotra, ?a?ramawt, Yemen",5.11182108626198,50
2025-02-10 21:45:00.000000 UTC,https://www.shorouknews.com/news/view.aspx?cdate=10022025&id=6dbac852-4534-4617-958c-4e70f7850e3a,الخطيب يستعرض مع مجلس الأهلي زيارة رئيس الهيئة الوطنية للإعلام,EGYPT,MEDIA,Egypt,3.37078651685393,40
2025-02-10 21:45:00.000000 UTC,https://www.vetogate.com/5346139,تسوية نهائية للصراع الفلسطيني-الإسرائيلي، تفاصيل لقاءات وزير الخارجية والهجرة في واشنطن,EGYPT,,"Gaza, Israel (general), Israel",3.90625,110
2025-02-10 22:00:00.000000 UTC,http://www.elbrqnews.com/New-News/204336.html,"""التوقيت غير مناسب"".. ""الرقب"" عن قرار الرئيس أبومازن بقطع مساعدات عائلات الأسرى",HAMAS,,"Tel Aviv, Tel Aviv, Israel",-3.40909090909091,14
2025-02-10 22:00:00.000000 UTC,http://www.elbrqnews.com/New-News/204292.html,وزير الخارجية يلتقي بمسؤولين أمريكيين لبحث العلاقات الثنائية وتطورات الشرق الأوسط,,MINIST,"Wizarat Al Kharijiyah, Al Qahirah, Egypt",3.40425531914894,46
2025-02-10 22:15:00.000000 UTC,https://26sep.net/index.php/more/reports/97718-2025-02-10-17-33-36,وزير الخارجية يناقش مع عدد من المحافظين المشاريع الممولة من المنظمات,,FOREIGN MINIST,"Sanaa, San‘a', Yemen",-2.52525252525253,40
2025-02-10 22:15:00.000000 UTC,https://26sep.net/index.php/local/97729-2025-02-10-18-46-29,وزير الخارجية: مستمرون في التهدئة طالما استمرت الهدنة في غزة,ISRAEL,,"Sanaa, San‘a', Yemen",-6.66666666666666,872
2025-02-10 22:15:00.000000 UTC,https://www.fj-p.com/400703/%D8%A3%D8%A8%D9%88-%D8%B9%D8%A8%D9%8A%D8%AF%D8%A9-%D8%AA%D8%A3%D8%AC%D9%8A%D9%84-%D8%A5%D8%B7%D9%84%D8%A7%D9%82-%D8%B3%D8%B1%D8%A7%D8%AD-%D8%A7%D9%84%D8%AF%D9%81%D8%B9%D8%A9-%D8%A7%D9%84%D8%B3/,“أبو عبيدة” : تأجيل إطلاق سراح الدفعة السادسة من الأسرى لعدم التزام حكومة الاحتلال ..و ترامب يتمسك بمخطط التهجير وشولتز يعتبره فضيحة,EGYPT,,"Cairo, Al Qahirah, Egypt",-3.03468208092486,43
2025-02-10 22:15:00.000000 UTC,https://www.shorouknews.com/news/view.aspx?cdate=10022025&id=6a797c91-ff11-4c41-a2d9-09300d238cd9,وزير العمل: فرص عمل متاحة بالخارج بمرتبات مجزية لجميع الفئات عبر موقع الوزارة,EGYPT,WORKER,Egypt,3.07692307692308,14
2025-02-10 22:30:00.000000 UTC,https://www.vetogate.com/5346151,وزير الإعلام اللبناني: سنعيد العلاقات مع دول المنطقة إلى سابق عهدها,EGYPT,GOVERNMENT,Egypt,9.28571428571427,51
2025-02-10 22:30:00.000000 UTC,https://www.albiladpress.com/news/2025/5964/finance/901763.html,"وزير ""المالية"": رعاية واهتمام جلالة الملك المعظم بالكوادر الوطنية الشابة أسهم في تحقيق مملكة البحرين العديد من الإنجازات",CABINET,BAHREIN,"Dubai, Dubayy, United Arab Emirates",6.54627539503386,43
2025-02-10 22:45:00.000000 UTC,https://bokra.net/Article-1563178,اعتقال منجمة تركية شهيرة بتهمة اهانة الرئيس أردوغان,,HOSPITAL,"Istanbul, Istanbul, Turkey",-3.48837209302326,43
2025-02-10 22:45:00.000000 UTC,https://sabq.org/world/11vwwlh6kd,رئيس هيئة قناة السويس: خطة ترامب بشأن غزة أثرت على حركة الملاحة العالمية,SUEZ CANAL,COMPANY,"Suez Canal, As Suways, Egypt",-3.39943342776204,46
2025-02-10 23:00:00.000000 UTC,https://www.mena.org.eg:443/ar/news/dbcall/table/textnews/id/11062186,الرئيس السيسي يشكر نظيره الموريتاني على جهوده المضنية خلال فترة توليه رئاسة الاتحاد الإفريقي - Welcome to Middle East News Agency,PRESIDENT,MAURITANIA,"Cairo, Al Qahirah, Egypt",-0.76530612244898,51
2025-02-10 23:45:00.000000 UTC,https://www.dostor.org/4960978,الديهى: نحن دولة لا تبيع مبادئها ولغة الرئيس الحاسمة بشأن التهجير غيرت السردية الأوروبية تجاه فلسطين,CITIZEN,,Egypt,-2.12765957446809,114
2025-02-11 08:15:00.000000 UTC,https://www.kuna.net.kw/ArticleDetails.aspx?id=3218531&language=ar,"كونا : الرئيس الأمريكي يهدد بإيقاف المساعدات عن الأردن ومصر ""إذا رفضا توطين الفلسطينيين"" - الشؤون السياسية",PRESIDENT,,Gaza Strip,-2.76243093922652,84
2025-02-11 11:00:00.000000 UTC,https://www.dostor.org/4961357,بيان مهم من النواب بشأن غلق دار مناسبات مسجد الإمام الشافعي.. والحكومة تعد بالحل,HOUSE OF REPRESENTATIVES,CHANCELLOR,"Wizarat Al Awqaf, Al Qahirah, Egypt",-1.94444444444444,10
2025-02-11 12:15:00.000000 UTC,https://pnn.ps/news/701695,قدورة فارس: مؤسسات الاسرى ترفض مرسوم الرئيس ونطالبه بسحبه فورا,PALESTINIAN,MAHMOUD ABBAS,Israel,-6.82593856655295,100
2025-02-11 22:00:00.000000 UTC,http://www.elbrqnews.com/New-News/207398.html,وزيرة التنمية المحلية تشهد حفل تخريج 40 متدرباً بعد حصولهم على برنامج اللغة الإنجليزية,MINISTRY,,"American University, Al Qahirah, Egypt",5.93325092707045,50
2025-02-11 22:00:00.000000 UTC,https://www.dostor.org/4962372,برلماني: مصر تؤمن بأن حقوق الفلسطينيين هي جزء أساسي من استقرار المنطقة,PALESTINIAN,,"Wizarat Al Kharijiyah, Al Qahirah, Egypt",2.38805970149254,51
2025-02-11 22:00:00.000000 UTC,https://www.vetogate.com/5346920,وزير الخارجية الإسرائيلي: العمليات العسكرية والقتال يعود في غزة لهذا السبب,EGYPTIAN,ISRAEL,Jordan,-0.636942675159241,31
2025-02-11 22:00:00.000000 UTC,http://www.elbrqnews.com/New-News/207389.html,وزير السياحة يستقبل السفير الياباني بالقاهرة لمناقشة خطط تعزيز التعاون المستقبلية,EGYPT,AMBASSADOR,"Cairo, Al Qahirah, Egypt",5.50458715596331,51
2025-02-11 22:00:00.000000 UTC,https://www.vetogate.com/5346862,أخبار مصر اليوم، رئيس الوزراء: لا تهاون مع التعديات بجزيرة الوراق، الأرصاد تحذر من أمطار متفاوتة الشدة، اعتماد 4 مستشفيات و7 وحدات طب أسرة في 11 محافظة,POPULATION,TUNISIA,"Giza, Al Jizah, Egypt",1.72872340425532,57
2025-02-11 22:15:00.000000 UTC,https://www.fj-p.com/400756/%D8%A3%D9%83%D8%A7%D8%B0%D9%8A%D8%A8-%D8%AD%D9%85%D8%AF%D9%8A-%D8%B1%D8%B2%D9%82-%D9%88%D8%A5%D8%B9%D9%84%D8%A7%D9%85-%D8%A7%D9%84%D8%B3%D9%8A%D8%B3%D9%8A-%D8%B9%D9%86-%D8%AA%D9%81%D8%B1%D9%8A%D8%B7/,أكاذيب حمدي رزق وإعلام السيسي عن تفريط الرئيس مرسي في سيناء تفضحها قوانين وقرارات حكومة هشام قنديل,ARMED FORCES,MOHAMED HUSSEIN TANTAWI,"Rafah, Shamal Sina', Egypt",-2.36220472440945,100
2025-02-11 22:15:00.000000 UTC,https://www.shorouknews.com/news/view.aspx?cdate=11022025&id=7729c059-1f56-4e15-9483-e394a54488f5,فيديو.. وزير خارجية الأردن: خطة مصرية فلسطينية عربية لإعادة إعمار غزة دون تهجير الفلسطينيين,JORDAN,PRESIDENT,Egypt,-3.13901345291479,46
2025-02-11 22:45:00.000000 UTC,https://elaph.com/Web/ElaphWriter/2025/02/1560830.html,برسم وزير الإعلام السوري,MINISTRY,SYRIA,Syria,-4.06091370558375,42
2025-02-11 22:45:00.000000 UTC,https://www.vetogate.com/5346936,وزير الخارجية الأردني: نتصدى للمخطط الإسرائيلي وندعم خطة مصر بشأن غزة,EGYPTIAN,GAZA,"Cairo, Al Qahirah, Egypt",-4.63320463320463,12
2025-02-11 23:00:00.000000 UTC,http://www.elbrqnews.com/world/207445.html,رئيس الوزراء السوري يلتقي فريق مركز الملك سلمان للإغاثة الطبي التطوعي في دمشق,SYRIA,KING,"Damascus, Dimashq, Syria",15.7407407407407,40
2025-02-11 23:00:00.000000 UTC,https://arabic.euronews.com/my-europe/2025/02/11/jd-vance-meets-ursula-von-der-leyen-eu-commission-president-ai-summit-tariffs-tension-us,فانس يلتقي رئيسة المفوضية الأوروبية في باريس مع تصاعد التوترات التجارية بين واشنطن وبروكسل,EUROPEAN COMMISSION,PARIS,Gaza Strip,-5.63380281690141,40
2025-02-11 23:15:00.000000 UTC,http://www.elbrqnews.com/New-News/207537.html,"حزب ""المصريين"": تصريحات الرئيس الأمريكي بإلغاء الهدنة في غزة غير مسئولة",PRESIDENT,EGYPT,Egypt,-5.3030303030303,111
2025-02-11 23:15:00.000000 UTC,https://alanbatnews.net/article/451263,وزير الخارجية خطة عربية مصرية فلسطينية لإعادة بناء غزة دون تهجير سكانها,EGYPTIAN,ISRAEL,"Gaza, Israel (general), Israel",-1.47783251231527,31
2025-02-11 23:15:00.000000 UTC,https://alanbatnews.net/article/451261,الملك لرئيس أمريكا مصلحة الأردن واستقراره وحمايته والأردنيين فوق كل اعتبار,ABDULLAH II,PRESIDENT,West Bank,2.17391304347826,164
2025-02-11 23:30:00.000000 UTC,http://www.elbrqnews.com/New-News/207555.html,رئيس بولندا: حكومات العالم تحتاج إلى التعاون والمرونة,,POLAND,"Dubai, Dubayy, United Arab Emirates",1.60642570281125,40
2025-02-11 23:30:00.000000 UTC,https://www.alquds.com/ar/posts/151495,حملة على وزيرة لبنانية تحدّثت عن «عودة طوعية وآمنة» للاجئين السوريين,UNHCR,SYRIAN,"Damascus, Dimashq, Syria",0.71022727272727,70
2025-02-11 23:30:00.000000 UTC,http://www.elbrqnews.com/New-News/207561.html,رئيس الإصلاح والتنمية: دعم مصر للقضية الفلسطينية جزء لا يتجزأ من سياستها الخارجية,EGYPT,ISRAEL,Egypt,-1.40845070422535,51
2025-02-11 23:30:00.000000 UTC,https://www.dostor.org/4962407,الحرية المصرى: تصريحات الرئيس الأمريكى عن التهجير تضرب أسس العدالة الدولية فى مقتل,EGYPT,ISRAEL,Egypt,-4.3956043956044,20
2025-02-11 23:45:00.000000 UTC,http://www.elbrqnews.com/New-News/207589.html,وزير خارجية الأردن يوضح ما قاله الملك عبدالله لترامب عن إعادة إعمار غزة دون تهجير الفلسطينيين - الأول نيوز,JORDAN,,Saudi Arabia,-0.92592592592593,51
2025-02-11 23:45:00.000000 UTC,https://www.elwatannews.com/news/details/7833119,نائب رئيس حزب مصر أكتوبر: مخطط ترامب لتهجير الفلسطينيين جريمة ضد الإنسانية,PALESTINIAN,ISRAEL,"Jerusalem, Israel (general), Israel",-9.84930420361959,833
2025-02-11 23:45:00.000000 UTC,https://www.elwatannews.com/news/details/7833128,برلماني: تصريحات ترامب تمثل تعديا على السيادة الوطنية للدول العربية,PALESTINIAN,EGYPT,"Jerusalem, Israel (general), Israel",-4.29799426934098,100
2025-02-11 23:45:00.000000 UTC,https://www.mena.org.eg:443/ar/news/dbcall/table/textnews/id/11063720,مساعد وزير الخارجية يبحث مع مسئولة بـ,EGYPTIAN,BANK,"Cairo, Al Qahirah, Egypt",1.82648401826484,40
2025-02-12 12:15:00.000000 UTC,https://www.alanba.com.kw/1295266/,نائب وزير الخارجية ترأس اجتماعا للجنة الحدود,FOREIGN MINIST,UNITED NATIONS,Iraq,4.08163265306122,42
2025-02-12 17:30:00.000000 UTC,https://maqar.com/archives/702186,رئيس النواب يدعو الشعب الأردني لاستقبال الملك وولي العهد في المطار - صحيفة المقر,ABDULLAH II,HOUSE OF REPRESENTATIVES,Jordan,1.44927536231884,40
2025-02-12 19:15:00.000000 UTC,https://www.alanba.com.kw/1295580,رئيس الوزراء خلال لقائه رئيس الإمارات القمة العالمية للحكومات في دبي فرصة لتطوير الشراكات وتعزيز التعاون الإقليمي والدولي,UNITED ARAB EMIRATES,GOVERNMENT,Kuwait,5.90277777777778,40
2025-02-12 22:00:00.000000 UTC,https://www.swissinfo.ch/ara/%d9%88%d8%b2%d9%8a%d8%b1-%d8%a7%d9%84%d8%af%d9%81%d8%a7%d8%b9-%d8%a7%d9%84%d8%a5%d8%b3%d8%b1%d8%a7%d8%a6%d9%8a%d9%84%d9%8a-%d9%8a%d9%87%d8%af%d8%af%3a-,"وزير الدفاع الإسرائيلي يهدد: ""حرب غزة الجديدة"" ستكون مختلفة",MINIST,GAZA,"Tel Aviv, Tel Aviv, Israel",-6.32603406326034,841
2025-02-12 22:00:00.000000 UTC,https://www.elfagr.org/5120339,رئيس جامعة أسيوط يشهد ختام أعمال ملتقى قادة اتحادات طلاب جامعات الجمهورية,UNIONS,,Egypt,3.84937238493724,10
2025-02-12 22:00:00.000000 UTC,https://www.emaratalyoum.com/local-section/other/2025-02-13-1.1920518,رئيس الدولة: «قمة الحكومات» برؤية محمد بن راشد غدت حدثاً عالمياً بارزاً من أجل سعادة الإنسان,ABDULLAH,,"Dubai, Dubayy, United Arab Emirates",4.90909090909091,43
2025-02-12 22:15:00.000000 UTC,http://www.elbrqnews.com/New-News/209978.html,العاهل الأردني والرئيس الفرنسي يبحثان هاتفيا التطورات الخطيرة في غزة والضفة الغربية,FRANCE,ISRAEL,Egypt,-1.61662817551963,40
2025-02-12 22:15:00.000000 UTC,http://www.elbrqnews.com/New-News/209975.html,البيت الأبيض: ملك الأردن رفض خطة الرئيس ترامب بنقل الفلسطينيين من غزة,GAZA,GAZA,Gaza Strip,0.0,120
2025-02-12 22:30:00.000000 UTC,https://www.kuna.net.kw/ArticleDetails.aspx?id=3218830&language=ar,كونا : العاهل الأردني يثمن للرئيس ماكرون موقف فرنسا الرافض لتهجير الفلسطينيين - الشؤون السياسية,FRENCH,GAZA,Gaza Strip,-5.0,90
2025-02-12 22:30:00.000000 UTC,https://www.3yonnews.com/1933619,تفاصيل مكالمة لمدة ساعة بين ترامب والرئيس الأوكراني,PRESIDENT,UKRAINIAN,Egypt,2.42718446601942,41
2025-02-12 22:30:00.000000 UTC,https://slaati.com/2025/02/12/p2634486.html,رئيس طيران الرياض: سنطلق رحلات لـ 100 وجهة بحلول 2030.. فيديو,MIAMI,,"Riyadh, Ar Riya?, Saudi Arabia",-0.625,40
2025-02-12 22:45:00.000000 UTC,https://www.albawabhnews.com/5154270,العاهل الأردني ورئيس مجموعة البنك الدولي يبحثان سبل تعزيز التعاون الاقتصادي,UNITED STATES,,Jordan,1.97368421052632,40
2025-02-12 23:00:00.000000 UTC,https://www.elfagr.org/5120401,وزير الخارجية والهجرة يتوجه إلى باريس للمشاركة في الاجتماع الوزاري حول سوريا,PARIS,MINIST,Syria,3.07692307692308,42
2025-02-12 23:15:00.000000 UTC,https://www.mena.org.eg:443/ar/news/dbcall/table/webnews/id/11065167,رئيس المجلس الوطني الفلسطيني يوجه الشكر لمصر على جهودها لمساعدة الشعب الفلسطيني ورفضها لتهجيره من أرضه - Welcome to Middle East News Agency,PALESTINIAN,ISRAEL,Gaza Strip,-3.40909090909091,42
2025-02-12 23:15:00.000000 UTC,http://www.elbrqnews.com/New-News/210105.html,وزير الخارجية السوري أسعد الشيباني يرفض الإقصاء والمحاصصة في تشكيل الحكومة الجديدة,MINIST,SYRIAN,"Damascus, Dimashq, Syria",0.87527352297593,120
2025-02-12 23:15:00.000000 UTC,https://www.mena.org.eg:443/news/dbcall/table/webnews/id/11065172,وزير الخارجية يتوجه إلى باريس للمشاركة في الاجتماع الوزاري حول سوريا - Welcome to Middle East News Agency,MINIST,PARIS,Syria,3.03571428571429,42
2025-02-12 23:15:00.000000 UTC,https://www.mena.org.eg:443/ar/news/dbcall/table/webnews/id/11065160,وزير الخارجية الغاني يعرب عن الشكر لمصر على مبادرات الرئيس السيسي لعلاج مليون أفريقي من فيروس التهاب الكبد الوبائي - Welcome to Middle East News Agency,MINIST,EGYPT,Egypt,1.88679245283019,10
2025-02-12 23:30:00.000000 UTC,https://www.albiladpress.com/news/2025/5966/bahrain/902086.html,وزيرة الإسكان والتخطيط العمراني آمنة الرميحي لـ “البلاد”: “سترة الإسكاني” وعمارات مدينة سلمان المطورة أبرز ما تم تنفيذه ببرنامج الحكومة حتى الآن,,GOVERNMENT,Bahrain,3.92609699769053,46
2025-02-12 23:45:00.000000 UTC,http://www.elbrqnews.com/New-News/210129.html,"عاجل.. رئيس شعبة البن يكشف لـ""مصر تايمز"" لغز ارتفاع أسعار ""القهوة"" المفاجئ",,EGYPT,"Wizarat Az Ziraah, Al Jizah, Egypt",-3.76940133037694,43
2025-02-13 10:00:00.000000 UTC,https://www.alriyadh.com/2118554,العاهل الأردني والرئيس الفرنسي يبحثان هاتفيًا المستجدات في غزة والضفة الغربية,FRENCH,GAZA,"Gaza, Israel (general), Israel",-3.125,41
2025-02-13 16:45:00.000000 UTC,https://www.dostor.org/4964616,"جودة وأسعار تنافسية.. رئيس حي وسط يتابع معدلات الأقبال على ""سوق اليوم الواحد""",NEIGHBORHOOD,,"Muhafazat Al Iskandariyah, Al Iskandariyah, Egypt",3.17460317460317,40
2025-02-13 20:00:00.000000 UTC,http://www.elbrqnews.com/New-News/212115.html,الحكومة تدعو القطاع الخاص للاستثمار في مشاريع الطاقة والتعدين,JORDANIAN,OMAN,Oman,-0.5175983436853,46
2025-02-13 21:15:00.000000 UTC,https://addiyar.com/article/2228089-%d8%ad%d9%83%d9%88%d9%85%d8%a9-%d8%a5%d8%b5%d9%84%d8%a7%d8%ad-%d9%88%d8%a5%d9%86%d9%82%d8%a7%d8%b0-%d9%87%d8%b0%d9%87-%d9%87%d9%8a-%d8%a7%d9%84%d8%a3%d9%88%d9%84%d9%88%d9%8a%d8%a7%d8%aa,"حكومة ""إصلاح وإنقاذ""... هذه هي الأولويّات - شربل الأشقر",EUROPEAN,,Lebanon,0.55617352614015,33
2025-02-13 21:15:00.000000 UTC,http://www.elbrqnews.com/New-News/212241.html,مصر.. جدل في البرلمان حول مصير جثمان المحكوم عليه بالإعدام حال عدم تسلم أهله له - الأول نيوز,HOUSE OF REPRESENTATIVES,,"Cairo, Al Qahirah, Egypt",-5.53709856035437,42
2025-02-13 21:15:00.000000 UTC,https://www.shorouknews.com/news/view.aspx?cdate=13022025&id=c7a8da72-3560-4e64-92d4-7b25616309bd,رئيس الوزراء الفلسطيني: وضعنا خططا عاجلة لإغاثة غزة ونباشر تنفيذها منذ وقف إطلاق النار,ISRAEL,EGYPT,"Gaza, Israel (general), Israel",0.0,43
2025-02-13 21:30:00.000000 UTC,https://www.alahednews.com.lb/article.php?id=79394&cid=125,رغم حصار التحالف على اليمن.. حكومة التغيير والبناء تصرف مرتبات موظفي الدولة,GOVERNMENT,,"Sanaa, San‘a', Yemen",-1.23022847100175,73
2025-02-13 21:45:00.000000 UTC,https://www.nile.eg/%D8%A8%D8%A7%D9%84%D8%B5%D9%88%D8%B1-%D9%88%D8%B2%D9%8A%D8%B1-%D8%A7%D9%84%D8%A8%D8%AA%D8%B1%D9%88%D9%84-%D9%8A%D8%B9%D9%82%D8%AF-%D8%AC%D9%84%D8%B3%D8%A9-%D9%85%D8%A8%D8%A7%D8%AD%D8%AB%D8%A7%D8%AA-2,"النيل – قناة مصر الإخبارية | بالصور.. وزير البترول يعقد جلسة مباحثات مع الرئيس التنفيذى لشركة ""أدنوك"" الإماراتية",MINIST,COMPANY,Egypt,3.00429184549357,46
2025-02-13 21:45:00.000000 UTC,http://www.elbrqnews.com/New-News/212301.html,حكومة الإمارات تنضم إلى المركز العالمي لتكنولوجيا الحكومة لتعزيز الابتكار والخدمات الرقمية,BERLIN,GOVERNMENT,United Arab Emirates,5.71428571428571,46
2025-02-13 21:45:00.000000 UTC,https://www.dostor.org/4964975,مختار غباشي: خطة الرئيس الأمريكى لتهجير سكان قطاع غزة تهدد استكمال المرحلة الثانية من الهدنة,DETAINEE,,Israel,-9.48905109489051,160
2025-02-13 22:00:00.000000 UTC,https://www.elwatannews.com/news/details/7836350,وزير الخارجية يستعرض مع نظيرته الألمانية الموقف المصري تجاه غزة,FOREIGN MINIST,EUROPEAN,Egypt,2.89855072463768,51
2025-02-13 22:00:00.000000 UTC,https://www.elwatannews.com/news/details/7836563,وزيرة التضامن: معرض «ديارنا» منفذ تسويقي للأسر المنتجة,,AMBASSADOR,"Alexandria, Al Iskandariyah, Egypt",5.14342235410485,43
2025-02-13 22:00:00.000000 UTC,https://www.elwatannews.com/news/details/7836317,رئيس لجنة الإعلام بالبرلمان الأردني: خطاب العاهل الأردني «اتحرّف» من «رويترز»,,THE WHITE HOUSE,Jordan,-6.66666666666671,43
2025-02-13 22:00:00.000000 UTC,https://www.albiladpress.com/news/2025/5967/bahrain/902283.html,وزير الخارجية يشارك في مؤتمر باريس بشأن سوريا,SAUDI ARABIA,AQABA,Syria,4.84140233722871,40
2025-02-13 22:00:00.000000 UTC,https://www.26sep.net/index.php/global/97917-5-167,الرئيس بري يرفض بقاء الاحتلال الإسرائيلي في 5 نقاط لبنانية,PRESIDENT,ISRAELI,Israel,-6.89655172413793,120
2025-02-13 22:00:00.000000 UTC,https://www.26sep.net/index.php/global/97916-2025-02-13-20-32-03,حزب الله يستنكر التهديدات الإسرائيلية ويطالب الحكومة اللبنانية بحماية سيادة البلاد,PRESIDENT,LEBANON,Israel,-8.15217391304344,871
2025-02-13 22:00:00.000000 UTC,http://www.elbrqnews.com/New-News/212314.html,الرئيس ترمب.. لا تخسر أصدقاءك وحلفاءك!,PRESIDENT,SPAIN,Israel,-0.6631299734748,51
2025-02-13 22:00:00.000000 UTC,https://www.shorouknews.com/news/view.aspx?cdate=13022025&id=c70bd646-9f15-4d5d-80a7-1320e6f9ed20,رئيس وزراء فلسطين: بدأنا برنامج إغاثة بـ 80 مليون دولار في غزة.. والاحتلال أكبر عائق,CITIZEN,,"Gaza, Israel (general), Israel",2.19298245614035,70
2025-02-13 22:15:00.000000 UTC,http://www.elbrqnews.com/New-News/212375.html,الملك يتلقى برقية تهنئة من وزير المالية والاقتصاد الوطني بمناسبة ذكرى ميثاق العمل الوطني,KING,,Bahrain,12.1212121212121,20
2025-02-13 22:30:00.000000 UTC,https://www.albayan.ae/news/uae/world-government-summit/27357,سيف بن زايد يستعرض ورئيس حكومة إقليم كردستان العراق سبل تعزيز العلاقات,GOVERNMENT,POPULATION,Iraq,0.943396226415096,40
2025-02-13 23:00:00.000000 UTC,http://www.elbrqnews.com/New-News/212420.html,رئيس أرض الصومال: نتطلع لشراكة مع الإمارات,HOSPITAL,,Saudi Arabia,3.27380952380952,71
2025-02-13 23:00:00.000000 UTC,http://www.elbrqnews.com/New-News/212449.html,وزير الإسكان الفلسطيني: الاحتلال دمر 90% من مقومات الحياة في غزة,PALESTINE,,"Cairo, Al Qahirah, Egypt",-2.25988700564971,71
2025-02-13 23:15:00.000000 UTC,https://www.elwatannews.com/news/details/7836608,وزير فلسطيني: الاحتلال دمر 90% من مقومات الحياة في غزة,PALESTINE,,"Gaza, Israel (general), Israel",-1.05263157894737,20
2025-02-13 23:30:00.000000 UTC,https://www.al-binaa.com/archives/425562,عون التقى وفد الجامعة الثقافية في العالم: المغتربون مؤمنون بوطنهم لكن يحتاجون للثقة بالحكومة - جريدة البناء | Al-binaa Newspaper,LEBANESE,PRESIDENT,Lebanon,3.23741007194245,42
2025-02-14 18:30:00.000000 UTC,https://www.almanar.com.lb/13152801,مقدمة نشرة أخبار المنار الرئيسية ليوم الجمعة في 14-2-2025,LEBANON,,"Naqoura, Liban-Sud, Lebanon",-1.97044334975369,43
2025-02-14 18:45:00.000000 UTC,https://www.alanba.com.kw/1295879/,رئيس الوزراء بحث مع رؤساء فنلندا والقيادة اليمني وإقليم كردستان العراق سبل تعزيز العلاقات في مختلف المجالات,MINIST,FINLAND,Kuwait,5.92255125284738,90
2025-02-14 19:00:00.000000 UTC,https://sudanile.com/%D9%88%D8%B2%D9%8A%D8%B1-%D8%A7%D9%84%D8%AE%D8%A7%D8%B1%D8%AC%D9%8A%D8%A9-%D8%A7%D9%84%D9%85%D8%B5%D8%B1%D9%8A-%D9%8A%D8%A4%D9%83%D8%AF-%D9%84%D9%86%D8%B8%D9%8A%D8%B1%D9%87-%D8%A7%D9%84%D8%B3%D9%88/,وزير الخارجية المصري يؤكد لنظيره السوداني دعم مصر الكامل للسودان ومؤسساته الوطنية - سودانايل,MINIST,SUDAN,Egypt,5.12820512820513,51
2025-02-14 19:15:00.000000 UTC,http://www.elbrqnews.com/New-News/213876.html,وزير الخارجية يلتقي في ميونيخ مع رئيس إقليم كردستان العراق,MINIST,IRAQI KURDISTAN,Iraq,3.6697247706422,40
2025-02-14 19:45:00.000000 UTC,https://www.albawabhnews.com/5155068,الرئيس الفلسطينى يثمن موقف الفاتيكان الرافض لتهجير الفلسطينيين,PALESTINIAN,THE POPE,"Gaza, Israel (general), Israel",1.16959064327485,51
2025-02-14 19:45:00.000000 UTC,https://palinfo.com/news/2025/02/14/939792/,وزير خارجية الأردن: نرفض التهجير وندعم خطة مصر لإعادة إعمار غزة,UNITED STATES,JORDAN,"Gaza, Israel (general), Israel",-3.6231884057971,43
2025-02-14 19:45:00.000000 UTC,https://www.aljazeera.net/ebusiness/2025/2/14/%D9%88%D8%B2%D9%8A%D8%B1%D8%A9-%D8%B3%D9%88%D8%AF%D8%A7%D9%86%D9%8A%D8%A9-%D9%86%D8%AA%D9%88%D9%82%D8%B9-%D8%A7%D8%B3%D8%AA%D8%AB%D9%85%D8%A7%D8%B1%D8%A7%D8%AA-%D8%AA%D8%B1%D9%83%D9%8A%D8%A9,وزيرة سودانية: نتوقع استثمارات تركية كبيرة في السودان قريبا,TURKEY,,"Istanbul, Istanbul, Turkey",3.51288056206089,311
2025-02-14 20:00:00.000000 UTC,http://www.elbrqnews.com/New-News/213944.html,الإبعاد عن القدس .. سياسة قديمة متجددة للاحتلال تأخذ منحى خطيرا,,BERBER,"Jerusalem, Israel (general), Israel",-7.69903762029742,51
2025-02-14 20:15:00.000000 UTC,https://kuwaitnews.com/101081/,سمو رئيس مجلس الوزراء يستقبل رئيس الشؤون العالمية لغولدمان ساكس ورئيس إيرباص ونائب رئيس بوينغ,ABDULLAH,CABINET,Kuwait,2.94117647058824,42
2025-02-14 20:15:00.000000 UTC,https://we.mansheet.net/%D8%B1%D8%A6%D9%8A%D8%B3-%D8%A7%D9%84%D9%88%D8%B2%D8%B1%D8%A7%D8%A1-%D9%85%D8%B5%D8%B1-%D8%AA%D9%88%D8%A7%D8%B5%D9%84-%D8%AC%D9%87%D9%88%D8%AF%D9%87%D8%A7-%D9%84%D8%AF%D8%B9%D9%85-%D9%88%D8%AA%D8%AB/,رئيس الوزراء: مصر تواصل جهودها لدعم وتثبيت اتفاق وقف إطلاق النار في غزة - جريدة مانشيت,ANGOLA,PRESIDENT,"Gaza, Israel (general), Israel",3.84615384615384,42
2025-02-14 20:15:00.000000 UTC,https://www.dostor.org/4965929,رئيس حزب مصر 2000: مصر تتحرك برؤية واضحة لتنفيذ إعادة إعمار غزة,CAIRO,,"Gaza, Israel (general), Israel",-1.50602409638554,120
2025-02-14 20:30:00.000000 UTC,https://www.wafa.ps/Pages/Details/114071,الرئيس يثمن موقف الفاتيكان الرافض لتهجير شعبنا,PRESIDENT,THE POPE,"Gaza, Israel (general), Israel",0.568181818181809,51
2025-02-14 20:30:00.000000 UTC,https://bawabatii.net/news322670.html,يلعب فيها ولي عهد السعودية دورا رئيسيا.. الكشف عن بنود المقترح المصري بشأن غزة,,SAUDI ARABIA,"Riyadh, Ar Riya?, Saudi Arabia",-0.74626865671641,40
2025-02-14 20:30:00.000000 UTC,https://www.vetogate.com/5348836,بعد الإعلان عن لقاء بوتين وترامب بالمملكة، وزير خارجية السعودية يلتقي سيناتور أمريكي (فيديو),MUNICH,,"Gaza, Israel (general), Israel",0.0,40
2025-02-14 21:00:00.000000 UTC,http://www.elbrqnews.com/New-News/214008.html,اليحيا يلتقي رئيس إقليم كردستان العراق على هامش أعمال مؤتمر ميونخ للأمن,KURDISTAN,IRAQ,Iraq,4.02684563758389,43
2025-02-14 21:15:00.000000 UTC,https://www.cawalisse.com/217574/,“السياسة الخارجية العدائية التي ينتهجها ترامب تتحدّى أجندته “أمريكا أولاً,CONGRESS,,"Gaza, Israel (general), Israel",-3.27600327600327,172
2025-02-14 21:15:00.000000 UTC,https://www.vetogate.com/5348861,لقاءات ثنائية لوزير الطيران لتعزيز التعاون الدولي في مجال صناعة النقل الجوي,UNITED ARAB EMIRATES,,"Cairo, Al Qahirah, Egypt",4.96183206106871,51
2025-02-14 21:45:00.000000 UTC,https://www.elwatannews.com/news/details/7837964,وزير الطيران: المستقبل يعتمد على التعاون بين الدول لتبني الحلول التكنولوجية,MALAYSIA,MINIST,"Cairo, Al Qahirah, Egypt",4.41501103752759,40
2025-02-14 22:15:00.000000 UTC,https://www.kuna.net.kw/ArticleDetails.aspx?id=3219118&Language=ar,كونا : وزير الخارجية التركي يؤكد ضرورة دعم الحكومة الجديدة في سوريا - الشؤون السياسية,FOREIGN MINIST,TURKEY,"Anatolia, Turkey (general), Turkey",0.5464480874317,30
2025-02-14 23:15:00.000000 UTC,https://www.fj-p.com/400965/%D9%85%D8%B4%D8%B1%D9%88%D8%B9-%D8%A8%D8%AF%D8%A3%D9%87-%D8%A7%D9%84%D8%B1%D8%A6%D9%8A%D8%B3-%D9%85%D8%B1%D8%B3%D9%8A-%D9%84%D9%84%D9%85%D8%B5%D8%B1%D9%8A%D9%8A%D9%86-%D8%A7%D9%84%D8%B3%D9%8A%D8%B3/,مشروع بدأه الرئيس مرسي للمصريين .. السيسي يسلم الإمارات 3 محطات ركاب سياحية بشرم والغردقة وسفاجا!,BUSINESS,,"Hurghada, Al Ba?r al A?mar, Egypt",-0.123152709359606,20
2025-02-14 23:45:00.000000 UTC,https://www.aljazeeramubasher.net/news/politics/2025/2/15/%D8%B1%D8%A6%D9%8A%D8%B3-%D8%A8%D9%84%D8%AF%D9%8A%D8%A9-%D8%B1%D9%81%D8%AD-%D8%A7%D9%84%D9%85%D8%AF%D9%8A%D9%86%D8%A9-%D8%AE%D8%A7%D8%B1%D8%AC-%D8%A7%D8%AA%D9%81%D8%A7%D9%82-%D9%88%D9%82%D9%81,رئيس بلدية رفح: المدينة خارج اتفاق وقف إطلاق النار والاحتلال مستمر في القتل (فيديو),PRISONER,HAMAS,"Mabar Rafah, , Egypt",-3.54767184035477,841
2025-02-15 10:30:00.000000 UTC,https://www.aljazeera.net/news/2025/2/15/%D8%A7%D9%84%D8%B1%D8%A6%D9%8A%D8%B3-%D8%A7%D9%84%D9%84%D8%A8%D9%86%D8%A7%D9%86%D9%8A-%D9%8A%D8%AF%D9%8A%D9%86-%D8%A7%D9%84%D9%87%D8%AC%D9%88%D9%85-%D8%B9%D9%84%D9%89-%D9%85%D9%88%D9%83%D8%A8,رئيس لبنان يدين الهجوم على موكب اليونيفيل ويؤكد ملاحقة المعتدين,AUTHORITIES,IRANIAN,"Beirut, Beyrouth, Lebanon",-9.35550935550941,80
2025-02-15 15:45:00.000000 UTC,https://www.kuna.net.kw/ArticleDetails.aspx?id=3219200&Language=ar,كونا : الحكومة اللبنانية تدين الهجوم على موكب (يونيفيل) - الشؤون السياسية,MINIST,,"Beirut, Beyrouth, Lebanon",-2.57611241217798,90
2025-02-15 22:15:00.000000 UTC,http://www.elbrqnews.com/New-News/216062.html,وزير الصناعة لـ«الوطن»: خطة لإنشاء صندوق وطني للتنمية الصناعية لتوفير التمويل اللازم للمشاريع,BAHRAIN,,Bahrain,4.43349753694581,50
2025-02-15 22:15:00.000000 UTC,https://www.elfagr.org/5121760,زيارة وزير الخارجية الأمريكي إلى إسرائيل ومستقبل إدارة قطاع غزة,ISRAELI,,"Ben Gurion, HaMerkaz, Israel",-3.43213728549142,46
2025-02-15 22:30:00.000000 UTC,https://cedarnews.net/folders/bbc/819457/%D9%81%D9%8A-%D8%A3%D9%88%D9%84-%D8%B2%D9%8A%D8%A7%D8%B1%D8%A9-%D9%84%D9%84%D8%B4%D8%B1%D9%82-%D8%A7%D9%84%D8%A3%D9%88%D8%B3%D8%B7%D8%8C-%D9%88%D8%B2%D9%8A%D8%B1-%D8%A7%D9%84%D8%AE%D8%A7%D8%B1%D8%AC/,في أول زيارة للشرق الأوسط، وزير الخارجية الأمريكي يصل إسرائيل,,MINIST,"Gaza, Israel (general), Israel",-2.65151515151515,46
2025-02-15 22:30:00.000000 UTC,https://cedarnews.net/folders/section/819461/%D8%B1%D8%B3%D8%A7%D8%A6%D9%84-%D8%A7%D9%84%D8%B4%D8%A7%D8%B1%D8%B9-%D8%AA%D9%8F%D9%82%D8%A7%D8%A8%D9%8E%D9%84-%D8%A8%D8%B1%D9%81%D8%B6-%D9%88%D8%A7%D8%B3%D8%B9-%D9%88%D8%A7%D9%84%D8%B1%D8%A6%D9%8A/,رسائل الشارع تُقابَل برفض واسع.. والرئيس عون: المعتدون سيُعاقَبون,PRESIDENT,DEPUTY,Israel,-4.84848484848485,180
2025-02-15 23:00:00.000000 UTC,https://www.alanba.com.kw/1296059/,وزير الخارجية بحث مع المبعوث الأميركي لليمن ونظرائه من السودان ولاتفيا وليختنشتاين القضايا الإقليمية والدولية والتطورات في المنطقة,FOREIGN MINIST,YEMEN,Yemen,1.15942028985507,90
2025-02-15 23:15:00.000000 UTC,https://www.aljazeeramubasher.net/news/politics/2025/2/15/%D8%A7%D9%84%D8%AD%D9%83%D9%88%D9%85%D8%A9-%D8%A7%D9%84%D9%84%D8%A8%D9%86%D8%A7%D9%86%D9%8A%D8%A9-%D8%AA%D8%A8%D8%AD%D8%AB-%D8%AD%D9%84%D9%88%D9%84%D8%A7-%D9%84%D8%A3%D8%B2%D9%85%D8%A9,الحكومة اللبنانية تبحث حلولا لأزمة الطائرات الإيرانية بعد اندلاع مظاهرات.. وطهران تعلن موقفها (فيديو),LEBANON,IRANIAN,"Beirut, Beyrouth, Lebanon",-1.08695652173913,20
2025-02-15 23:15:00.000000 UTC,https://gate.el-balad.com/86260,وزير قطاع الأعمال العام في جولة ميدانية موسعة بمصانع مجمع الألومنيوم بنجع حمادي,,EGYPT,Egypt,3.72960372960373,43
2025-02-15 23:45:00.000000 UTC,https://www.mena.org.eg:443/ar/news/dbcall/table/textnews/id/11068920,وزير الزراعة الإيطالي لـ (أ ش أ) : مصر صاحبة حضارة عظيمة قدمت للعالم الكثير - Welcome to Middle East News Agency,,EGYPT,"Mina Al Iskandariyah, Al Iskandariyah, Egypt",4.03225806451613,43
2025-02-16 10:45:00.000000 UTC,https://www.lebanon24.com/news/lebanon/1321197/%d8%a7%d9%84%d8%ab%d9%82%d8%a9-%d9%84%d8%ad%d9%83%d9%88%d9%85%d8%a9-%d8%b3%d9%84%d8%a7%d9%85-%d9%85%d8%b6%d9%85%d9%88%d9%86%d8%a9-%d9%85%d8%a7%d8%b0%d8%a7-%d8%a8%d8%b9%d8%af%d9%87%d8%a7%d8%9f,الثقة لحكومة سلام مضمونة.. ماذا بعدها؟,NAWAF SALAM,LEBANON,"Baabda, Mont-Liban, Lebanon",0.43010752688172,36
2025-02-16 16:15:00.000000 UTC,https://stepagency-sy.net/2025/02/16/%D8%A8%D8%A7%D9%84%D9%81%D9%8A%D8%AF%D9%8A%D9%88-%D8%A7%D9%84%D8%B1%D8%A6%D9%8A%D8%B3-%D8%A7%D9%84%D8%B3%D9%88%D8%B1%D9%8A-%D9%8A%D8%AA%D9%81%D9%82%D8%AF-%D8%A7%D9%84%D9%82%D9%88%D8%A7%D8%AA-%D8%A7/,بالفيديو| الرئيس السوري يتفقد القوات البحرية السورية على ساحل طرطوس | وكالة ستيب نيوز,,MILITARY,"Sahat Al Muhafazah, Idlib, Syria",-2.14285714285715,43
2025-02-16 21:15:00.000000 UTC,https://www.addustour.com/articles/1473766-%D8%AD%D8%B1%D8%A8-%D8%BA%D8%B2%D8%A9-%D8%B3%D9%8A%D8%A7%D8%B3%D8%A9-%D8%A7%D9%84%D8%A7%D8%AD%D8%AA%D9%88%D8%A7%D8%A1,حرب غزة.. سياسة الاحتواء,OSLO,PALESTINIAN,"Tel Aviv, Tel Aviv, Israel",-3.40030911901082,57
2025-02-16 21:15:00.000000 UTC,http://www.elbrqnews.com/New-News/218206.html,وزير المالية: أهمية مواكبة التطورات الاقتصادية عبر تبني المبادرات والبرامج والسياسات,MINIST,BAHREIN,Bahrain,5.36912751677853,51
2025-02-16 21:30:00.000000 UTC,https://www.alanba.com.kw/1296167/,وزير التجارة بحث تعزيز التعاون مع أذربيجان وأوزبكستان,MINIST,AZERBAIJAN,Kuwait,1.78571428571429,90
2025-02-16 21:45:00.000000 UTC,https://www.mena.org.eg:443/news/dbcall/table/webnews/id/11070219,مساعد وزير الخارجية يعقد مشاورات حول حفظ السلام مع مساعد سكرتير عام الأمم المتحدة - Welcome to Middle East News Agency,FOREIGN MINIST,UNITED NATIONS,"Cairo, Al Qahirah, Egypt",5.26315789473685,60
2025-02-16 21:45:00.000000 UTC,https://www.vetogate.com/5350313,وزير جيش الاحتلال: إسرائيل لن توافق على إقامة دولة فلسطينية تهدد وجودها,MINIST,ISRAEL,"Gaza, Israel (general), Israel",-2.71186440677966,138
2025-02-16 21:45:00.000000 UTC,https://www.alanba.com.kw/1296187/,وزير الإعلام بحث مع وزيرة الثقافة الليبية تعزيز التعاون بين البلدين,MINIST,,"Kuwait International, Kuwait (general), Kuwait",3.75,90
2025-02-16 22:15:00.000000 UTC,https://www.dostor.org/4968499,محلل سياسي يكشف أهمية اللقاء الذي جمع بين الرئيس السيسي بولي العهد الأردني,JORDAN,JORDAN,Jordan,0.89285714285714,42
2025-02-16 22:15:00.000000 UTC,https://www.dostor.org/4968473,لبنى عسل: رئيس الكونجرس اليهودي أثنى على دور القاهرة بدعم القضية الفلسطينية,JEWISH,CAIRO,Jordan,4.83870967741936,51
2025-02-16 22:15:00.000000 UTC,https://almadapaper.net/396557/,"كتلتا المالكي والخزعلي تقاطعان جلسات البرلمان وتشترط إدراج ""قانون الحشد""",IRAQ,,"Kirkuk, At Ta'mim, Iraq",0.50251256281407,51
2025-02-16 22:45:00.000000 UTC,https://www.vetogate.com/5350342,اليوم، وزيرتا التنمية المحلية والبيئة في زيارة للقليوبية,FARMER,,"Shubra El-Kheima, Al Qalyubiyah, Egypt",2.10526315789474,50
2025-02-16 23:00:00.000000 UTC,https://www.alanba.com.kw/1296199/,هدنة غزة تترقب زخما مع أولى جولات وزير الخارجية الأميركي للمنطقة,FOREIGN MINIST,JOURNALIST,"Gaza, Israel (general), Israel",-2.87234042553191,46
2025-02-16 23:00:00.000000 UTC,https://alahalygate.com/archives/253690,خلال زيارة لجنة التعليم بالنواب.. عُمد ومشايخ وعائلات بنبان بأسوان يؤيدون الرئيس السيسي برفض التهجير القسري,PRESIDENT,EGYPT,Egypt,-1.43540669856459,120
2025-02-16 23:00:00.000000 UTC,https://www.alanba.com.kw/1296260/,ترامب الرئيسان الروسي والأوكراني يريدان إنهاء الحرب قريبا,PRESIDENT,DETAINEE,"Gaza, Israel (general), Israel",-1.54639175257732,353
2025-02-16 23:15:00.000000 UTC,https://www.aljazeeramubasher.net/news/2025/2/17/%D9%85%D8%A4%D8%B3%D8%B3%D8%A9-%D9%87%D9%86%D8%AF-%D8%B1%D8%AC%D8%A8-%D8%AC%D8%AF%D8%B9%D9%88%D9%86-%D8%B3%D8%A7%D8%B9%D8%B1,شكوى أمام “الجنائية الدولية” ضد وزير الخارجية الإسرائيلي بتهمة ارتكاب جرائم حرب,,BRUSSELS,"Gaza, Israel (general), Israel",-15.989847715736,42
2025-02-16 23:15:00.000000 UTC,https://www.dostor.org/4968421,تأمين الوقود.. ملخص لقاء وزير البترول مع بيكر هيوز,COMPANY,,"Gulf Of Suez, Janub Sina', Egypt",5.26315789473684,46
2025-02-16 23:30:00.000000 UTC,http://www.elbrqnews.com/New-News/218370.html,جيروزاليم بوست: دعوى أمام الجنائية الدولية تتهم وزير الخارجية الإسرائيلي بجرائم حرب113.,ISRAELI,GIDEON SAAR,"Jerusalem, Israel (general), Israel",-13.7254901960784,112
2025-02-16 23:45:00.000000 UTC,https://new.mansheet.net/%D8%B1%D8%A6%D9%8A%D8%B3-%D8%A7%D9%84%D9%88%D8%B2%D8%B1%D8%A7%D8%A1-%D9%8A%D9%84%D8%AA%D9%82%D9%8A-%D8%A7%D9%84%D9%85%D8%AF%D9%8A%D8%B1%D8%A9-%D8%A7%D9%84%D8%AA%D9%86%D9%81%D9%8A%D8%B0%D9%8A%D8%A9/,رئيس الوزراء يلتقي المديرة التنفيذية للآلية الأفريقية لمراجعة النظراء – جريدة مانشيت,AFRICA,MINIST,Egypt,3.32225913621262,43
2025-02-16 23:45:00.000000 UTC,https://www.annaharkw.com/annahar/Article.aspx?id=1013153,وزير الدفاع أشاد بجهود سفارة الكويت في تونس,MINIST OF DEFENCE,KUWAIT,Kuwait,2.88461538461538,51
2025-02-16 23:45:00.000000 UTC,https://www.annaharkw.com/annahar/Article.aspx?id=1013127,وزير الدفاع الأميركي يرحب بإسهامات السعودية في الأمن الإقليمي,MINIST,SAUDI ARABIA,"Riyadh, Ar Riya?, Saudi Arabia",6.42201834862386,70
2025-02-16 23:45:00.000000 UTC,https://new.mansheet.net/%D8%A3%D8%A8%D9%88-%D9%85%D8%A7%D8%B2%D9%86-%D9%8A%D8%B9%D8%B1%D8%A8-%D8%B9%D9%86-%D8%AA%D9%82%D8%AF%D9%8A%D8%B1%D9%87-%D9%84%D8%AF%D8%B9%D9%85-%D8%A7%D9%84%D8%B1%D8%A6%D9%8A%D8%B3-%D8%A7%D9%84%D8%B3/,أبو مازن يعرب عن تقديره لدعم الرئيس السيسي للحقوق المشروعة للشعب الفلسطيني – جريدة مانشيت,EGYPT,PALESTINIAN,"Jerusalem, Israel (general), Israel",6.77966101694915,51
2025-02-17 00:15:00.000000 UTC,https://www.alanba.com.kw/1296199,هدنة غزة تترقب زخما مع أولى جولات وزير الخارجية الأميركي للمنطقة,JOURNALIST,FOREIGN MINIST,"Gaza, Israel (general), Israel",-2.87234042553191,46
2025-02-17 21:00:00.000000 UTC,https://www.annaharkw.com/annahar/Article.aspx?id=1013168,وزير الدفاع: مواكبة التطورات التقنية لمواجهة الجرائم السيبرانية و«غسل الأموال»,MINIST,KUWAIT,Kuwait,-2.39520958083833,46
2025-02-17 21:00:00.000000 UTC,https://www.annaharkw.com/annahar/Article.aspx?id=1013235,وزير الخارجية الإسرائيلي مطلوب للعدالة,ISRAELI,ISRAEL,Gaza Strip,-8.69565217391304,20
2025-02-17 21:00:00.000000 UTC,https://www.mena.org.eg:443/news/dbcall/table/textnews/id/11069620,رئيس أركان حرب القوات المسلحة يتفقد إجراءات التأمين على الاتجاه الاستراتيجي الغربي - Welcome to Middle East News Agency,INSURGENT FORCE,,"Cairo, Al Qahirah, Egypt",-0.72202166064982,90
2025-02-17 21:00:00.000000 UTC,https://www.shorouknews.com/news/view.aspx?cdate=17022025&id=53646c97-1729-4911-b688-3ecae392ad10,الحكومة اللبنانية تقر مسودة البيان الوزاري وتؤكد التزامها بتحرير جميع الأراضي اللبنانية,LEBANESE,,"Baabda, Mont-Liban, Lebanon",-5.58659217877095,50
2025-02-17 21:15:00.000000 UTC,http://www.elbrqnews.com/New-News/220588.html,الرئيس السيسى: اتفاقيات قبرص دليل حرصنا على تطوير شعوبنا,EGYPT,PRESIDENT,"Cairo, Al Qahirah, Egypt",7.48299319727891,46
2025-02-17 21:15:00.000000 UTC,https://www.tayyar.org/News/Lebanon/653036/_guid=653036,جلسة مجلس الوزراء في بعبدا برئاسة رئيس الجمهورية اقرّت البيان الوزاري واشادة من الرئيسين عون وسلام بسرعة انجاز المسودة,MEDIA,,"Baabda, Mont-Liban, Lebanon",-1.49501661129568,36
2025-02-17 21:15:00.000000 UTC,http://www.elbrqnews.com/New-News/220576.html,وزير الأوقاف: مصر والأردن تؤكدان رفضهما محاولات تصفية القضية الفلسطينية,,EGYPT,"Jerusalem, Israel (general), Israel",1.91570881226053,42
2025-02-17 21:15:00.000000 UTC,https://www.tayyar.org/News/Lebanon/653033/_guid=653033,وزير المال من غير الوارد شطب أموال المودعين,UNITED STATES,LEBANON,"Beirut, Beyrouth, Lebanon",-3.38600451467268,162
2025-02-17 21:30:00.000000 UTC,http://www.elbrqnews.com/New-News/220638.html,خبيرة: الدولة المصرية بوابة رئيسية لآفاق الطاقة الجديدة,CAIRO,,"Cairo, Al Qahirah, Egypt",2.89017341040462,70
2025-02-17 21:45:00.000000 UTC,https://cedarnews.net/folders/section/820075/%D8%A7%D9%84%D8%AD%D9%83%D9%88%D9%85%D8%A9-%D8%A7%D9%84%D9%84%D8%A8%D9%86%D8%A7%D9%86%D9%8A%D8%A9-%D8%AA%D9%8F%D8%B3%D9%82%D8%B7-%D8%A8%D9%86%D8%AF-%D8%A7%D9%84%D9%85%D9%82%D8%A7%D9%88%D9%85/,الحكومة اللبنانية تُسقط بند «المقاومة» من بيانها الوزاري,BUSINESS,,Israel,-0.83056478405316,50
2025-02-17 21:45:00.000000 UTC,https://www.vetogate.com/5351029,مصر دي كلها حلوة، من هو الأمير عبد العزيز بن سلمان وزير الطاقة السعودي؟,EGYPTIAN,,Saudi Arabia,5.83333333333333,40
2025-02-17 22:00:00.000000 UTC,http://www.elbrqnews.com/New-News/220705.html,تفاصيل افتتاح الرئيس السيسي معرض ومؤتمر مصر الدولي للطاقة,GOVERNMENT,INVESTOR,"Cairo, Al Qahirah, Egypt",3.63214837712519,50
2025-02-17 22:15:00.000000 UTC,https://www.aljazeeramubasher.net/news/politics/2025/2/18/%D9%88%D8%B3%D8%A7%D8%A6%D9%84-%D8%A5%D8%B9%D9%84%D8%A7%D9%85-%D8%A5%D8%B3%D8%B1%D8%A7%D8%A6%D9%8A%D9%84%D9%8A%D8%A9-%D9%88%D8%B2%D9%8A%D8%B1-%D8%A7%D9%84%D8%AF%D9%81%D8%A7%D8%B9,وسائل إعلام إسرائيلية: وزير الدفاع يقرر إنشاء إدارة خاصة لتنظيم المغادرة الطوعية لسكان غزة,GAZA,MINIST OF DEFENCE,"Gaza, Israel (general), Israel",0.0,36
2025-02-17 22:15:00.000000 UTC,https://www.aljazeeramubasher.net/news/politics/2025/2/17/%D8%B1%D8%A6%D9%8A%D8%B3-%D8%A8%D9%84%D8%AF%D9%8A%D8%A9-%D8%AE%D8%A7%D9%86-%D9%8A%D9%88%D9%86%D8%B3-%D9%8A%D9%83%D8%B4%D9%81-%D8%AA%D9%81%D8%A7%D8%B5%D9%8A%D9%84-%D8%A3%D9%83%D8%A8%D8%B1,رئيس بلدية خان يونس يكشف تفاصيل “أكبر” حملة لإزالة الركام في المدينة (فيديو),,GAZA,"Khan Yunis, Gaza Strip (general), Gaza Strip",-1.69491525423728,43
2025-02-17 22:45:00.000000 UTC,https://www.kuna.net.kw/ArticleDetails.aspx?id=3219567&language=ar,كونا : وزير (الشؤون): النادي العلمي الكويتي نموذج يحتذى لجمعيات ومنظمات المجتمع المدني - العلوم والتكنولوجيا,COMMUNITY,BUSINESS,Kuwait,8.18713450292397,10
2025-02-17 23:15:00.000000 UTC,https://www.alwatanvoice.com/arabic/news/2025/02/17/1543741.html,حكومة الاحتلال تقرر احتجاز 90 مليون دولار من أموال المقاصة الفلسطينية,,OSLO,"Gaza, Israel (general), Israel",-5.55555555555556,57
2025-02-17 23:15:00.000000 UTC,https://alrai.com/article/10868327/%D8%B5%D8%AD%D8%A7%D9%81%D8%A9-%D8%B9%D8%B1%D8%A8%D9%8A%D8%A9-%D9%88%D8%B9%D8%A8%D8%B1%D9%8A%D8%A9/%D8%AD%D9%83%D9%88%D9%85%D8%A9-%D8%A8%D9%84%D8%A7-%D9%82%D8%B9%D8%B1,حكومة بلا قعر,PRESIDENT,RETIRED,"Jerusalem, Israel (general), Israel",-0.91116173120729,10
2025-02-17 23:30:00.000000 UTC,https://alwasat.ly/news/arabic/467459,بيان وزاري للحكومة اللبنانية يؤكد التزامها بـ«تحرير» جميع الأراضي وبسط السيادة,MINIST,LEBANESE,Lebanon,-2.10896309314587,50
2025-02-17 23:30:00.000000 UTC,https://www.wafa.ps/Pages/Details/114319,الوزيرة شاهين تشارك في الاجتماع الرابع للتحالف الدولي لتنفيذ حل الدولتين بالقاهرة,PALESTINIAN,ISRAEL,"Jerusalem, Israel (general), Israel",-5.43840177580466,333
2025-02-18 21:30:00.000000 UTC,http://www.elbrqnews.com/New-News/223111.html,"وزير الاتصالات يشهد توقيع اتفاقيات استراتيجية بين ""المصرية للاتصالات"" و""اورنچ مصر""",,EGYPT,"Wizarat Al Ittisalat, Al Qahirah, Egypt",5.49169859514687,57
2025-02-18 21:30:00.000000 UTC,https://www.dostor.org/4971099,برلمانيون وأحزاب: جهود مصر لدعم غزة رد حاسم على المشككين فى قدرة «القاهرة» سيذكره التاريخ,EGYPT,PALESTINIAN,"Gaza, Israel (general), Israel",2.72536687631027,51
2025-02-18 21:30:00.000000 UTC,http://www.elbrqnews.com/New-News/223120.html,الرئيس السيسي يستعرض فرص التعاون الممكنة مع إسبانيا في مجال الصناعات البحرية,AMBASSADOR,SPAIN,Egypt,3.71747211895911,26
2025-02-18 21:30:00.000000 UTC,https://www.yabiladi.ma/articles/details/160050/%D8%A5%D8%AF%D8%A7%D8%B1%D9%8A%D8%A9-%D8%A7%D9%84%D8%B1%D8%A8%D8%A7%D8%B7-%D8%AA%D8%B1%D9%81%D8%B6-%D8%AF%D8%B9%D9%88%D9%89-%D8%A7%D8%B3%D8%AA%D8%B9%D8%AC%D8%A7%D9%84%D9%8A%D8%A9.html,إدارية الرباط ترفض دعوى استعجالية بمنع وزيرة إسرائيلية من دخول المغرب,RABAT,,Israel,-12.8712871287129,120
2025-02-18 21:30:00.000000 UTC,https://almadapaper.net/396821/,"الحكومة العراقية تحذر من تنامي تهديدات ""داعش"": الإرهابيون جهزوا أنفسهم بأسلحة جيش نظام الأسد",BAGHDAD,,"Arab League, Al Qahirah, Egypt",-3.52480417754569,40
2025-02-18 21:30:00.000000 UTC,https://www.vetogate.com/5351737,رئيس بارسيلو الأسبانية يؤكد للسيسي تعزيز استثمارات الشركة في مصر بقطاع الفنادق والسفر,SPANISH,EGYPT,Egypt,3.2258064516129,42
2025-02-18 22:15:00.000000 UTC,http://www.elbrqnews.com/New-News/223143.html,وزير الثقافة يرافق رئيس وزراء كرواتيا في زيارته للجامعة العربية ومجلس النواب,HOUSE OF REPRESENTATIVES,CROATIAN,"Abu Al Ghayt, Al Qalyubiyah, Egypt",2.82258064516129,43
2025-02-18 22:15:00.000000 UTC,https://www.alanba.com.kw/1296617/,ولي العهد السعودي يبحث مع وزير الخارجية الروسي التطورات الدولية,UNIVERSITY,,"Riyadh, Ar Riya?, Saudi Arabia",2.62857142857143,70
2025-02-18 22:30:00.000000 UTC,https://www.shorouknews.com/news/view.aspx?cdate=18022025&id=1ab3cd2b-f32b-4ab7-a71f-e5bf9dd6afae,متحدث الحكومة يستعرض نتائج زيارة رئيس وزراء كرواتيا والتعاون بين البلدين,EGYPTIAN,GAZA,"Arab League, Al Qahirah, Egypt",1.50602409638554,40
2025-02-18 23:00:00.000000 UTC,https://www.wafa.ps/Pages/Details/114409,فتوح يطلع مجموعة الاشتراكيين والديمقراطيين في البرلمان الأوروبي على انتهاكات الاحتلال بحق شعبنا,EUROPEAN,ISRAEL,"Unrwa, Gaza Strip (general), Gaza Strip",-4.41176470588235,120
2025-02-18 23:00:00.000000 UTC,http://www.elbrqnews.com/New-News/223280.html,رئيس حزب مصر 2000: إطلاق «وثيقة القاهرة لرفض التهجير» يعد أضخم تحرك مدني في هذا السياق,PRESIDENT,EGYPT,"Cairo, Al Qahirah, Egypt",-1.5748031496063,20
2025-02-18 23:00:00.000000 UTC,https://www.shorouknews.com/news/view.aspx?cdate=19022025&id=fb62a362-755d-4b5c-82ef-9b03694258f7,فيديو.. وزير الزراعة: إتاحة معارض رمضان في أغلب المناطق الشعبية,EGYPT,,"Wizarat Az Ziraah, Al Jizah, Egypt",3.01507537688442,70
2025-02-18 23:00:00.000000 UTC,http://www.elbrqnews.com/New-News/223265.html,خلافات في الحكومة الإسرائيلية بشأن خطة ترامب لتهجير سكان غزة,EGYPT,,"Gaza, Israel (general), Israel",-0.51546391752578,10
2025-02-18 23:15:00.000000 UTC,https://palinfo.com/news/2025/02/18/940322/,حماس تدعو حكومة فيجي للتراجع عن قرار فتح سفارتها بالقدس,JERUSALEM,ISRAEL,"Tel Aviv, Tel Aviv, Israel",-2.18068535825545,54
2025-02-18 23:15:00.000000 UTC,https://www.kul-alarab.com/Article/1102872,الرئيس اللبناني: لا أحد يريد الحرب وليس هناك حصار على الطائفة الشيعية كما يروج البعض,PARIS,ISRAELI,Israel,-5.11945392491467,874
2025-02-18 23:30:00.000000 UTC,https://alwasat.ly/news/libya/467562,البرلماني سالم قنيدي: اجتماعات النواب والدولة «متشابهة ودون جدوى»,LIBYAN,,"Cairo, Al Qahirah, Egypt",-0.39370078740157,125
2025-02-19 21:30:00.000000 UTC,http://www.elbrqnews.com/New-News/225580.html,وزير التخطيط: قدمنا 4 مليارات دولار للقطاع الخاص في 2024,EGYPT,,Egypt,4.96055582844596,71
2025-02-19 21:30:00.000000 UTC,https://www.shorouknews.com/news/view.aspx?cdate=19022025&id=cc00f7da-a56c-48b5-bb56-be77e3117074,النائب العام يستقبل رئيس محكمة التمييز والنائب العام لمملكة البحرين لبحث التعاون القضائي,BAHRAIN,,Bahrain,-2.3121387283237,40
2025-02-19 21:30:00.000000 UTC,https://www.alanba.com.kw/1296763/,رئيس الإمارات يؤكد لوزير الخارجية الأميركي رفض تهجير الفلسطينيين خارج أراضيهم,UNITED ARAB EMIRATES,,Jordan,-0.59880239520958,42
2025-02-19 21:45:00.000000 UTC,https://bawabatii.net/news322850.html,الحكومة اليمنية تدعو لبنان إلى ضبط قيادات حوثية وصلت بيروت للمشاركة في تشييع نصر الله,TUNISIA,LEBANON,"Sanaa, San‘a', Yemen",-8.33333333333335,42
2025-02-19 21:45:00.000000 UTC,http://www.elbrqnews.com/world/225615.html,نائب وزير البيئة: لدينا إطار مؤسسي يعزز الجاذبية الاقتصادية للقطاع الزراعي بالأحساء,,SAUDI ARABIA,"Al-Ahsa, Ash Sharqiyah, Saudi Arabia",5.0328227571116,51
2025-02-19 21:45:00.000000 UTC,https://www.wafa.ps/Pages/Details/114486,وزيرة بريطانية: التعليم حق للأطفال الفلسطينيين,ISRAELI,SCHOOL,"Jerusalem, Israel (general), Israel",-3.96039603960396,1721
2025-02-19 22:00:00.000000 UTC,https://www.shorouknews.com/news/view.aspx?cdate=19022025&id=e4d85cfa-755c-413e-b171-4229ae3266c4,الأردن: مجلس الأمن يتحمل المسئولية الرئيسية في الحفاظ على السلم والأمن الدوليين,ACTOR,,"Unrwa, West Bank (general), West Bank",-1.62907268170426,20
2025-02-19 22:15:00.000000 UTC,https://almadapaper.net/396870/,لافروف يشيد بالرئيس الأمريكي لاعتباره سبب الحرب في أوكرانيا التحرك لضم كييف إلى الناتو,RUSSIAN,UKRAINIAN,"Riyadh, Ar Riya?, Saudi Arabia",-2.54957507082153,112
2025-02-19 22:15:00.000000 UTC,https://www.kuna.net.kw/ArticleDetails.aspx?id=3219927&Language=ar,كونا : الرئيس اللبناني لمستشار الأمن القومي الأمريكي: انهاء الاحتلال الاسرائيلي بالكامل وتطبيق القرار 1701 - الشؤون السياسية,,LEBANON,"Beirut, Beyrouth, Lebanon",-2.83018867924529,41
2025-02-19 23:00:00.000000 UTC,https://mustaqila.com/%D8%AA%D8%B1%D8%A7%D9%85%D8%A8-%D9%8A%D8%B5%D9%81-%D8%B2%D9%8A%D9%84%D9%8A%D9%86%D8%B3%D9%83%D9%8A-%D8%A8%D8%A7%D9%84%D8%AF%D9%8A%D9%83%D8%AA%D8%A7%D8%AA%D9%88%D8%B1-%D9%88%D8%B3%D8%B7-%D9%85%D8%AE/,ترامب يصف زيلينسكي بالديكتاتور وسط مخاوف من خلاف بينه وبين الرئيس الأوكراني,UKRAINE,RUSSIAN,"Riyadh, Ar Riya?, Saudi Arabia",-1.75233644859813,40
2025-02-19 23:00:00.000000 UTC,https://www.works.gov.bh/Arabic/News/mownews/Pages/2025/1522025.aspx,وزير الأشغال يستقبل سفيرة الجمهورية التركية لدى مملكة البحرين,TURKISH,MINIST,Turkey,6.52173913043478,42
2025-02-19 23:00:00.000000 UTC,https://alanbatnews.net/article/451770,الرئيس التنفيذي لشركة ميناء الحاويات يثمن اهتمام الملك وولي العهد بميناء حاويات العقبة,COMMUNITY,COMMUNITY,Jordan,2.27617602427921,57
2025-02-19 23:00:00.000000 UTC,https://www.alanba.com.kw/1296763,رئيس الإمارات يؤكد لوزير الخارجية الأميركي رفض تهجير الفلسطينيين خارج أراضيهم,SAUDI ARABIA,RUSSIA,Jordan,-0.59880239520958,40
2025-02-19 23:15:00.000000 UTC,http://www.elbrqnews.com/New-News/225789.html,رئيس الوزراء العراقي يؤكد استمرار بلاده في تقديم الدعم للشعب اللبناني,IRAQI,LEBANESE,Iraq,6.42857142857143,51
2025-02-19 23:30:00.000000 UTC,https://www.annaharkw.com/annahar/Article.aspx?id=1013406,الرئيس الإماراتي لروبيو: حل الدولتين أساس الحل,ISRAEL,RIYADH,"Gaza, Israel (general), Israel",-2.28571428571429,43
2025-02-19 23:30:00.000000 UTC,https://www.alanba.com.kw/1296689/,المطيري بحث تعزيز التعاون مع رئيس المكتب الوطني للإعلام الإماراتي,KUWAIT,,Kuwait,3.2258064516129,90
2025-02-19 23:30:00.000000 UTC,https://3yonnews.com/1934542,"عبر 3 محاور رئيسية.. ""الحبتور"" يطرح خطة لإعمار غزة في 36 شهراً",GAZA,,Egypt,1.93236714975846,143
2025-02-19 23:45:00.000000 UTC,http://www.elbrqnews.com/New-News/225833.html,وزير الأوقاف المصري: وحدة المسلمين الضامن للحفاظ على القضية الفلسطينية,PALESTINIAN,ISRAEL,"Jerusalem, Israel (general), Israel",0.606060606060601,50
2025-02-20 08:30:00.000000 UTC,https://www.shorouknews.com/news/view.aspx?cdate=20022025&id=41b2255c-1905-4af0-bc8a-073f6604249f,وزير الخارجية الإيراني: جيراننا هم أولويتنا - بوابة الشروق,IRAN,,Qatar,4.34782608695652,43
2025-02-20 08:45:00.000000 UTC,http://www.elbrqnews.com/New-News/226127.html,رئيس المجلس الأعلى للشئون الإسلامية يستقبل رئيس مجلس الشيوخ الكازاخي,ISLAMIC,SECRETARIAT,Bahrain,7.47126436781609,42
2025-02-20 19:15:00.000000 UTC,https://www.dostor.org/4973492,الهيئة العليا لحزب الوعى تُعلن تحويل كامل تشكيلاته إلى لجنة انتخابات,BOSS,,Egypt,6.88259109311741,51
2025-02-20 19:15:00.000000 UTC,https://www.shorouknews.com/news/view.aspx?cdate=20022025&id=990a7d71-8b6e-43ac-a32d-51cd0a9275d0,الرئيس عباس يقدم الرؤية الفلسطينية لمواجهة التحديات في القمة العربية الطارئة بالقاهرة,PALESTINIAN,,"Cairo, Al Qahirah, Egypt",3.48258706467662,50
2025-02-20 19:30:00.000000 UTC,https://alahalygate.com/archives/254581,وزير التعليم يلتقي الكوادر التعليمية اليابانية المرشحة للعمل في مصر لتعزيز التعاون التعليمي,MINIST,JAPANESE,Egypt,5.32994923857868,40
2025-02-20 20:15:00.000000 UTC,https://www.shfanews.net/post/201396,الهباش يطلع وزيرا بحرينيا على عدوان الاحتلال بحق شعبنا ومقدساته - شبكة فلسطين للأنباء - شفا,BAHRAIN,ISLAMIC,Bahrain,-2.08333333333334,46
2025-02-20 20:15:00.000000 UTC,https://www.alahednews.com.lb/article.php?id=79642&cid=116,معركة على تعيين شخصية في البنتاغون قد تحدد وجه سياسة الحزب الجمهوري,WRITER,,"Tehran, Tehran, Iran",-3.03514376996805,51
2025-02-20 20:15:00.000000 UTC,https://www.elwatannews.com/news/details/7848002,نائب الرئيس الأمريكي: الهجرة غير النظامية أكبر تهديد إلى أوروبا,UNITED STATES,ISRAEL,"Gaza, Israel (general), Israel",-1.73913043478261,46
2025-02-20 20:15:00.000000 UTC,http://www.elbrqnews.com/New-News/227867.html,إخلاء سبيل الإعلامية الكويتية فجر السعيد في قضية الإساءة لرئيس وزراء العراق.. ما التفاصيل؟,MEDIA,,Kuwait,-5.81395348837209,84
2025-02-20 20:30:00.000000 UTC,https://alwasat.ly/news/international/467768,رئيس جنوب أفريقيا: غياب وزير خارجية أميركا عن قمة العشرين ليس كارثة,UNITED STATES,ISRAEL,"Gaza, Israel (general), Israel",-4.20168067226891,114
2025-02-20 20:30:00.000000 UTC,http://www.elbrqnews.com/New-News/227891.html,"""رجائي"" يستعرض مع رئيس ""BP مصر"" خطط الشركة الاستثمارية في مصر",,EGYPTIAN,"Wizarat Al Bitrul, Al Qahirah, Egypt",2.20385674931129,40
2025-02-20 20:30:00.000000 UTC,http://www.elbrqnews.com/New-News/227890.html,وزير قطاع الأعمال يلتقي رئيس شركة “هوج” النرويجية لبحث سبل التعاون المشترك,NORWEGIAN,,"Cairo, Al Qahirah, Egypt",6.70681910984075,40
2025-02-20 20:30:00.000000 UTC,http://www.elbrqnews.com/New-News/227886.html,وزيرة التنمية ومحافظ القاهرة يشهدان ختام فعاليات الدورة التدريبية الرابعة للكوادر الأفريقية,SECRETARY OF STATE,REPRESENTATIVES,"Cairo, Al Qahirah, Egypt",1.64638511095205,51
2025-02-20 20:45:00.000000 UTC,https://www.3yonnews.com/1934685,وزير: 750 مليار دولار قيمة الاستثمارات السعودية في أمريكا,SAUDI ARABIA,UNITED STATES,"Riyadh, Ar Riya?, Saudi Arabia",2.38532110091743,311
2025-02-20 21:15:00.000000 UTC,http://www.elbrqnews.com/New-News/227948.html,وزير الصحة يزور المستشفى الجامعي ومستشفى طب الأسنان بجامعة الملك عبدالعزيز,HOSPITAL,KING,"Jeddah, Makkah, Saudi Arabia",9.20245398773009,43
2025-02-20 21:15:00.000000 UTC,https://www.alanba.com.kw/1296974,الرئيس الروسي يشكر ولي العهد السعودي على استضافة الرياض المحادثات المثمرة بين بلاده وأميركا,RUSSIAN,CROWN PRINCE,"Riyadh, Ar Riya?, Saudi Arabia",1.78282009724473,41
2025-02-20 21:30:00.000000 UTC,https://www.mena.org.eg:443/news/dbcall/table/textnews/id/11074443,ملك إسبانيا يعرب للرئيس السيسي عن تقدير بلاده لدور مصر الجوهري وجهودها كركيزة لاستقرار وأمن الشرق الأوسط - Welcome to Middle East News Agency,SPAIN,,Egypt,2.4008350730689,51
2025-02-20 21:45:00.000000 UTC,https://alahalygate.com/archives/254639,قانون العمل الجديد أمام البرلمان الأسبوع المقبل للمناقشة,CRIMINAL,HOUSE OF REPRESENTATIVES,Egypt,2.63157894736842,40
2025-02-20 21:45:00.000000 UTC,https://alahalygate.com/archives/254625,برلماني: زيارة الرئيس السيسي لإسبانيا تعزيز للعلاقات ودعم للقضية الفلسطينية,ISRAEL,PALESTINIAN,Egypt,1.66666666666667,51
2025-02-20 22:00:00.000000 UTC,https://www.wafa.ps/Pages/Details/114544,الهباش يطلع وزيرا بحرينيا على عدوان الاحتلال بحق شعبنا ومقدساته,BAHREIN,GAZA,"Manama, Al Manamah, Bahrain",-2.08333333333334,50
2025-02-20 22:00:00.000000 UTC,https://www.libyaakhbar.com/world-news/2528493.html,والد الرئيس السوري «حسين الشرع» يتصدّر العناوين.. ما القصة وهل انتقد سياسة «ابنه»؟ - اخبار ليبيا,SYRIA,,Syria,-4.16666666666666,111
2025-02-20 22:00:00.000000 UTC,https://www.albiladpress.com/news/2025/5974/arab-and-world/903452.html,"بعد تفجيرات الحافلات.. وزير الدفاع الإسرائيلي ""يتوعد الضفة""",POLICE,,"Tel Aviv District, Tel Aviv, Israel",-5.94059405940594,90
2025-02-20 22:15:00.000000 UTC,http://www.elbrqnews.com/New-News/228087.html,توقيع سبع اتفاقيات رئيسية في منتدى الإعلام السعودي لتعزيز التدريب والتعاون الإعلامي,COMPANY,UNIVERSITY,"Riyadh, Ar Riya?, Saudi Arabia",4.91803278688525,57
2025-02-20 22:30:00.000000 UTC,https://www.alriyadh.com/2119790,وزيرا خارجية السعودية والصين يلتقيان في جوهانسبرغ,CHINA,AFRICA,Saudi Arabia,0.87719298245614,40
2025-02-20 23:00:00.000000 UTC,https://bokra.net/Article-1563912,الآلاف في تل ابيب يتظاهرون انتقادًا للحكومة في ملف المحتجزين,TEL AVIV,GOVERNMENT,"Tel Aviv, Tel Aviv, Israel",-8.33333333333333,111
2025-02-20 23:15:00.000000 UTC,https://www.akhbarona.com/economy/401385.html,وزيرة النقل الإسرائيلية من أصول مغربية لن تغادر إلى تل أبيب رغم انتهاء مؤتمر مراكش,MINIST,,"Tel Aviv, Tel Aviv, Israel",-0.34843205574913,10
2025-02-21 12:15:00.000000 UTC,http://www.elbrqnews.com/New-News/228682.html,وزير الثقافة يعقد اجتماعًا لمتابعة ما تم من تكليفات والوضع التنفيذي للخطة الاستثمارية,MINISTRY,,"Cairo International, Al Qahirah, Egypt",4.78260869565217,40
2025-02-21 13:00:00.000000 UTC,https://www.vetogate.com/5353541,رئيس مصر وملك الأردن وأمير الكويت أوائل الحاضرين للمشاركة في قمة الرياض التشاورية,PRESIDENT,SPAIN,Egypt,1.10192837465564,42
2025-02-21 13:45:00.000000 UTC,http://www.elbrqnews.com/New-News/228872.html,قمة الرياض التشاورية.. رئيس مصر وملك الأردن وأمير الكويت أوائل الحاضرين,SAUDI ARABIA,SPAIN,"Riyadh, Ar Riya?, Saudi Arabia",1.32978723404256,42
2025-02-21 20:15:00.000000 UTC,https://www.elwatannews.com/news/details/7849619,أبو مازن: ندعو لإجراء انتخابات في القدس وجميع الأراضي الفلسطينية,PALESTINIAN,,"Cairo, Al Qahirah, Egypt",1.21951219512195,50
2025-02-21 20:15:00.000000 UTC,https://www.dostor.org/4974629,نائب رئيس حزب المؤتمر: الرؤية الفلسطينية خطوة مهمة لتعزيز صمود الشعب الفلسطيني,UNITED NATIONS,,"Gaza, Israel (general), Israel",9.92366412213745,40
2025-02-21 20:15:00.000000 UTC,https://www.mena.org.eg:443/news/dbcall/table/textnews/id/11076260,الرئيس عباس يقدم الرؤية الفلسطينية لمواجهة التحديات في القمة العربية الطارئة بالقاهرة - Welcome to Middle East News Agency,PALESTINIAN,,"Cairo, Al Qahirah, Egypt",3.30477356181151,50
2025-02-21 20:15:00.000000 UTC,https://www.shorouknews.com/news/view.aspx?cdate=21022025&id=a2045074-4ed5-471e-a8ae-4179b1caaab9,نتائج انتخابات نادي القضاة: قايد رئيسا بالتزكية.. وفوز خليفة وميرغني بمقعدي المستشارين,COUNSELOR,CHANCELLOR,Egypt,-1.32743362831859,51
2025-02-21 20:30:00.000000 UTC,https://www.kuna.net.kw/ArticleDetails.aspx?id=3220195&Language=ar,كونا : الرئيس الامريكي: من غير المهم ان يحضر زيلينسكي المفاوضات مع روسيا - الشؤون السياسية,IGAD,RIYADH,"Riyadh, Ar Riya?, Saudi Arabia",-4.23452768729641,40
2025-02-21 20:30:00.000000 UTC,http://www.elbrqnews.com/New-News/229569.html,وزير الدفاع اللبناني يؤكد ضرورة الانسحاب الإسرائيلي الكامل من الأراضي اللبنانية,LEBANESE,UNITED STATES,Lebanon,-3.58565737051793,46
2025-02-21 21:00:00.000000 UTC,https://www.dostor.org/4974688,قيادي بمستقبل وطن: زيارة الرئيس للسعودية وإسبانيا تعزز الموقف الدولي لرفض التهجير,SPAIN,,Israel,2.44444444444445,120
2025-02-21 21:15:00.000000 UTC,http://www.elbrqnews.com/New-News/229651.html,رئيس الشورى يلتقي رؤساء البرلمانات العربية على هامش مؤتمر البرلمان العربي في القاهرة,CAIRO,EGYPT,"Cairo, Al Qahirah, Egypt",4.87804878048781,40
2025-02-21 21:15:00.000000 UTC,https://we.mansheet.net/78118/%D9%88%D8%B2%D9%8A%D8%B1-%D8%A7%D9%84%D8%B3%D9%8A%D8%A7%D8%AD%D8%A9-%D9%8A%D8%B9%D9%84%D9%86-%D9%85%D9%88%D8%B9%D8%AF-%D8%A7%D9%81%D8%AA%D8%AA%D8%A7%D8%AD-%D8%A7%D9%84%D9%85%D8%AA%D8%AD%D9%81-%D8%A7/,"وزير السياحة يعلن موعد افتتاح المتحف المصرى الكبير ""إنفوجراف"" – جريدة مانشيت",MEDIA,COMPANY,Egypt,3.33333333333333,43
2025-02-21 21:15:00.000000 UTC,https://www.dostor.org/4974639,"أمين ""مستقبل وطن"" بالإسكندرية يؤكد دعم الرئيس السيسي والدولة المصرية",ALEXANDRIA,PRESIDENT,"Alexandria, Al Iskandariyah, Egypt",7.39910313901345,51
2025-02-21 21:30:00.000000 UTC,https://www.kuna.net.kw/ArticleDetails.aspx?id=3220199&Language=ar,كونا : الرئيس الأمريكي يقول إنه سيوصي بتنفيذ خطته بشأن غزة ولن يفرضها - الشؤون السياسية,PRESIDENT,GAZA,Egypt,-1.98019801980198,20
2025-02-21 21:45:00.000000 UTC,https://sudanile.com/%D8%AD%D9%83%D9%88%D9%85%D8%A9-%D9%85%D9%88%D8%A7%D8%B2%D9%8A%D8%A9-%D9%81%D9%8A-%D8%A7%D9%84%D8%B3%D9%88%D8%AF%D8%A7%D9%86-%D9%85%D8%A7-%D8%A7%D9%84%D9%85%D9%88%D9%82%D9%81-%D8%A7%D9%84%D9%85/,حكومة موازية في السودان... ما الموقف المصري؟ - سودانايل,GOVERNMENT,SUDAN,"Cairo, Al Qahirah, Egypt",-0.22446689113356,50
2025-02-21 21:45:00.000000 UTC,http://www.elbrqnews.com/New-News/229691.html,وزير الخارجية السوري يتلقى دعوة رسمية لزيارة العراق,,IRAK,"Baghdad, Baghdad, Iraq",-2.62008733624454,43
2025-02-21 21:45:00.000000 UTC,http://www.elbrqnews.com/New-News/229700.html,"وزيرة ""البيئة"" تلتقي نظيرها السعودي لبحث سبل التعاون المشترك",UNITED KINGDOM,,"Aqaba, Al ‘Aqabah, Jordan",0.64516129032258,57
2025-02-21 22:45:00.000000 UTC,https://www.albiladpress.com/news/2025/5975/bahrain/903583.html,سمو ولي العهد رئيس مجلس الوزراء يشارك في اللقاء الأخوي التشاوري الذي عقد بالمملكة العربية السعودية,CROWN PRINCE,SAUDI ARABIA,Saudi Arabia,7.07964601769912,40
2025-02-21 23:15:00.000000 UTC,https://www.shorouknews.com/news/view.aspx?cdate=21022025&id=35cc1d2b-c7f2-4922-af46-95decf11bbf4,النائب محمد حمزة: حزب مستقبل وطن يعمل على تخفيف الأعباء عن كاهل المواطنين وفقا لتكليفات الرئيس السيسي,PRESIDENT,EGYPT,"Alexandria, Al Iskandariyah, Egypt",7.96812749003986,43
2025-02-22 12:30:00.000000 UTC,https://www.mena.org.eg:443/ar/news/dbcall/table/webnews/id/11077881,أبو الغيط: نتطلع لموقف برلماني عربي موحد لدعم صمود الشعب الفلسطيني ورفض مشروع التهجير - Welcome to Middle East News Agency,CAIRO,,"Jerusalem, Israel (general), Israel",-4.14201183431952,10
2025-02-22 13:15:00.000000 UTC,https://alanbatnews.net/article/451925,الصفدي أمام البرلمان العربي نفخر بالملك زعيماً ما هادن ولا ساوم على مصلحة وطنه وقضايا أمته,,SAUDI ARABIA,"Zabin, Al Batinah, Oman",2.02275600505689,42
2025-02-22 14:45:00.000000 UTC,https://www.kuna.net.kw/ArticleDetails.aspx?id=3220281&language=ar,كونا : أمين الجامعة العربية: نتطلع إلى موقف برلماني عربي موحد لدعم صمود الشعب الفلسطيني - الشؤون السياسية,CAIRO,,"Jerusalem, Israel (general), Israel",-4.13223140495868,40
2025-02-22 20:15:00.000000 UTC,https://www.shorouknews.com/news/view.aspx?cdate=22022025&id=ab25dc85-c337-46a5-903d-222eeaade4d2,نائب وزير الصحة تشيد بجهود المنوفية في الملف السكاني وتدعو لتعزيز دور رجال الدين في التوعية,DEPUTY,MINIST,"Muhafazat Al Minufiyah, Al Minufiyah, Egypt",0.1779359430605,20
2025-02-22 20:15:00.000000 UTC,https://www.shorouknews.com/news/view.aspx?cdate=22022025&id=1aa7b787-3f75-489b-9f32-005395b54f31,وزير الأوقاف يصل ماليزيا لتعزيز التعاون المشترك في المجالات الدينية والثقافية,MINIST,RELIGION,Egypt,5.11363636363636,40
2025-02-22 20:15:00.000000 UTC,http://www.elbrqnews.com/New-News/231663.html,نور الخليف تلتقي بوزيرة التخطيط والتنمية الاقتصادية والتعاون الدولي المصرية,BAHRAIN,EGYPT,Egypt,4.8,46
2025-02-22 20:15:00.000000 UTC,https://www.elfagr.org/5125078,رئيس جامعة أسيوط يشارك في اجتماع المجلس الأعلى للجامعات بالعاصمة الإدارية الجديدة,MINIST,ISRAEL,"Mabar Rafah, , Egypt",0.6872852233677,51
2025-02-22 20:15:00.000000 UTC,http://www.elbrqnews.com/New-News/231670.html,نائب وزير الصحة تشيد بجهود محافظة المنوفية في إدارة الملف السكاني,MINIST,,"Menouf, Al Minufiyah, Egypt",0.355871886121,51
2025-02-22 20:15:00.000000 UTC,https://www.ennaharonline.com/%D8%A7%D9%84%D8%A8%D8%B1%D9%84%D9%85%D8%A7%D9%86-%D8%A7%D9%84%D8%B9%D8%B1%D8%A8%D9%8A-%D9%8A%D8%B1%D9%81%D8%B6-%D9%83%D9%84-%D8%A3%D8%B4%D9%83%D8%A7%D9%84-%D8%A7%D9%84%D8%AA%D9%87%D8%AC%D9%8A%D8%B1/,البرلمان العربي يرفض كل أشكال التهجير للشعب الفلسطيني – النهار أونلاين,,INTER PARLIAMENTARY UNION,"Gaza, Israel (general), Israel",-3.67751060820368,20
2025-02-22 20:30:00.000000 UTC,https://alahalygate.com/archives/254757,جبالي خلال مشاركته بأعمال المؤتمر السابع للبرلمان العربي: المُخططات الخبيثة التي تهدف لتهجير أهل غزة تستهدف تصفية القضية الفلسطينية ونسفها من الأساس,QATAR,,"Gaza, Israel (general), Israel",-4.01234567901234,30
2025-02-22 20:30:00.000000 UTC,http://www.elbrqnews.com/New-News/231692.html,نائب وزير الصحة تشيد بجهود المنوفية في إدارة الملف السكاني وخفض المواليد,MINIST,POPULATION,"Muhafazat Al Minufiyah, Al Minufiyah, Egypt",0.35026269702277,51
2025-02-22 20:30:00.000000 UTC,https://www.vetogate.com/5354488,أحمد عادل رئيسًا للشركة القابضة لمصر للطيران,EGYPT,COMPANY,Egypt,5.97014925373134,43
2025-02-22 20:30:00.000000 UTC,https://www.shorouknews.com/news/view.aspx?cdate=22022025&id=ada9b5d8-03f1-4fc5-a53e-214272450c0e,مصدر: تطوير وسط البلد مجرد فكرة ولم تُعرض رسميًا على الحكومة,EGYPTIAN,,"Cairo, Al Qahirah, Egypt",-1.25,120
2025-02-22 20:30:00.000000 UTC,http://www.elbrqnews.com/New-News/231688.html,محافظ أسوان يكرم رئيس جامعة مدينة السادات ضيوف المؤتمر الدولي لكلية السياحة والفنادق,COLLEGE,,"Nahr An Nil, Egypt (general), Egypt",6.4748201438849,40
2025-02-22 20:45:00.000000 UTC,https://www.dostor.org/4975889,برلماني: القمة العربية الطارئة اختبار حقيقي لوحدة الصف العربي,PALESTINIAN,ISRAEL,Egypt,1.78571428571429,51
2025-02-22 21:00:00.000000 UTC,http://www.elbrqnews.com/New-News/231767.html,رئيس جامعة كفر الشيخ يشارك في اجتماع المجلس الأعلى للجامعات بالعاصمة الإدارية,EGYPT,SAUDI ARABIA,"Riyadh, Ar Riya?, Saudi Arabia",1.92307692307693,20
2025-02-22 21:00:00.000000 UTC,https://www.nile.eg/%D8%A8%D8%A7%D9%84%D8%B5%D9%88%D8%B1-%D9%88%D8%B2%D9%8A%D8%B1-%D8%A7%D9%84%D9%85%D8%A7%D9%84%D9%8A%D8%A9-%D8%A7%D9%84%D8%AC%D9%86%D8%A9-%D8%A7%D9%84%D8%AD%D9%83%D9%88%D9%85%D9%8A%D8%A9-%D8%A7%D9%84,النيل – قناة مصر الإخبارية | بالصور.. وزير المالية: الجنة الحكومية المصرية البحرينية خلقت حالة من الزخم للعلاقات الثنائية,EGYPTIAN,EGYPT,"Wizarat Al Maliyah, Al Qahirah, Egypt",4.0625,42
2025-02-22 21:15:00.000000 UTC,https://alsahwa-yemen.net/p-82956,تقرير دولي يدعو إلى دعم الحكومة اليمنية لتعزيز سيادتها والحد من نفوذ الحوثيين,NAVY,YEMEN,Yemen,0.0,51
2025-02-22 21:45:00.000000 UTC,https://www.albiladpress.com/news/2025/5976/finance/903693.html,وزير الصناعة والتجارة يجتمع بوزير الاستثمار والتجارة الخارجية المصري,MINIST,,Bahrain,4.34782608695653,40
2025-02-22 21:45:00.000000 UTC,https://www.albiladpress.com/news/2025/5976/bahrain/903696.html,وزير الإعلام يزور مدينة العلا ويشيد بما تمثله من وجهه سياحية وثقافية عالمية,SAUDI ARABIA,SAUDI ARABIA,Saudi Arabia,4.38152266894782,43
2025-02-22 21:45:00.000000 UTC,https://www.albiladpress.com/news/2025/5976/bahrain/903686.html,"وزير ""المالية"" يؤكد على أهمية مواصلة توطيد أواصر التعاون بين البحرين ومصر",EGYPT,GOVERNMENT,Bahrain,5.93471810089021,51
2025-02-22 22:15:00.000000 UTC,https://www.alriyadh.com/2120076,رفض تام لتهجير أهل غزة وتحرك برلماني عربي دولي لوأد مقترح ترمب,ISRAEL,JERUSALEM,"Jerusalem, Israel (general), Israel",-4.25867507886436,54
2025-02-22 22:30:00.000000 UTC,https://www.alahednews.com.lb/article.php?id=79723&cid=123,رئيس فرقة أنصار الله الإنشادية للعهد: القربان الذي قدمه حزب االله سيكون فاتحة نصر كبير إن شاء الله,,YEMEN,Yemen,5.78512396694215,43
2025-02-22 22:30:00.000000 UTC,https://www.wafa.ps/Pages/Details/114639,المؤتمر السابع للبرلمان العربي يؤكد رفضه التام والكامل لمخططات التهجير والضم وتصفية القضية الفلسطينية,,INTER PARLIAMENTARY UNION,"Jerusalem, Israel (general), Israel",-3.75180375180375,20
2025-02-22 22:45:00.000000 UTC,http://www.elbrqnews.com/New-News/231917.html,مستشار الرئيس الفلسطينى: موقف مصر والأردن كان حجر الأساس لإجهاض مخطط ترامب,MUSLIM,,"Jerusalem, Israel (general), Israel",-2.64900662251655,10
2025-02-22 23:15:00.000000 UTC,https://www.albayan.ae/news/middle-east/palestine/29227,البرلمان العربي يعتمد وثيقة لدعم صمود الشعب الفلسطيني ورفعها للقمة العربية بمصر,,PARLIAMENT,"Arab League, Al Qahirah, Egypt",2.53164556962025,46
2025-02-23 20:00:00.000000 UTC,https://www.annaharkw.com/annahar/Article.aspx?id=1013600,رئيس الوزراء: الكويت ومصر.. علاقات أخوية متينة,BAYAN PALACE,,Egypt,4.48717948717949,46
2025-02-23 21:30:00.000000 UTC,https://www.shorouknews.com/news/view.aspx?cdate=23022025&id=cce66665-603e-4858-b772-ec51a0e266a5,رئيس المجلس الفلسطيني لإعادة إعمار غزة يدعو لمؤتمر عام للتمويل: لم تتقدم جهة دولية أو عربية لإعادة الإعمار غير مصر,ISRAEL,GAZA,"Niqabat Al Muhandisin, Al Qahirah, Egypt",1.64835164835165,42
2025-02-23 21:30:00.000000 UTC,http://www.elbrqnews.com/New-News/234044.html,"""الشرع"" يتلقى دعوة رسمية من الرئيس السيسي للمشاركة في القمة العربية الطارئة",PALESTINIAN,CAIRO,"Cairo, Al Qahirah, Egypt",-0.98765432098766,40
2025-02-23 21:30:00.000000 UTC,http://www.elbrqnews.com/New-News/234022.html,رئيس الوزراء يعود إلى القاهرة بعد انتهاء زيارته الرسمية للكويت,,CAIRO,Kuwait,1.36054421768707,51
2025-02-23 21:45:00.000000 UTC,https://www.alahednews.com.lb/article.php?id=79768&cid=113,قاليباف من بيروت: ندعم أيّ قرار يصدر بالإجماع عن الحكومة اللبنانية والشعب والمقاومة,LEBANON,,"Baabda, Mont-Liban, Lebanon",1.58227848101266,40
2025-02-23 22:00:00.000000 UTC,http://www.elbrqnews.com/New-News/234115.html,وزير الطيران يلتقي سفير الأرجنتين بالقاهرة لبحث التعاون في مجال النقل الجوي,MINIST,EGYPT,"Cairo, Al Qahirah, Egypt",6.43564356435643,73
2025-02-23 22:00:00.000000 UTC,https://www.vetogate.com/5355246,أخبار مصر اليوم: خطوات التقديم لوظائف مياه الشرب.. تفاصيل إحالة موظف بوزارة العمل للنيابة بتهمة تلقي رشوة.. وزير التموين: احتياطي استراتيجي آمن من السلع الأساسية,MINIST,WORKER,"Cairo, Al Qahirah, Egypt",2.20735785953178,20
2025-02-23 22:30:00.000000 UTC,https://www.alnilin.com/13369145.htm,"معلنا بشريات للسودانين بمصر وزير الخارجية السوداني لـ ""المحقق"": على الجامعة العربية الوقوف بجانب السودان - النيلين",,SUDAN,"Cairo, Al Qahirah, Egypt",-2.95748613678373,40
2025-02-23 22:45:00.000000 UTC,https://www.kuna.net.kw/ArticleDetails.aspx?id=3220467&Language=ar,كونا : نائب رئيس الوزراء المصري: أعياد الكويت الوطنية تجسيد لمسيرة شعب عريق نحو الاستقلال والمستقبل المشرق - الشؤون السياسية,EGYPT,KUWAIT,Kuwait,7.05521472392638,51
2025-02-23 23:00:00.000000 UTC,http://www.elbrqnews.com/New-News/234181.html,وزير التموين في حوار خاص مع أحمد موسى على صدى البلد الإثنين,MINIST,CITIZEN,Egypt,5.88235294117647,71
2025-02-23 23:00:00.000000 UTC,http://www.elbrqnews.com/New-News/234158.html,"عمرو حمزاوي: تصعيد نتنياهو الحالي ""لعبة داخلية"" للحفاظ على التحالف والحكومة",UNITED STATES,,"Cairo, Al Qahirah, Egypt",-4.95495495495496,10
2025-02-23 23:45:00.000000 UTC,https://www.almontasaf.net/news117215.html,اليمن في مهب الريح .. حكومة فاشلة وشعب تحت خط الفقر | المنتصف نت,GOVERNMENT,YEMEN,Yemen,-5.82329317269077,130
2025-02-24 18:15:00.000000 UTC,https://www.kuna.net.kw/ArticleDetails.aspx?id=3220604&Language=ar,كونا : البرلمان المصري يرحب بمخرجات اجتماع مجلسي النواب والأعلى للدولة الليبيين بالقاهرة - الشؤون السياسية,HOUSE OF REPRESENTATIVES,LIBYAN,"Cairo, Al Qahirah, Egypt",4.49438202247191,40
2025-02-24 20:30:00.000000 UTC,https://www.dostor.org/4978550,محافظ أسيوط ورئيس الجامعة يشهدان حفل تخريج الدفعة 58 بكلية الطب,EGYPT,,"Kulliyat At Tibb, Al Qahirah, Egypt",8.81174899866488,50
2025-02-24 20:45:00.000000 UTC,https://www.dostor.org/4978590,كامل الوزير: القطاع الخاص شريك أساسى فى نهضة الصناعة,MINISTRY,,Egypt,0.0,50
2025-02-24 21:00:00.000000 UTC,http://www.elbrqnews.com/New-News/236343.html,رئيس مصدري الأقطان سابقا يحذر من هروب بعض المزارعين من السوق,PEASANT,,Egypt,-5.17711171662126,71
2025-02-24 21:00:00.000000 UTC,http://www.elbrqnews.com/New-News/236317.html,علي النعيمي يبحث علاقات الشراكة مع البرلمان الأوروبي,,EUROPEAN,"Abu Dhabi, Abu Z¸aby, United Arab Emirates",1.85185185185185,40
2025-02-24 21:00:00.000000 UTC,https://www.kuna.net.kw/ArticleDetails.aspx?id=3220633&Language=ar,كونا : العاهل الأردني يبحث مع رئيس لجنة الشؤون الخارجية بمجلس النواب الأمريكي تطورات المنطقة - الشؤون السياسية,MALE,ABDULLAH II,"Gaza, Israel (general), Israel",0.0,84
2025-02-24 21:15:00.000000 UTC,https://www.albawabhnews.com/5160358,الفريق كامل الوزير يُعلن تشكيل مجموعة وزارية للتنمية الصناعية,INDUSTRY,MINIST,Egypt,1.67597765363128,10
2025-02-24 21:30:00.000000 UTC,https://maqar.com/archives/703577,وزير الداخلية يؤكد أهمية تسهيل العودة الطوعية الآمنة للاجئين السوريين - صحيفة المقر,INTERNATIONAL COMMUNITY,SYRIAN,Syria,1.09289617486338,20
2025-02-24 21:45:00.000000 UTC,https://www.albayan.ae/news/uae/foreign-affairs/29737,بحث التعاون بين المجلس الوطني والبرلمان الأوروبي,EUROPEAN,,"Abu Dhabi, Abu Z¸aby, United Arab Emirates",1.97368421052632,70
2025-02-24 22:00:00.000000 UTC,https://alwasat.ly/news/economy/468235,وزير خارجية سورية يرحب بتعليق العقوبات الأوروبية على بلاده,SYRIAN,GOVERNMENT,Syria,-1.69491525423729,51
2025-02-24 22:00:00.000000 UTC,https://alwasat.ly/news/arabic/468221,السودان.. غوتيريس يحذر من تصعيد الصراع بعد إعلان تشكيل حكومة موازية,GOVERNMENT,,"Cairo, Al Qahirah, Egypt",-2.03160270880361,120
2025-02-24 22:15:00.000000 UTC,https://www.shorouknews.com/news/view.aspx?cdate=24022025&id=4895efe8-0f58-4ff6-84f6-44a8aca7ab46,رئيس جامعة الأزهر: معهد تزكي في إندونيسيا امتداد حقيقي للأزهر الشريف,IMAM,EGYPT,Egypt,6.88524590163934,43
2025-02-24 22:30:00.000000 UTC,https://middle-east-online.com/%D8%A7%D9%84%D8%B1%D8%A6%D9%8A%D8%B3-%D8%A7%D9%84%D8%B3%D9%88%D8%B1%D9%8A-%D8%A5%D9%84%D9%89-%D8%A7%D9%84%D8%A3%D8%B1%D8%AF%D9%86-%D9%84%D8%A8%D8%AD%D8%AB-%D9%85%D9%84%D9%81%D8%A7%D8%AA-%D8%AE%D9%84%D8%A7%D9%81%D9%8A%D8%A9,الرئيس السوري إلى الأردن لبحث ملفات خلافية | MEO,JORDAN,SYRIAN,Jordan,-4.81927710843374,40
2025-02-24 22:30:00.000000 UTC,https://kitabat.com/%D9%86%D8%A7%D8%A6%D8%A8-%D8%B1%D8%A6%D9%8A%D8%B3-%D8%A7%D9%84%D8%AF%D9%88%D9%84%D8%A9-%D9%81%D9%8A-%D8%AF%D8%B3%D8%AA%D9%88%D8%B1-%D8%AC%D9%85%D9%87%D9%88%D8%B1%D9%8A%D8%A9-%D8%A7%D9%84%D8%B9%D8%B1/,نائب رئيس الدولة في دستور جمهورية العراق لسنة 2005 (النافذ) – كتابات,HOUSE OF REPRESENTATIVES,DEPUTY,Iraq,-0.37011334721258,42
2025-02-24 22:45:00.000000 UTC,http://www.elbrqnews.com/New-News/236518.html,برلمان مصر يوافق على قانون الإجراءات الجنائية بعد 50 شهرا من المناقشات.. ما تعليقات الخبراء؟ - الأول نيوز,EGYPT,CRIMINAL,"Cairo, Al Qahirah, Egypt",-3.50194552529183,40
2025-02-24 23:00:00.000000 UTC,https://arabic.rt.com/middle_east/1649612-%D9%88%D8%B2%D9%8A%D8%B1-%D8%A7%D9%84%D8%AF%D9%81%D8%A7%D8%B9-%D8%A7%D9%84%D8%B3%D8%B9%D9%88%D8%AF%D9%8A-%D9%8A%D8%B5%D9%84-%D8%A5%D9%84%D9%89-%D9%88%D8%A7%D8%B4%D9%86%D8%B7%D9%86/,وزير الدفاع السعودي يصل واشنطن,MINIST OF DEFENCE,MINIST,Saudi Arabia,2.83687943262411,40
2025-02-24 23:00:00.000000 UTC,https://www.dostor.org/4978693,وزير الدفاع السعودي يصل واشنطن لبحث تعزيز العلاقات والتعاون العسكري,WASHINGTON,,Iran,1.58102766798419,40
2025-02-24 23:45:00.000000 UTC,http://www.elbrqnews.com/New-News/236596.html,لجنة فلسطين في البرلمان العربي تدعو إلى وحدة الصف الدولي في مواجهة التهديدات التي تتعرض لها القضية الفلسطينية,EGYPT,PARLIAMENT,"Cairo, Al Qahirah, Egypt",-3.70370370370371,51
2025-02-25 14:30:00.000000 UTC,https://www.lebanonfiles.com/articles/%D8%AE%D8%A7%D8%B5/%D8%A7%D9%84%D8%B1%D8%A6%D9%8A%D8%B3-%D8%B9%D9%88%D9%86-%D9%88%D8%AD%D9%8A%D8%AB-%D9%84%D9%85-%D9%8A%D8%AC%D8%B1%D8%A4-%D8%A7%D9%84%D8%A2%D8%AE%D8%B1%D9%88%D9%86/,الرئيس عون وحيث لم يجرؤ الآخرون | LebanonFiles,LEBANON,HASSAN,"Beirut, Beyrouth, Lebanon",-0.82918739635157,42
2025-02-25 20:30:00.000000 UTC,https://www.vetogate.com/5356715,"وزير الطيران: خطة طرح المطارات المصرية في مرحلتها النهائية وتبدأ بـ""الغردقة""",EGYPTIAN,,"Hurghada, Al Ba?r al A?mar, Egypt",0.380228136882131,20
2025-02-25 20:30:00.000000 UTC,http://www.elbrqnews.com/New-News/238614.html,"""إفريقية النواب"": زيارة رئيس زامبيا مصر تعكس تعزيز أواصر التعاون مع الدول الإفريقية",EGYPT,,Egypt,2.63966306341603,57
2025-02-25 20:30:00.000000 UTC,https://www.vetogate.com/5356650,استعدادات مكثفة لافتتاح المتحف المصري الكبير 3 يوليو المقبل، مدبولي: تكليفات محددة للوزارات لإخراج الاحتفالية العالمية على أفضل وجه، وزير السياحة: إنجاز هندسي ومركز عالمي لعلم المصريات,EGYPT,,"Giza, Al Jizah, Egypt",2.52808988764045,26
2025-02-25 20:30:00.000000 UTC,http://www.elbrqnews.com/New-News/238646.html,الرئيس السيسي: أدعو الله أن يمنح البابا فرانسيس الشفاء ويعود سالما إلى محبيه,EGYPT,,"Gaza City, Israel (general), Israel",1.27215086247918,46
2025-02-25 20:45:00.000000 UTC,https://www.shorouknews.com/news/view.aspx?cdate=25022025&id=cfc07432-c611-4884-a9bc-053ed26f2e89,رئيس هيئة مقاومة الاستيطان: سنبقى على أرضنا وليس لدينا بديل آخر,GAZA,,"Jerusalem, Israel (general), Israel",-4.62962962962963,129
2025-02-25 21:00:00.000000 UTC,https://we.mansheet.net/79584/%D8%A7%D8%AE%D8%A8%D8%A7%D8%B1-%D9%8A%D9%88%D8%A7%D9%81%D9%82-%D8%A7%D9%84%D8%B1%D8%A6%D9%8A%D8%B3-%D8%B3%D9%8A%D8%B3%D9%8A-%D8%B9%D9%84%D9%89-%D8%AA%D8%AD%D8%AF%D9%8A%D8%AF-%D8%AA%D8%A7%D8%B1%D9%8A/,اخبار.. يوافق الرئيس سيسي على تحديد تاريخ افتتاح المتحف المصري الكبير في 3 يوليو القادم – جريدة مانشيت,AUTHORITIES,,"Giza, Al Jizah, Egypt",3.6745406824147,12
2025-02-25 21:15:00.000000 UTC,https://bokra.net/Article-1564239,رئيس وزراء لبنان: نريد دولة تملك القرار بشأن الحرب والالتزام بالقرار 1701,NAWAF SALAM,GOVERNMENT,"Beirut, Beyrouth, Lebanon",-5.11627906976744,50
2025-02-25 21:15:00.000000 UTC,http://www.elbrqnews.com/New-News/238769.html,نهيان بن مبارك يستقبل وفد البرلمان الأوروبي لبحث العلاقات الخليجية,EUROPEAN PARLIAMENT,UNITED ARAB EMIRATES,United Arab Emirates,4.83460559796438,51
2025-02-25 21:30:00.000000 UTC,https://www.dostor.org/4979900,رئيس جامعة الأزهر: حريصون على التعاون مع جميع المؤسسات التعليمية فى العالم,RELIGION,,"Cairo, Al Qahirah, Egypt",6.14250614250614,22
2025-02-25 21:30:00.000000 UTC,https://www.dostor.org/4979884,"وزير الطيران: خطة طرح المطارات المصرية تنتهي خلال أسابيع والتجربة تبدأ بـ""الغردقة""",EGYPTIAN,,Turkey,0.0,20
2025-02-25 21:30:00.000000 UTC,https://www.dostor.org/4979906,"""برلمانية حماة الوطن"": زيارة رئيس زامبيا لمصر تعكس الدور الريادي للقاهرة في القارة الإفريقية",ZAMBIA,EGYPT,"Cairo, Al Qahirah, Egypt",7.69230769230769,42
2025-02-25 22:15:00.000000 UTC,http://www.elbrqnews.com/New-News/238850.html,صقر غباش: الدبلوماسية البرلمانية تعزز الحوار والتفاهم دولياً,FEDERAL NATIONAL COUNCIL,,"Abu Dhabi, Abu Z¸aby, United Arab Emirates",5.38764783180026,42
2025-02-25 22:30:00.000000 UTC,https://www.kuna.net.kw/ArticleDetails.aspx?id=3220784,كونا : وزير الخارجية الإسباني يؤكد مجددا ضرورة إقامة دولة فلسطينية مستقلة - الشؤون السياسية,SPANISH,ACTOR,"Gaza, Israel (general), Israel",0.34722222222222,46
2025-02-25 22:30:00.000000 UTC,https://www.albayan.ae/news/uae/foreign-affairs/29982,رئيس الدولة ونائباه والحكام يهنئون أمير الكويت بالعيد الوطني وذكرى التحرير,KUWAIT,ABU DHABI,"Kuwait City, Kuwait (general), Kuwait",4.74209650582363,54
2025-02-25 22:45:00.000000 UTC,https://mustaqila.com/%D8%AD%D9%83%D9%88%D9%85%D8%A9-%D8%A7%D9%84%D8%A7%D8%AD%D8%AA%D9%84%D8%A7%D9%84-%D8%AA%D9%85%D9%86%D8%B9-%D8%B9%D8%B6%D9%88%D8%AA%D9%8A%D9%86-%D9%81%D9%8A-%D8%A7%D9%84%D8%A8%D8%B1%D9%84%D9%85%D8%A7/,حكومة الاحتلال تمنع عضوتين في البرلمان الأوروبي من دخول الأراضي الفلسطينية,ISRAEL,,"Ben Gurion, HaMerkaz, Israel",-5.23809523809523,40
2025-02-25 22:45:00.000000 UTC,https://alsahwa-yemen.net/p-83001,إصلاح تعز يدعو الرئاسة والحكومة لاتخاذ إجراءات عاجلة لتحسين الوضع المعيشي,ACTOR,,"Muhafazat Taizz, Ta‘izz, Yemen",-2.43682310469314,12
2025-02-25 23:00:00.000000 UTC,http://www.elbrqnews.com/New-News/238925.html,رئيس الدولة ونائباه وسلطان والحكام يهنئون أمير الكويت,KUWAIT,,"Dubai, Dubayy, United Arab Emirates",6.12903225806452,51
2025-02-25 23:15:00.000000 UTC,https://www.mena.org.eg:443/news/dbcall/table/textnews/id/11080973,مساعد وزير الخارجية يعقد لقاء مع وفد طلابي من جامعة,FOREIGN MINIST,,"Wizarat Al Kharijiyah, Al Qahirah, Egypt",4.03225806451612,46
2025-02-25 23:15:00.000000 UTC,https://www.aksalser.com/news/2025/02/26/%D8%BA%D8%A7%D8%B1%D8%A7%D8%AA-%D8%A5%D8%B3%D8%B1%D8%A7%D8%A6%D9%8A%D9%84%D9%8A%D8%A9-%D8%AC%D8%AF%D9%8A%D8%AF%D8%A9-%D8%B9%D9%84%D9%89-%D8%B3%D9%88%D8%B1%D9%8A%D8%A7-%D8%A8%D8%A7%D9%84%D8%AA%D8%B2/,غارات إسرائيلية جديدة على سوريا بالتزامن مع تصريحات متعلقة لوزير الأمن الإسرائيلي ( فيديو ) - عكس السير,SYRIA,LEBANON,Israel,-2.38095238095238,120
2025-02-25 23:30:00.000000 UTC,https://www.libyaakhbar.com/libya-news/2531185.html,العرفي: اجتماع القاهرة طرح خارطة طريق لإيجاد حل يفضي لانتخابات - اخبار ليبيا,,CAIRO,"Arab League, Al Qahirah, Egypt",4.739336492891,42
2025-02-25 23:45:00.000000 UTC,http://www.elbrqnews.com/New-News/238974.html,البرلمان الإفريقي يدين أي مخطط لتهجير الفلسطينيين من أراضيهم,AFRICA,PALESTINIAN,"Rafah, Gaza Strip (general), Gaza Strip",-6.22710622710623,111
2025-02-25 23:45:00.000000 UTC,https://www.shorouknews.com/news/view.aspx?cdate=26022025&id=707996ec-108b-4c68-a7a5-27dafe99a112,رئيس هيئة المتحف المصري الكبير: حدث الافتتاح لا يمكن اختزاله في يوم واحد,MEDIA,EGYPT,Egypt,1.65289256198347,10
2025-02-26 02:00:00.000000 UTC,https://www.al-binaa.com/archives/426360,الغارات والتوغلات الإسرائيلية تخطف الأضواء عن مؤتمر الحوار في سورية / ثقة وازنة للحكومة مع مناقشة البيان… وباسيل بخطاب مدروس يحجب الثقة / رعد: للتعاون من أجل الدولة القوية القادرة والعادلة نحو الإصلاح والسيادة - جريدة البناء | Al-binaa Newspaper,LEBANON,PRESIDENT,Saudi Arabia,0.60716454159077,42
2025-02-26 08:45:00.000000 UTC,https://alanbatnews.net/article/452182,مجاهد الرجبي رئيسا لجمعية المستثمرين الاردنية,INVESTOR,ABDULLAH II,Oman,0.806451612903224,46
2025-02-26 09:00:00.000000 UTC,https://www.shorouknews.com/news/view.aspx?cdate=26022025&id=b18b08a1-655d-4eea-be17-de56f8bfc7ce,أسعارها أقل.. متحدث الحكومة يكشف عن تفاصيل الطرح الجديد بمبادرة سكن لكل المصريين,,GOVERNMENT,"Wizarat Al Iskan, Al Qahirah, Egypt",0.0,46
2025-02-26 09:15:00.000000 UTC,https://www.shorouknews.com/news/view.aspx?cdate=26022025&id=1755d389-7935-4f3c-b943-66035d630906,وزير الدفاع الإسرائيلي محذرا قوات النظام السوري: سنرد بالنيران,MINIST,DAMASCUS,"Golan Heights, Syria (general), Syria",-6.45161290322581,190
2025-02-26 11:30:00.000000 UTC,https://alwasat.ly/news/arabic/468345,جلسة طارئة للبرلمان العربي حول إعمار غزة,PALESTINE,ISRAEL,Gaza Strip,-3.76344086021506,46
2025-02-26 12:15:00.000000 UTC,https://www.shorouknews.com/news/view.aspx?cdate=26022025&id=a270d8ec-2eae-497a-86e4-20209015d206,رئيس البرلمان العربي: العدوان الإسرائيلي في الضفة الغربية نتيجة للصمت الدولي المخزي تجاه غزة,,CAIRO,"Gaza, Israel (general), Israel",-1.85873605947956,40
2025-02-26 21:15:00.000000 UTC,https://www.alquds.com/ar/posts/153057,رئيس الوزراء اللبناني: انسحاب الاحتلال الإسرائيلي من لبنان على رأس أولويات حكومتنا,LEBANESE,,Lebanon,0.91743119266055,22
2025-02-26 21:15:00.000000 UTC,https://sudanile.com/%D8%A7%D9%84%D8%B3%D9%88%D8%AF%D8%A7%D9%86-%D9%8A%D8%B9%D9%88%D9%91%D9%84-%D8%B9%D9%84%D9%89-%D8%AF%D8%B9%D9%85-%D8%B9%D8%B1%D8%A8%D9%8A-%D9%88%D8%A3%D9%81%D8%B1%D9%8A%D9%82%D9%8A-%D9%88%D8%A7%D8%B3/,السودان يعوّل على دعم عربي وأفريقي واسع ضد تحركات «الحكومة الموازية» .. وزير الخارجية السوداني هدد بحظر عبور الطائرات الكينية - سودانايل,SUDAN,EGYPT,"Cairo, Al Qahirah, Egypt",2.05198358413133,43
2025-02-26 21:30:00.000000 UTC,http://www.elbrqnews.com/New-News/241189.html,أبو الغيط يستقبل رئيس تيار الحكمة الوطني العراقي,PALESTINIAN,IRAQ,Syria,1.14942528735633,51
2025-02-26 21:30:00.000000 UTC,https://www.nile.eg/%D9%88%D8%B2%D9%8A%D8%B1-%D8%A7%D9%84%D8%AE%D8%A7%D8%B1%D8%AC%D9%8A%D8%A9-%D8%A7%D9%84%D8%B3%D9%88%D8%AF%D8%A7%D9%86%D9%89-%D9%84%D9%84%D9%86%D9%8A%D9%84-%D9%84%D9%84%D8%A3%D8%AE%D8%A8%D8%A7%D8%B1,النيل – قناة مصر الإخبارية | بالفيديو.. وزير الخارجية السودانى للنيل للأخبار: مصر لديها مبادرة هامة تحت رعاية الرئيس السيسى لدعم الدولة السودانية,REBELLION,SUDAN,Egypt,3.57142857142857,10
2025-02-26 21:30:00.000000 UTC,http://www.elbrqnews.com/New-News/241196.html,البرلمان العربي يؤكد مساندته للشعب الفلسطيني ضد محاولات التهجير,PARLIAMENT,PALESTINIAN,"Jerusalem, Israel (general), Israel",-2.66666666666667,51
2025-02-26 21:30:00.000000 UTC,http://www.elbrqnews.com/New-News/241185.html,أحمد موسى: وزير الري يؤكد للجانب الإثيوبي مخالفة سد النهضة للاتفاقيات الدولية,ETHIOPIA,NILE,"Nahr An Nil, Egypt (general), Egypt",-7.43243243243243,42
2025-02-26 21:30:00.000000 UTC,http://www.elbrqnews.com/New-News/241176.html,رئيس جامعة أسيوط: لدينا 5 آلاف وافد من الدول العربية والإفريقية,HOSPITAL,,Egypt,-0.66666666666667,50
2025-02-26 21:45:00.000000 UTC,https://www.elwatannews.com/news/details/7858514,«الخطيب» يلتقي وزير الدولة القطري لشؤون التجارة الخارجية لبحث سبل تعزيز العلاقات,MINIST FOR TRADE,QATAR,Egypt,5.77617328519856,40
2025-02-26 22:00:00.000000 UTC,https://alyaoum24.com/1950147.html,احتمال تأجيل اجتماع القمة العربية في العراق بسبب احتياطات تأمين الرئيس السوري محمد الشرع,IRAQ,SYRIAN,Iraq,-1.66666666666666,161
2025-02-26 22:00:00.000000 UTC,https://arn.ps/post/290973.html,لبنان: حكومة نواف سلام تنال ثقة البرلمان,MINIST,PARLIAMENT,Lebanon,1.96078431372549,40
2025-02-26 22:15:00.000000 UTC,https://www.alriyadh.com/2120803,العتيبي من منبر برلمان العرب: الموقف السعودي راسخ وثابت .. والحق الفلسطيني لا يسقط بالتقادم,PALESTINIAN,PARLIAMENT,"Jerusalem, Israel (general), Israel",-2.18228498074454,46
2025-02-26 22:15:00.000000 UTC,https://www.shorouknews.com/news/view.aspx?cdate=26022025&id=b14e3906-b172-4522-9fd1-ae0968587fab,الحكومة عن سد النهضة: نرفض أي تصرف أحادي ونؤكد أهمية الالتزام بالقانون الدولي,EGYPT,,"Riasat Majlis Al Wuzara, Al Jizah, Egypt",-0.61919504643963,120
2025-02-26 22:45:00.000000 UTC,https://www.albawabhnews.com/5161449,وزير الكهرباء : مصر مركز إقليمي لتبادل الطاقة ومشروعات الربط الكهربائي جسور للصداقة,EGYPT,EGYPTIAN,"Wizarat Al Kahraba, Al Qahirah, Egypt",2.62096774193549,42
2025-02-26 22:45:00.000000 UTC,https://cedarnews.net/folders/bbc/822248/%D9%83%D9%8A%D9%81-%D8%AA%D9%81%D8%A7%D8%B9%D9%84-%D9%86%D8%A7%D8%B4%D8%B7%D9%88-%D9%85%D9%88%D8%A7%D9%82%D8%B9-%D8%A7%D9%84%D8%AA%D9%88%D8%A7%D8%B5%D9%84-%D9%85%D8%B9-%D9%81%D9%8A%D8%AF%D9%8A%D9%88/,كيف تفاعل ناشطو مواقع التواصل مع فيديو “غزة ترامب” الذي نشره الرئيس الأمريكي؟,ACTIVIST,ISRAEL,"Gaza, Israel (general), Israel",-3.78197997775306,130
2025-02-26 23:00:00.000000 UTC,https://www.kuna.net.kw/ArticleDetails.aspx?id=3220915&Language=ar,كونا : الرئيس الإيراني يدعو إلى تعزيز علاقات بلاده مع ماليزيا في شتى المجالات - الشؤون السياسية,MALAYSIA,IRANIAN,"Gaza, Israel (general), Israel",-3.72093023255814,36
2025-02-26 23:00:00.000000 UTC,http://www.elbrqnews.com/New-News/241370.html,رئيس حزب مصر 2000: مصر والدول العربية لها موقف ثابت وراسخ تجاه القضية الفلسطينية,PALESTINIAN,RUSSIAN,"Cairo, Al Qahirah, Egypt",0.46948356807511,43
2025-02-26 23:00:00.000000 UTC,http://www.elbrqnews.com/New-News/241371.html,رئيس حزب الريادة: حزمة الحماية الاجتماعية تؤكد حرص القيادة السياسية على تخفيف الأعباء عن المواطنين,EGYPT,EGYPTIAN,Egypt,6.55125274000046,51
2025-02-26 23:00:00.000000 UTC,https://www.kuna.net.kw/ArticleDetails.aspx?id=3220891,كونا : رئيس الوزراء المصري: طفرة كبيرة في العلاقات مع الكويت - الشؤون السياسية,KUWAIT,,"Cairo, Al Qahirah, Egypt",2.20994475138122,40
2025-02-26 23:00:00.000000 UTC,http://www.elbrqnews.com/New-News/241367.html,وزير قطاع الأعمال العام يتفقد محطة الكهرباء وعددا من المصانع القديمة بشركة غزل المحلة,MINIST,,Egypt,1.23076923076923,90
2025-02-26 23:45:00.000000 UTC,http://www.elbrqnews.com/New-News/241425.html,الحكومة تتحرك بسرعة بعد كارثة غزل المحلة.. قرارات فورية ورسائل طمأنة للعمال,COMPANY,,Egypt,-3.16622691292876,332
2025-02-27 14:45:00.000000 UTC,https://www.libyaakhbar.com/world-news/2532003.html,سلام يتلقى التهاني بمنح البرلمان اللبناني الثقة لحكومته - اخبار ليبيا,LEBANESE,MINIST,Lebanon,15.7534246575343,51
2025-02-27 19:00:00.000000 UTC,http://www.elbrqnews.com/New-News/243198.html,محافظ الجيزة ورئيس جامعة القاهرة يوقعان بروتوكول تعاون لتعظيم الاستفادة من الخبرات البحثية والاستشارية,CAIRO,EGYPT,"Giza, Al Jizah, Egypt",1.59574468085107,57
2025-02-27 19:00:00.000000 UTC,https://www.dostor.org/4982240,برلمانية: متابعة الرئيس السيسي لتطبيق حزمة الحماية الاجتماعية هدفها تخفيف الأعباء,ACTOR,,Egypt,4.33070866141733,12
2025-02-27 19:00:00.000000 UTC,https://www.vetogate.com/5358140,رسالة إيناس عز الدين إلى رئيس دار الأوبرا الجديد,NEIGHBORHOOD,,"Cairo, Al Qahirah, Egypt",2.10526315789474,42
2025-02-27 19:30:00.000000 UTC,https://www.albiladpress.com/news/2025/5981/arab-and-world/904629.html,رئيس إقليم كردستان العراق يرحب برسالة أوجلان,IRAQI KURDISTAN,,Iraq,9.73451327433633,51
2025-02-27 19:30:00.000000 UTC,https://jo24.net/article/525612,"عاجل -التمييز"" تصادق على قرار قضائي يلزم وزير الداخلية ومحافظ المفرق بتعويض عاملة منزل تم توقيفها ادارايًا 3 سنوات ونصف",CRIMINAL,,Jordan,-4.90367775831874,173
2025-02-27 19:30:00.000000 UTC,https://www.elfagr.org/5127748,وزير الأوقاف يلتقي اللجنة الموسعة للمجلس الوطني للشؤون الدينية الإسلامية في ماليزيا,MINIST,MALAYSIAN,"Wizarat Al Awqaf, Al Qahirah, Egypt",0.9433962264151,160
2025-02-27 19:45:00.000000 UTC,https://www.aljazeera.net/programs/the-interview/2025/2/27/%D9%88%D8%B2%D9%8A%D8%B1-%D8%AE%D8%A7%D8%B1%D8%AC%D9%8A%D8%A9-%D8%AA%D8%B1%D9%83%D9%8A%D8%A7-%D9%8A%D8%AA%D8%AD%D8%AF%D8%AB-%D9%84%D9%84%D8%AC%D8%B2%D9%8A%D8%B1%D8%A9-%D8%B9%D9%86,وزير خارجية تركيا يتحدث للجزيرة عن الشرع وسقوط الأسد و7 أكتوبر,IRAQ,TURKEY,"Ankara, Ankara, Turkey",-3.5904255319149,120
2025-02-27 20:00:00.000000 UTC,https://www.raialyoum.com/%D9%86%D8%AA%D9%86%D9%8A%D8%A7%D9%87%D9%88-%D9%8A%D9%86%D8%AA%D9%82%D8%AF-%D8%A7%D9%84%D8%AC%D9%8A%D8%B4-%D8%A7%D9%84%D8%A5%D8%B3%D8%B1%D8%A7%D8%A6%D9%8A%D9%84%D9%8A-%D9%84%D8%B9%D8%AF%D9%85-%D8%A5/,نتنياهو ينتقد الجيش الإسرائيلي لعدم إبلاغه بنتائج تحقيق 7 أكتوبر.. رئيس الأركان الإسرائيلي يقر: أخطأنا وأنا أتحمل المسؤولية,ARMY,,"Gaza, Israel (general), Israel",-3.83971759050623,138
2025-02-27 20:45:00.000000 UTC,https://www.alquds.com/ar/posts/153165,بن غفير: مستعد للعودة للحكومة إذا نفذ نتنياهو مقترح ترامب,MINIST OF GOVERNMENT,ISRAELI,Israel,-6.06060606060606,831
2025-02-27 20:45:00.000000 UTC,https://www.shorouknews.com/news/view.aspx?cdate=27022025&id=e20ffa01-cde4-492d-bc93-480846598f67,طلب إحاطة لرئيس الوزراء بشأن واقعة انفجار غلاية بشركة غزل المحلة,CHANCELLOR,EGYPT,Egypt,-6.15384615384616,20
2025-02-27 20:45:00.000000 UTC,https://www.wafa.ps/Pages/Details/115038,الرجوب يضع وزير الخارجية التركي في صورة آخر المستجدات السياسية,TURKISH,GAZA,"Ankara, Ankara, Turkey",-2.74725274725275,51
2025-02-27 21:00:00.000000 UTC,https://www.shorouknews.com/news/view.aspx?cdate=27022025&id=b840f059-a4f6-4dbb-8d1d-efcb70421bdb,مصطفى بكري: شعبية الرئيس السيسي وصلت للسماء.. أول رئيس يقول لترامب لأ,PRESIDENT,,Egypt,0.0,80
2025-02-27 21:00:00.000000 UTC,https://www.shorouknews.com/news/view.aspx?cdate=27022025&id=1420539e-55df-40cb-9304-3bc2c1f9105f,وزير الأوقاف يدعو لجنة الشئون الإسلامية بماليزيا لترشيح عدد من الأئمة للتدرب على تفكيك الفكر المتطرف,MINIST,,"Wizarat Al Awqaf, Al Qahirah, Egypt",0.371747211895911,10
2025-02-27 21:15:00.000000 UTC,http://www.elbrqnews.com/New-News/243416.html,حابس الشروف: المرحلة الثانية من اتفاق غزة من أصعب المراحل بالنسبة لحكومة نتنياهو,ISRAEL,PRISONER,"Cairo, Al Qahirah, Egypt",-5.32544378698225,110
2025-02-27 21:30:00.000000 UTC,https://www.vetogate.com/5358221,وزير الأوقاف من ماليزيا: تفكيك أفكار التطرف ضرورة لحماية المجتمعات الإسلامية من الفكر الهدّام,MALAYSIA,MINIST,"Wizarat Al Awqaf, Al Qahirah, Egypt",0.92592592592593,40
2025-02-27 21:45:00.000000 UTC,https://www.dostor.org/4982413,رئيس وزراء بريطانيا: حل الدولتين هو الحل الأمثل للوضع فى الشرق الأوسط,BRITISH,PRESIDENT,"Gaza, Israel (general), Israel",-2.02020202020202,40
2025-02-27 21:45:00.000000 UTC,https://www.albayan.ae/economy/business/uae-economy/30322,«المالية» تطلق دليل إجراءات المشتريات في الحكومة الاتحادية,MINISTRY,DUBAI,"Dubai, Dubayy, United Arab Emirates",2.40641711229947,173
2025-02-27 21:45:00.000000 UTC,https://www.albayan.ae/news/uae/30363,حكومة الإمارات تكرم الفائزين بجائزة الإمارات تبتكر 2025,COMMUNITY,DUBAI,"Dubai, Dubayy, United Arab Emirates",7.09570957095713,51
2025-02-27 22:00:00.000000 UTC,https://bawabatii.net/news323121.html,جامعة صنعاء ترد على قرار وزير التعليم العالي الكويتي,MEDIA,,"Sanaa, San‘a', Yemen",2.24719101123596,51
2025-02-27 22:00:00.000000 UTC,https://www.emaratalyoum.com/local-section/other/2025-02-28-1.1924660,رئيس الدولة ومحمد بن راشد والحكام يأمرون بالإفراج عن نزلاء بالمؤسسات الإصلاحية,CHIEF OF STATE,,"Al Khaymah, La?ij, Yemen",2.97219558964525,84
2025-02-27 22:15:00.000000 UTC,https://www.kuna.net.kw/ArticleDetails.aspx?id=3221031&Language=ar,كونا : واشنطن تهنىء لبنان بنيل الحكومة الجديدة ثقة البرلمان - الشؤون السياسية,UNITED STATES,LEBANESE,Lebanon,2.90697674418604,84
2025-02-27 22:15:00.000000 UTC,https://www.tayyar.org/News/Lebanon/654522/_guid=654522,نحنا وصّلنا حالنا لهون...وزير الخارجية لم نصل الى القدس ولم نسند غزة ولم نحرّر لبنان,IRAN,,Lebanon,-0.44843049327354,20
2025-02-27 22:30:00.000000 UTC,https://www.kuna.net.kw/ArticleDetails.aspx?id=3221026&language=ar,كونا : وزير الخارجية التركي يشدد على ضرورة توحد الفلسطينيين ضد التوسع الإسرائيلي - الشؤون السياسية,ISRAEL,TURKEY,"Ankara, Ankara, Turkey",-1.69491525423729,36
2025-02-27 22:45:00.000000 UTC,https://www.vetogate.com/5358246,رئيس الوزراء البريطاني: أرحب بالتزام الرئيس ترامب بوقف القتال في أوكرانيا,UKRAINE,,Saudi Arabia,-0.46728971962617,30
2025-02-27 23:00:00.000000 UTC,http://www.elbrqnews.com/New-News/243555.html,حمد الشامسي : أمر رئيس الدولة بالإفراج عن عدد من نزلاء «المنشآت الإصلاحية» يجسد نهج التسامح,CHIEF OF STATE,,"Mecca, Makkah, Saudi Arabia",5.5646481178396,84
2025-02-27 23:00:00.000000 UTC,https://www.raya.ps/news/1190656.html,الرجوب يضع وزير الخارجية التركي في صورة آخر المستجدات السياسية,TURKISH,GAZA,Gaza Strip,-2.8409090909091,51
2025-02-27 23:15:00.000000 UTC,http://www.elbrqnews.com/New-News/243583.html,ستارمر: أرحب بالتزام الرئيس ترامب بوقف القتال في أوكرانيا,UKRAINE,,"Gaza, Israel (general), Israel",2.29885057471264,30
2025-02-28 19:30:00.000000 UTC,https://www.emaratalyoum.com/local-section/other/2025-02-28-1.1924807,رئيس الدولة ونائباه يهنئون قادة الدول العربية ‎والإسلامية بحلول شهر رمضان المبارك,DEPUTIES,,"Dubai, Dubayy, United Arab Emirates",9.21985815602837,51
2025-02-28 20:00:00.000000 UTC,https://www.26sep.net/index.php/local/98851-2025-02-28-19-13-29,وزير الدفاع ورئيس الاركان يهنئان القيادة الثورية والسياسية بقدوم رمضان,FIGHTER,,Yemen,5.57077625570779,190
2025-02-28 20:30:00.000000 UTC,https://www.saidaonline.com/300554,رئيس بلدية صيدا رعى حفل إستقبال شهر رمضان وإفتتاح وسطية العطاء وإضاءة تقاطع إيليا نظمته كشافة الفاروق وجمعية التنمية والتعاون | صيدا اون لاين,DEPUTY,POLITBURO,Lebanon,7.8740157480315,42
2025-02-28 20:30:00.000000 UTC,http://www.elbrqnews.com/New-News/244988.html,وكيل مجلس الشيوخ يهني الرئيس السيسي بحلول شهر رمضان المبارك,GOVERNMENT,EGYPT,Egypt,3.85346879678028,14
2025-02-28 21:00:00.000000 UTC,https://cedarnews.net/folders/folder/823067/%D8%B1%D8%A6%D9%8A%D8%B3-%D8%A8%D9%84%D8%AF%D9%8A%D8%A9-%D8%A7%D9%84%D9%82%D8%A7%D8%B9/,رئيس بلدية القاع شرح معاناة البلدة والاهالي جراء تصدير المحروقات إلى سوريا وعدم مراقبة دخول الأشخاص وخروجهم,MAYOR,LAWYER,Syria,-3.60962566844919,10
2025-02-28 21:00:00.000000 UTC,https://www.albiladpress.com/news/2025/5982/bahrain/904803.html,وزير الداخلية ورئيس اللجنة الوزارية لتقنية المعلومات والاتصالات يدشن ثلاثة مشاريع استراتيجية بهيئة المعلومات والحكومة الالكترونية,CREATIVITY,,Bahrain,7.77988614800759,70
2025-02-28 21:45:00.000000 UTC,https://almasdaronline.com/articles/312439,"الرئيس العليمي يؤكد زوال المشروع الحوثي ويدعو للاستعداد ل ""الارتدادات المحتملة"" لانهيار الميليشيا",EGYPTIAN,EGYPT,Yemen,-0.691389063482091,40
2025-02-28 22:00:00.000000 UTC,https://www.dostor.org/4983380,الطين والعجين.. لمن يستمع الرئيس ترامب؟,ISRAELI,WEST BANK,"Jerusalem, Israel (general), Israel",-4.39586836416046,160
2025-02-28 22:00:00.000000 UTC,http://www.elbrqnews.com/New-News/245150.html,بحضور رئيس نقابة البترول.. بدر الدين تحتفل بعيد الأم وتكرم الأمهات المثاليات,RELIGION,,"Cairo, Al Qahirah, Egypt",6.41891891891892,51
2025-02-28 22:30:00.000000 UTC,https://www.fj-p.com/401955/%D9%88%D8%B3%D8%B7-%D8%AA%D8%B1%D8%AD%D9%8A%D8%A8-%D8%A5%D9%85%D8%A7%D8%B1%D8%A7%D8%AA%D9%8A-%D9%88%D8%B1%D9%81%D8%B6-%D8%A3%D9%85%D9%85%D9%8A-%D8%AD%D9%83%D9%88%D9%85%D8%A9-%D8%B3%D9%88%D8%AF/,وسط ترحيب إماراتي ورفض أممي .. حكومة سودانية”موازية” بكينيا” لماذا تعتبر مؤامرة على الخرطوم والقاهرة ؟,SUDAN,NAIROBI,"Cairo, Al Qahirah, Egypt",-0.987525987525981,42
2025-02-28 22:30:00.000000 UTC,https://www.kuna.net.kw/ArticleDetails.aspx?id=3221167&language=ar,كونا : الرئيس التركي ورئيس الوزراء البريطاني يبحثان المستجدات الإقليمية والدولية - الشؤون السياسية,PRESIDENT,UNITED KINGDOM,"Istanbul, Istanbul, Turkey",0.88495575221239,40
2025-02-28 22:30:00.000000 UTC,https://www.kuna.net.kw/ArticleDetails.aspx?id=3221157&Language=ar,كونا : وزير الشؤون الاجتماعية تتفقد الجمعيات التعاونية لمتابعة استعدادات الشهر الفضيل - الشؤون الإجتماعية,MINIST,,Kuwait,1.75438596491228,90
2025-02-28 22:45:00.000000 UTC,https://www.kuna.net.kw/ArticleDetails.aspx?id=3221175&Language=ar,كونا : ردود فعل متباينة على المشادة الكلامية بين الرئيسين الأمريكي والأوكراني - الشؤون السياسية,SAUDI ARABIA,UKRAINE,Saudi Arabia,0.15479876160991,43
2025-02-28 22:45:00.000000 UTC,https://alwasat.ly/news/libya/468634,3 ملفات رئيسية تناولها لقاء حفتر مع ماكرون بقصر الإليزيه,FRANCE,NIGERIA,Syria,-1.1764705882353,10
2025-03-01 06:30:00.000000 UTC,https://www.tayyar.org/News/Lebanon/654687/_guid=654687,الجنوبيون لرئيس الحكومة متى تحرّرون وتعيدون الإعمار,GOVERNMENT,,"Marjayoun, Nabatî, Lebanon",-0.88607594936709,12
2025-03-01 17:45:00.000000 UTC,https://www.almanar.com.lb/13208406,الوزير ناصر الدين اختتم جولته الجنوبية: مستشفى تبنين نجحت في تقديم الخدمة تحت وطأة العدوان رغم إمكاناتها الضئيلة,NAWAF SALAM,,"Bekaa, Béa, Lebanon",3.37381916329284,36
2025-03-01 21:30:00.000000 UTC,https://www.kuna.net.kw/ArticleDetails.aspx?id=3221241&language=ar,كونا : وزيرا النقل التركي والسوري يبحثان هاتفيا جهود تأهيل مطاري دمشق وحلب - النقل والإتصالات,SYRIA,,"Ihsanoglu, Zonguldak, Turkey",2.9045643153527,40
2025-03-01 21:30:00.000000 UTC,https://almadapaper.net/397625/,تضارب المواعيد يؤخر تصدير نفط كردستان.. وعود الحكومة تصطدم بواقع الخلافات,GOVERNMENT,TURKEY,"Kurdistan, Khuzestan, Iran",-1.86799501867995,61
2025-03-01 21:30:00.000000 UTC,http://www.elbrqnews.com/New-News/246695.html,نائب رئيس المصري الديمقراطي يشارك في احتفال سفارة بلغاريا بالعيد القومي,EGYPT,,"Cairo, Al Qahirah, Egypt",6.96202531645569,54
2025-03-01 22:15:00.000000 UTC,https://26sep.net/index.php/local/98924-2025-03-01-21-33-57,وزير الاقتصاد يناقش أوضاع المستشفى السعودي الألماني في صنعاء,HOSPITAL,ABDULLAH,"Sanaa, San‘a', Yemen",2.00803212851405,10
2025-03-01 23:00:00.000000 UTC,http://www.elbrqnews.com/New-News/246824.html,رئيس «المعاهد التعليمية» يتفقد مستشفى الساحل ومعهد القلب لمتابعة انتظام العمل في رمضان,DOCTOR,,"Mahad Al Qalb, Al Jizah, Egypt",0.60790273556232,110
2025-03-01 23:15:00.000000 UTC,https://www.alsahwa-yemen.net/p-83052,الحكومة تحث المحافظين على تحسين الخدمات ومراقبة الأسعار في الأسواق,GOVERNMENT,,Yemen,0.0,20
2025-03-01 23:15:00.000000 UTC,https://www.aljazeeramubasher.net/news/2025/3/2/%D9%84%D9%85-%D9%8A%D9%88%D9%82%D8%B8%D9%88%D8%A7-%D9%86%D8%AA%D9%86%D9%8A%D8%A7%D9%87%D9%88-%D8%A3%D9%88-%D8%BA%D8%A7%D9%84%D8%A7%D9%86%D8%AA-%D8%B1%D8%A6%D9%8A%D8%B3,“لم يوقظوا نتنياهو أو غالانت”.. رئيس الأركان الإسرائيلي يكشف تفاصيل الساعات الأخيرة قبل “طوفان الأقصى”,ARMY,,"Gaza, Israel (general), Israel",-4.16141235813367,15
2025-03-01 23:30:00.000000 UTC,https://www.altaghyeer.info/ar/2025/03/01/%D8%B1%D9%81%D8%B6-%D8%AE%D9%84%D9%8A%D8%AC%D9%8A-%D9%84%D8%AA%D8%B4%D9%83%D9%8A%D9%84-%D8%AD%D9%83%D9%88%D9%85%D8%A9-%D9%85%D9%88%D8%A7%D8%B2%D9%8A%D8%A9-%D9%81%D9%8A-%D8%A7%D9%84%D8%B3%D9%88%D8%AF/,"رفض خليجي لتشكيل حكومة موازية في السودان – صحيفة التغيير السودانية , اخبار السودان",UNITED KINGDOM,SUDAN,Kuwait,-0.82417582417582,51
2025-03-01 23:30:00.000000 UTC,https://sudanjem.com/6521321-2/,رفض خليجي واسع لتشكيل حكومة موازية في السودان - حركة العدل و المساواة السودانية,JEDDAH,KUWAIT,Kuwait,-4.58333333333334,120
2025-03-01 23:30:00.000000 UTC,https://stepagency-sy.net/2025/03/01/%D8%A5%D8%B3%D8%B1%D8%A7%D8%A6%D9%8A%D9%84-%D8%AA%D9%87%D8%AF%D8%AF-%D8%A8%D8%B3%D8%A8%D8%A8-%D8%AC%D8%B1%D9%85%D8%A7%D9%86%D8%A7/,إسرائيل تهدد الحكومة السورية بسبب جرمانا.. وخبير يكشف لستيب دافع نتنياهو وما يخططه لدمشق | وكالة ستيب نيوز,SYRIAN,SYRIA,"Tel Aviv, Tel Aviv, Israel",-3.13971742543171,120
2025-03-01 23:45:00.000000 UTC,http://www.elbrqnews.com/New-News/246868.html,مسؤول فلسطيني يبحث مع نائب وزير خارجية روسيا تثبيت وقف إطلاق النار في غزة,GAZA,ACTOR,"Gaza, Israel (general), Israel",-0.64102564102564,41
2025-03-02 20:45:00.000000 UTC,https://www.okaz.com.sa/news/politics/2183833,حذّر من المكائد الإسرائيلية.. جنبلاط: سأزور سورية قريباً للقاء الرئيس الشرع,PRESIDENT,SYRIA,"Damascus, Dimashq, Syria",-2.78637770897833,36
2025-03-02 20:45:00.000000 UTC,https://www.alwatanvoice.com/arabic/news/2025/03/02/1543854.html,دول عربية تدين قرار حكومة الاحتلال وقف إدخال المساعدات الإنسانية إلى غزة,ISRAEL,EGYPT,"Gaza, Israel (general), Israel",-4.58221024258759,111
2025-03-02 20:45:00.000000 UTC,https://www.shorouknews.com/news/view.aspx?cdate=02032025&id=ca2cbdce-a064-46d7-8399-44a9284df987,استقالة نائب الرئيس الإيراني بعد عزل وزير الاقتصاد,MINIST,GOVERNMENT,Iran,2.68456375838926,831
2025-03-02 21:15:00.000000 UTC,https://www.shorouknews.com/news/view.aspx?cdate=02032025&id=600f46a1-2d2e-4ba1-bbb3-5a69c99a90dc,البرلمان العربي: وقف إسرائيل إدخال المساعدات إلى غزة جريمة حرب جديدة,PARLIAMENT,PALESTINIAN,"Gaza, Israel (general), Israel",-8.2706766917293,12
2025-03-02 21:15:00.000000 UTC,https://www.dostor.org/4985441,إعلام إيراني: استقالة محمد جواد ظريف من منصب مساعد الرئيس الإيراني للشؤون الاستراتيجية,IRANIAN,IRAN,Iran,2.35294117647059,80
2025-03-02 21:30:00.000000 UTC,https://www.dostor.org/4985397,البطوطي: بلدية فرانكفورت تزين شارع المشاة الرئيسي بزينة رمضان احتفاءً بالشهر الكريم,FRANKFURT,INFANTRY,Egypt,8.7962962962963,51
2025-03-02 21:30:00.000000 UTC,http://www.elbrqnews.com/New-News/248907.html,البرلمان العربي يدين قرار كيان الاحتلال الإسرائيلي وقف إدخال المساعدات الإنسانية لقطاع غزة,PARLIAMENT,ISRAELI,"Gaza, Israel (general), Israel",-6.92307692307695,111
2025-03-02 21:45:00.000000 UTC,https://www.almanar.com.lb/13211552,وزير الزراعة يتحرك لملاحقة مخالفات الاتجار بالحيوانات البرية,HANI,LEBANON,Lebanon,-4.02684563758389,20
2025-03-02 21:45:00.000000 UTC,http://www.elbrqnews.com/New-News/248917.html,البرلمان العربي يدين قرار وقف إدخال المساعدات الإنسانية إلى غزة,PARLIAMENT,,"Gaza, Israel (general), Israel",-4.85436893203883,111
2025-03-02 22:00:00.000000 UTC,https://www.alwatanvoice.com/arabic/news/2025/03/02/1543856.html,إعلام الاحتلال: حكومة نتنياهو تدرس خطوات تصعيدية إضافية ضد حماس,GOVERNMENT,,"Jerusalem, Israel (general), Israel",-4.48548812664908,33
2025-03-02 22:00:00.000000 UTC,http://www.elbrqnews.com/New-News/248967.html,السعودية تدين قرار حكومة الاحتلال الإسرائيلي وقف دخول المساعدات الي غزة,SAUDI ARABIA,GOVERNMENT,"Gaza, Israel (general), Israel",-8.04597701149423,111
2025-03-02 22:00:00.000000 UTC,https://www.dostor.org/4985475,وزير الأوقاف: مصر ترفض تهجير الفلسطينيين.. والحل في إقامة دولتهم المستقلة,EGYPT,PALESTINIAN,"Jerusalem, Israel (general), Israel",1.61290322580645,120
2025-03-02 22:00:00.000000 UTC,https://www.eldjoumhouria.dz/article/34359/,"رئيس الجمهورية, السيد عبد المجيد تبون, يقرر عدم المشاركة شخصيا في القمة العربية الطارئة",CAIRO,PALESTINIAN,Israel,-4.6875,12
2025-03-02 22:15:00.000000 UTC,https://alwasat.ly/news/arabic/468840,السعودية تتهم حكومة الاحتلال باستخدام مساعدات غزة كأداة «ابتزاز وعقاب جماعي»,SAUDI ARABIA,GOVERNMENT,"Gaza, Israel (general), Israel",-4.95049504950496,112
2025-03-02 22:45:00.000000 UTC,https://www.elwatannews.com/news/details/8048317,التنسيقية تدين قرار الحكومة الإسرائيلية بوقف إدخال المساعدات - الوطن,POLITICIAN,INTERNATIONAL COMMUNITY,"Gaza, Israel (general), Israel",-4.10447761194026,20
2025-03-02 23:00:00.000000 UTC,https://www.shfanews.net/post/202662,قطر تدين بشدة قرار حكومة الاحتلال الإسرائيلي بوقف إدخال المساعدات الإنسانية إلى قطاع غزة - شبكة فلسطين للأنباء - شفا,QATAR,GOVERNMENT,Qatar,0.0,111
2025-03-02 23:30:00.000000 UTC,https://www.bawabatii.com/news323234.html,الرئيس الجزائري يعتذر عن قمة القاهرة بشأن غزة بسبب «التهميش»,ALGERIAN,CAIRO,"Gaza, Israel (general), Israel",-3.41463414634147,55
2025-03-03 22:15:00.000000 UTC,https://slaati.com/2025/03/04/p2647149.html,ولي العهد والرئيس اللبناني يعقدان جلسة مباحثات رسمية .. صور,LEBANON,LEBANON,Lebanon,5.26315789473684,46
2025-03-03 22:15:00.000000 UTC,https://www.albawabhnews.com/5163792,البابا تواضروس يستقبل رئيس معهد الدراسات الشرقية بالمقر البابوي,DOMINICAN,,"Alexandria, Al Iskandariyah, Egypt",2.46913580246914,42
2025-03-03 22:15:00.000000 UTC,https://www.kuna.net.kw/ArticleDetails.aspx?id=3221440&language=ar,كونا : رئيس الوزراء اليمني يؤكد محورية الدور الأوروبي في دعم اليمن - الشؤون السياسية,EUROPEAN,AUSTRALIA,Yemen,1.96078431372549,40
2025-03-03 22:45:00.000000 UTC,https://www.vetogate.com/5360895,ولي العهد السعودي يستقبل الرئيس اللبناني في قصر اليمامة (فيديو),LEBANESE,SAUDI ARABIA,"Riyadh, Ar Riya?, Saudi Arabia",6.27802690582959,51
2025-03-03 23:00:00.000000 UTC,http://www.elbrqnews.com/New-News/251288.html,وفد البرلمان العربي يلتقي المدعي العام للمحكمة الجنائية الدولية,PARLIAMENT,PALESTINIAN,Israel,-7.17131474103586,10
2025-03-03 23:00:00.000000 UTC,https://www.annaharkw.com/annahar/Article.aspx?id=1013953,الإعلان الدستوري السوري.. الرئيس مسلم والبرلمان «معيَّن»,SYRIA,,"Idlib, Idlib, Syria",-0.78534031413612,14
2025-03-03 23:15:00.000000 UTC,https://www.okaz.com.sa/variety/na/2184009,رد على «تهنئة رمضانية» يقود رئيس شركة للسجن!,COMPANY,PRISON,"Istanbul, Istanbul, Turkey",-3.10483331101887,42
2025-03-03 23:15:00.000000 UTC,https://www.emaratalyoum.com/life/four-sides/2025-03-04-1.1925659,"""لا نحتفل برمضان"" .. رسالة تتسبب باحتجاز رئيس شركة بتركيا",WORKER,COMPANY,"Istanbul, Istanbul, Turkey",-2.3696682464455,51
2025-03-03 23:30:00.000000 UTC,https://www.kuna.net.kw/ArticleDetails.aspx?id=3221447&language=ar,كونا : الرئيس التركي: لن نسمح بتقسيم المنطقة كما حدث قبل قرن - الشؤون السياسية,TURKISH,TURKEY,"Gaza, Israel (general), Israel",-0.26246719160105,120
2025-03-03 23:30:00.000000 UTC,https://www.aljazeeramubasher.net/news/politics/2025/3/3/%D9%88%D8%B2%D9%8A%D8%B1-%D8%A7%D9%84%D8%AF%D9%81%D8%A7%D8%B9-%D8%A7%D9%84%D8%A5%D8%B3%D8%B1%D8%A7%D8%A6%D9%8A%D9%84%D9%8A-%D9%84%D9%86-%D9%86%D8%B3%D9%85%D8%AD-%D9%84%D9%85%D8%B5%D8%B1,وزير الدفاع الإسرائيلي: لن نسمح لمصر بانتهاك معاهدة السلام (فيديو),EGYPTIAN,EGYPT,"Mabar Rafah, , Egypt",0.0,57
2025-03-03 23:45:00.000000 UTC,https://www.ami.mr/archives/222486,الوزير الأول يتلقى اتصالا هاتفيا من نظيره الجزائري - الوكالة الموريتانية للأنباء,MINIST,ALGERIAN,Israel,1.61290322580645,41
2025-03-04 13:45:00.000000 UTC,https://www.albawabhnews.com/5164064,وزير الخارجية السعودي يترأس وفد المملكة في القمة العربية غير العادية,SAUDI ARABIA,,"Cairo, Al Qahirah, Egypt",1.00098823679429,173
2025-03-04 18:45:00.000000 UTC,http://www.elbrqnews.com/New-News/253037.html,الرئيس السيسي: مصر تستضيف مؤتمرا لإعادة إعمار غزة الشهر المقبل,EGYPT,ISRAEL,Egypt,0.68493150684931,43
2025-03-04 19:00:00.000000 UTC,https://www.bawabatii.com/news323311.html,الرئيس المصري يكشف ملامح الخطة المصرية لإعمار غزة,EGYPT,GAZA,Egypt,1.90476190476191,43
2025-03-04 20:30:00.000000 UTC,https://www.albawabhnews.com/5164307,رئيس نقل النواب يدعو المجتمع الدولي لدعم الجهود المصرية لإعادة إعمار قطاع غزة,PRESIDENT,GAZA,Gaza Strip,3.93939393939394,40
2025-03-04 22:00:00.000000 UTC,https://www.dostor.org/4988118,علاء عابد: كلمة الرئيس السيسي في القمة العربية نموذج للقيادة الحكيمة ودعوة للتضامن,PRESIDENT,GAZA,"Jerusalem, Israel (general), Israel",4.25531914893617,40
2025-03-04 23:00:00.000000 UTC,https://www.tayyar.org/News/Lebanon/655165/_guid=655165,اتفاق بين الرئيسين عون والشرع على ضبط الحدود المشتركة بين البلدين,PRESIDENT,EGYPT,Lebanon,-0.16447368421053,42
2025-03-04 23:00:00.000000 UTC,https://qudspress.com/183920/,"نتنياهو موبخا رئيس ""الشاباك"": تحقيقك لا يجيب على أي سؤال - وكالة قدس برس للأنباء",GOVERNMENT,,"Gaza, Israel (general), Israel",-5.8252427184466,180
2025-03-04 23:00:00.000000 UTC,http://www.elbrqnews.com/New-News/253658.html,رئيس فلسطين: نرفض فرض واقع استيطاني استعماري في الضفة والقدس الشرقية,PALESTINIAN,ISRAEL,"Jerusalem, Israel (general), Israel",0.27855153203343,50
2025-03-04 23:30:00.000000 UTC,http://www.elbrqnews.com/New-News/253682.html,رئيس الدولة: مزرعة زايد في الخوانيج موقع وطني يخلّد تاريخ الاتحاد,UNITED ARAB EMIRATES,YEMEN,"Ajman, ‘Ajman, United Arab Emirates",2.62008733624454,43
2025-03-04 23:30:00.000000 UTC,http://www.elbrqnews.com/New-News/253675.html,علاء عابد: كلمة الرئيس السيسي في القمة العربية نموذج للقيادة الحكيمة ودعوة للتضامن العربي,PRESIDENT,GAZA,"New Cairo, Egypt (general), Egypt",4.54537610657647,40
2025-03-04 23:30:00.000000 UTC,https://www.albawabhnews.com/5164383,علاء عابد: كلمة الرئيس السيسي في القمة العربية نموذج للقيادة الحكيمة ودعوة للتضامن العربي,EGYPT,,"New Cairo, Egypt (general), Egypt",4.19161676646707,51
2025-03-04 23:45:00.000000 UTC,https://www.alriyadh.com/2121689,الرئيس المصري : لن يكون هناك سلام حقيقي دون إقامة دولة فلسطينية مستقلة,EGYPT,PRESIDENT,Egypt,0.1953125,46
2025-03-04 23:45:00.000000 UTC,https://www.alriyadh.com/2121639,الرئيس الفلسطيني: السلطة ستتولى إدارة شؤون غزة,CAIRO,EGYPTIAN,"Cairo, Al Qahirah, Egypt",-0.42105263157895,46
2025-03-04 23:45:00.000000 UTC,https://www.alriyadh.com/2121742,نيابة عن ولي العهد.. وزير الخارجية يرأس وفد المملكة في القمة العربية,UNITED KINGDOM,EGYPT,"Jerusalem, Israel (general), Israel",2.74390243902439,40
2025-03-05 06:15:00.000000 UTC,https://www.shorouknews.com/news/view.aspx?cdate=05032025&id=aeff4d4d-7df5-48bb-8e32-3d8fb52d10f7,وزير الخارجية: خطة إعمار غزة ستبدأ بمساكن مؤقتة لـ 1.2 مليون.. وتعالج كل التحديات,EGYPT,ISRAEL,"Cairo, Al Qahirah, Egypt",0.333333333333339,43
2025-03-05 09:15:00.000000 UTC,https://www.shorouknews.com/news/view.aspx?cdate=05032025&id=5013e809-093e-48f5-b9d6-e38ae2dbf6da,الرئيس اللبناني يوجه برقية شكر إلى الرئيس السيسي قبيل مغادرته مصر عائدا إلى بيروت,EGYPT,,"Beirut, Beyrouth, Lebanon",2.91666666666667,40
2025-03-05 11:00:00.000000 UTC,http://www.elbrqnews.com/New-News/254367.html,رئيس الوزراء يستقبل رئيس مجلس الشيوخ الإسباني,CAIRO,SPANISH,"Cairo, Al Qahirah, Egypt",1.95659987085248,42
2025-03-05 22:00:00.000000 UTC,http://www.elbrqnews.com/New-News/255811.html,عبدالمنعم سعيد: الرئيس السيسي قادر على تحقيق السلام كما فعل السادات,PALESTINIAN,ISRAEL,Egypt,1.56862745098039,12
2025-03-05 22:15:00.000000 UTC,https://www.shorouknews.com/news/view.aspx?cdate=05032025&id=6e05b20c-1a54-46a8-b22e-bb856cde52a0,الحكومة اليمنية ترحب بسريان قرار أمريكي بتصنيف الحوثيين جماعة الإرهابية,YEMEN,TERRORIST GROUP,Yemen,0.0,51
2025-03-05 22:15:00.000000 UTC,https://www.albawabhnews.com/5164914,عبدالمنعم سعيد: الرئيس السيسي قادر على تحقيق السلام كما فعل السادات,PALESTINIAN,,Egypt,0.80971659919028,12
2025-03-05 22:30:00.000000 UTC,https://www.annaharkw.com/annahar/Article.aspx?id=1014135,ممثل سمو الأمير أبرق شاكراً الرئيس السيسي: دور محوري ومهم لمصر إقليمياً ودولياً,CROWN PRINCE,EGYPT,Kuwait,7.52941176470588,51
2025-03-05 22:30:00.000000 UTC,https://www.kuna.net.kw/ArticleDetails.aspx?id=3221673,كونا : وزير (الشؤون): الاستعداد لإطلاق حملة وطنية لجمع التبرعات لسداد ديون الغارمين - الشؤون الإجتماعية,MINISTRY,,Kuwait,2.8169014084507,50
2025-03-05 22:45:00.000000 UTC,https://www.vetogate.com/5362429,وزير الطيران يتفقد مطار سفنكس استعدادا لاستقبال ضيوف افتتاح المتحف المصري (صور),MINIST,EGYPT,"Egyptian Museum, Al Qahirah, Egypt",2.68006700167504,90
2025-03-05 22:45:00.000000 UTC,http://www.elbrqnews.com/New-News/255861.html,"وزير الإعلام: ""أعوام ووئام"".. إنتاج إعلامي يوثق مسيرة البناء والتقدم في العهد الزاهر لجلالة الملك المعظم",MINIST,,Bahrain,7.52688172043011,51
2025-03-05 23:00:00.000000 UTC,https://www.libyaakhbar.com/libya-news/2535163.html,جريدة لندنية : الحكومة الليبية تحرج نفسها بنشر وحذف نبأ الإفراج عن القذافي - اخبار ليبيا,LEBANON,,Lebanon,-2.33702337023371,84
2025-03-05 23:00:00.000000 UTC,https://www.aljazeeramubasher.net/news/politics/2025/3/5/%D9%88%D8%B2%D9%8A%D8%B1-%D8%A7%D9%84%D8%AE%D8%A7%D8%B1%D8%AC%D9%8A%D8%A9-%D8%A7%D9%84%D9%85%D8%B5%D8%B1%D9%8A-%D8%B9%D9%84%D9%89-%D8%A5%D8%B3%D8%B1%D8%A7%D8%A6%D9%8A%D9%84,وزير الخارجية المصري: على إسرائيل تنفيذ تعهداتها وفقا لاتفاق وقف إطلاق النار في غزة,QATAR,GAZA,"Gaza, Israel (general), Israel",-0.66666666666666,30
2025-03-05 23:30:00.000000 UTC,https://cedarnews.net/folders/bbc/825063/%D8%A5%D9%8A%D8%A7%D9%84-%D8%B2%D8%A7%D9%85%D9%8A%D8%B1-%D9%85%D9%86-%D9%87%D9%88-%D8%B1%D8%A6%D9%8A%D8%B3-%D8%A7%D9%84%D8%A3%D8%B1%D9%83%D8%A7%D9%86-%D8%A7%D9%84%D8%A5%D8%B3%D8%B1%D8%A7%D8%A6%D9%8A/,إيال زامير: من هو رئيس الأركان الإسرائيلي الجديد؟,ARMY,ISRAELI,"Gaza, Israel (general), Israel",-4.15821501014199,40
2025-03-05 23:30:00.000000 UTC,https://www.albawabhnews.com/5164945,وزير الطيران المدني يتفقد مطار سفنكس استعدادًا لافتتاح المتحف المصري الكبير.. صور,MINIST,EGYPTIAN,Egypt,2.87162162162162,90
2025-03-05 23:45:00.000000 UTC,https://www.cawalisse.com/218241/,المملكة العربية السعودية تشيد بجهود جلالة الملك رئيس لجنة القدس من أجل دعم القضية الفلسطينية,UNITED KINGDOM,KING,"Mecca, Makkah, Saudi Arabia",7.54716981132075,51
2025-03-05 23:45:00.000000 UTC,http://www.elbrqnews.com/New-News/255972.html,وزير الزراعة: الصادرات الزراعية المصرية تجاوزت 10.6 ميار دولار هذا الموسم,MINIST,,"Damietta, Dumyat, Egypt",2.00289812358778,14
2025-03-05 23:45:00.000000 UTC,http://www.elbrqnews.com/New-News/255984.html,بن غفير: على الحكومة التعامل بإيجابية مع موقف الرئيس الأمريكي من حماس,UNITED STATES,HAMAS,Gaza Strip,-3.80622837370242,40
2025-03-06 10:45:00.000000 UTC,https://alahalygate.com/archives/257409,برلمانية: كلمة الرئيس السيسي بالقمة العربية خارطة طريق لإنقاذ القضية الفلسطينية,ISRAEL,CAIRO,Israel,0.0,43
2025-03-06 15:45:00.000000 UTC,https://www.alahednews.com.lb/article.php?id=80130&cid=113,وزير المالية لمديري المالية العامة والجمارك: الوزارة ماضية في الإصلاحات لتحسين النظام المالي والجمركي,INTERNATIONAL MONETARY FUND,LEBANON,Lebanon,1.67130919220055,46
2025-03-06 21:15:00.000000 UTC,http://www.elbrqnews.com/New-News/257860.html,المصريون المحررون من السودان: الرئيس السيسي أعطى أوامر لإنقاذنا من الدعم السريع,EGYPTIAN,EGYPTIAN,Egypt,5.63380281690141,20
2025-03-06 21:15:00.000000 UTC,https://www.vetogate.com/5363115,اعتقال أبرز رئيس للمخابرات الجوية في عهد حافظ الأسد,SYRIA,,Lebanon,-8.61312343271104,190
2025-03-06 21:15:00.000000 UTC,https://www.alwatanvoice.com/arabic/news/2025/03/06/1543901.html,وزير جيش الاحتلال: سنُجلي أهالي غزة بقوارب احتجاجية,GUNMEN,ARMY,"Gaza, Israel (general), Israel",-5.55555555555555,40
2025-03-06 21:15:00.000000 UTC,http://www.elbrqnews.com/New-News/257896.html,حاكم أم القيوين يتلقى التهاني بحلول شهر رمضان من عبدالله بن محمد آل ثاني ووزير الصحة,COMMUNITY,,United Arab Emirates,8.08625336927224,51
2025-03-06 21:30:00.000000 UTC,http://www.elbrqnews.com/New-News/257931.html,وزير الخارجية يشارك في الاجتماع الوزاري المشترك مع دول مجلس التعاون الخليجي,,MINIST,"Gaza, Israel (general), Israel",6.48531298312555,42
2025-03-06 21:30:00.000000 UTC,https://www.nile.eg/%D8%A8%D8%A7%D9%84%D8%B5%D9%88%D8%B1-%D9%88%D8%B2%D9%8A%D8%B1-%D8%A7%D9%84%D8%AE%D8%A7%D8%B1%D8%AC%D9%8A%D8%A9-%D9%8A%D8%B4%D8%A7%D8%B1%D9%83-%D9%81%D9%89-%D8%A7%D9%84%D8%A7%D8%AC%D8%AA%D9%85%D8%A7-2,النيل – قناة مصر الإخبارية | بالصور.. وزير الخارجية يشارك فى الاجتماع الوزارى المشترك مع دول مجلس التعاون الخليجى,ISRAEL,MINIST,"Gaza, Israel (general), Israel",6.6006600660066,42
2025-03-06 21:30:00.000000 UTC,https://arabic.cnn.com/middle-east/article/2025/03/07/egyptian-government-importing-cars-people-special-needs,الحكومة المصرية تسهل شروط استيراد السيارات لذوي الاحتياجات الخاصة,MINISTRY,,"Wizarat Al Maliyah, Al Qahirah, Egypt",2.84414106939704,84
2025-03-06 21:45:00.000000 UTC,https://www.elfagr.org/5131451,متهم بمئات الاغتيالات.. اعتقال أبرز رئيس للمخابرات الجوية في عهد حافظ الأسد,SYRIA,INTELLIGENCE,"Jableh, Al Ladhiqiyah, Syria",-8.17120622568095,173
2025-03-06 21:45:00.000000 UTC,https://www.elfagr.org/5131429,رئيس الأركان الإسرائيلي الجديد يوجه رسالة لقواته من داخل قطاع غزة,MILITARY,,West Bank,-2.8322440087146,190
2025-03-06 22:00:00.000000 UTC,https://www.vetogate.com/5363153,بحضور وزير الخارجية، دول الخليج تعلن دعم الخطة المصرية لإعادة إعمار غزة (صور),CAIRO,,"Gaza, Israel (general), Israel",1.70697012802276,46
2025-03-06 22:15:00.000000 UTC,https://www.mena.org.eg:443/news/dbcall/table/webnews/id/11093684,وزير الخارجية يشارك في الاجتماع الوزاري المشترك مع دول مجلس التعاون الخليجي - Welcome to Middle East News Agency,GAZA,MINIST,Gaza Strip,6.6006600660066,42
2025-03-06 22:30:00.000000 UTC,https://www.bawabatii.com/news323405.html,الرئيس العليمي يبحث مع هيئة رئاسة البرلمان تداعيات تصنيف الحوثيين وتأثيره على اليمن,GOVERNMENT,MILITIA,Yemen,0.3584229390681,20
2025-03-06 22:30:00.000000 UTC,https://sabq.org/saudia/tyk60j90q2,"""السحيباني"" يبحث مع رئيس منتدى شباب التعاون الإسلامي تعزيز العمل المشترك",MECCA,ISLAMIC,"Jeddah, Makkah, Saudi Arabia",-1.50375939849624,42
2025-03-06 22:45:00.000000 UTC,https://www.albiladpress.com/news/2025/5988/bahrain/905781.html,جلالة الملك المعظم يتلقى برقية تهنئة من سمو ولي العهد رئيس مجلس الوزراء بمناسبة اعتماد الجمعية العامة للأمم المتحدة لليوم الدولي للتعايش السلمي الذي تقدمت به البحرين,CROWN PRINCE,UNITED NATIONS,Bahrain,12.0772946859904,42
2025-03-06 23:00:00.000000 UTC,https://www.aljazeeramubasher.net/news/politics/2025/3/7/%D8%A7%D9%84%D9%82%D8%A8%D8%B6-%D8%B9%D9%84%D9%89-%D8%A5%D8%A8%D8%B1%D8%A7%D9%87%D9%8A%D9%85-%D8%AD%D9%88%D9%8A%D8%AC%D8%A9-%D9%83%D9%85%D8%A7%D9%84-%D8%AC%D9%86%D8%A8%D9%84%D8%A7%D8%B7,القوات السورية تلقي القبض على المتهم الرئيس بـ”اغتيال” كمال جنبلاط,CRIMINAL,SYRIA,Syria,-7.72946859903382,173
2025-03-07 00:45:00.000000 UTC,https://almasdaronline.com/articles/312796,لم يحضر سوى ثلاثة وزراء.. مقاطعة واسعة لدعوة حضور إفطار رمضاني وجهها بن مبارك لأعضاء الحكومة﻿,MINIST,,"Riyadh, Ar Riya?, Saudi Arabia",-4.17495029821074,163
2025-03-07 06:15:00.000000 UTC,https://www.vetogate.com/5363236,غياث وسهيل ومقداد فتيحة، انتفاضة جنرلات الأسد هل تكرر ما فعله الشرع مع الرئيس الهارب,SYRIAN,AUTHORITIES,"Aleppo, ?alab, Syria",-4.16666666666667,190
2025-03-07 09:45:00.000000 UTC,https://imn.iq/archives/115971,وزير الموارد: توسيع الخطة الزراعية بمساحة مليونين و500 ألف دونم | شبكة الإعلام العراقي,CABINET,LEBANON,Yemen,0.53333333333333,70
2025-03-07 21:00:00.000000 UTC,http://www.elbrqnews.com/New-News/259683.html,"""المصريين"": كلمة الرئيس في الأكاديمية العسكرية أكدت ثبات موقف مصر من القضية الفلسطينية",PRISONER,,Egypt,-2.40963855421686,841
2025-03-07 21:00:00.000000 UTC,https://www.vetogate.com/5363668,وزير الكهرباء يواصل بحث خطط تأمين التيار.. يعقد اجتماعا مع قيادات شركة مصر الوسطى للتوزيع.. ويؤكد على أهمية متابعة ورصد السرقات,MINIST,,"Al Wadi, Al Iskandariyah, Egypt",-0.87064676616916,90
2025-03-07 21:00:00.000000 UTC,https://stepagency-sy.net/2025/03/07/%D8%AE%D9%84%D8%B9-%D8%AC%D9%84%D8%A8%D8%A7%D8%A8%D9%87-%D9%88%D8%B2%D9%8A%D8%B1-%D8%A7%D9%84%D8%AF%D9%81%D8%A7%D8%B9-%D8%A7%D9%84%D8%A5%D8%B3%D8%B1%D8%A7%D8%A6%D9%8A%D9%84%D9%8A-%D9%8A%D9%87/,"""خلع جلبابه"".. وزير الدفاع الإسرائيلي يهاجم الرئيس السوري ويلوح بورقة ""الدروز"" | وكالة ستيب نيوز",SYRIAN,,"Tel Aviv, Tel Aviv, Israel",-5.78034682080925,1622
2025-03-07 21:30:00.000000 UTC,https://www.shorouknews.com/news/view.aspx?cdate=07032025&id=1754e341-d406-40a4-9858-d6c4042dc30f,لقاءات جانبية لوزير الخارجية على هامش أعمال الدورة الاستثنائية لمجلس وزراء خارجية دول منظمة التعاون الإسلامي,CAIRO,MINIST,"Cairo, Al Qahirah, Egypt",5.10948905109489,40
2025-03-07 21:45:00.000000 UTC,https://www.vetogate.com/5363664,أبناء الفيوم العائدون من السودان: ثقتنا في الحكومة المصرية لم تهتز (فيديو),VILLAGE,RETURNEE,Egypt,0.31847133757962,51
2025-03-07 21:45:00.000000 UTC,http://www.elbrqnews.com/New-News/259803.html,وزير الشؤون الإسلامية يشكر القيادة على التبرعات السخية للحملة الوطنية الخيرية عبر منصة إحسان,MINIST,ISLAMIC,Saudi Arabia,10.9540636042403,51
2025-03-07 22:00:00.000000 UTC,https://www.shorouknews.com/news/view.aspx?cdate=07032025&id=1270c2c6-d1ee-4439-beda-31d8c02f582a,وزير الخارجية والهجرة يشارك في الدورة الاستثنائية لمجلس وزراء خارجية الدول الأعضاء في منظمة التعاون الإسلامي,JEDDAH,,"Gaza, Israel (general), Israel",1.20192307692308,141
2025-03-07 22:00:00.000000 UTC,https://www.elfagr.org/5131835,وزير الخارجية والهجرة يشارك في الدورة الاستثنائية لمجلس وزراء خارجية الدول الأعضاء في منظمة التعاون الإسلامي,FOREIGN MINIST,ISRAEL,Gaza Strip,1.88235294117647,130
2025-03-07 22:00:00.000000 UTC,https://www.albawabhnews.com/5165911,مساعد وزير الخارجية الأسبق: نتنياهو يواجه أزمة داخل دولة الاحتلال,HAMAS,,Israel,-3.33333333333333,80
2025-03-07 22:15:00.000000 UTC,http://www.elbrqnews.com/New-News/259851.html,وزير الخارجية يشارك في الدورة الاستثنائية لمجلس وزراء خارجية دول منظمة التعاون الإسلامي في جدة,GAZA,ISRAEL,Syria,4.95238095238095,31
2025-03-07 22:15:00.000000 UTC,https://www.dostor.org/4991714,مصطفى بكري لـ الرئيس السيسي: نشكرك على مواقفك وثوابتك الوطنية,EGYPT,EGYPTIAN,Egypt,3.2,51
2025-03-07 22:15:00.000000 UTC,https://www.dostor.org/4991713,كاتب صحفي: رسائل الرئيس السيسي خلال كلمته بالأكاديمية العسكرية جاءت في توقيت مهم,EGYPT,,Egypt,2.27272727272728,41
2025-03-07 22:15:00.000000 UTC,http://www.elbrqnews.com/New-News/259805.html,فيصل بن فرحان يلتقي وزير خارجية إيران,MINIST,,"Jeddah, Makkah, Saudi Arabia",4.76190476190476,40
2025-03-07 22:30:00.000000 UTC,http://www.elbrqnews.com/New-News/259856.html,الرئيس السوري يعلن ملاحقة فلول نظام الأسد ويؤكد على استعادة الأمن في سوريا,SYRIAN,SYRIA,"Damascus, Dimashq, Syria",-7.07070707070707,173
2025-03-07 22:45:00.000000 UTC,https://www.aljazeera.net/news/2025/3/7/%D8%A7%D9%84%D8%B4%D8%B1%D8%B9-%D8%A8%D8%B9%D8%B6-%D9%81%D9%84%D9%88%D9%84-%D8%A7%D9%84%D9%86%D8%B8%D8%A7%D9%85-%D8%A7%D9%84%D8%B3%D8%A7%D9%82%D8%B7-%D8%B3%D8%B9%D9%89,الرئيس السوري: لن أسمح بالمساس بالسلم الأهلي,SYRIAN,,"Idlib, Idlib, Syria",-4.40677966101695,120
2025-03-07 23:00:00.000000 UTC,http://www.elbrqnews.com/New-News/259941.html,وزير الخارجية يبحث العلاقات الثنائية مع نظرائه في 3 دول,MINIST,,Kuwait,1.55440414507772,40
2025-03-07 23:15:00.000000 UTC,http://www.elbrqnews.com/New-News/259952.html,رمضان: رئيس مجلس إدارة سدايا يعرب عن امتنانه للتبرعات السخية من القيادة لحملة العمل الخيري الوطني,ABDULLAH,SERVER,Saudi Arabia,10.2941176470588,51
2025-03-07 23:15:00.000000 UTC,http://www.elbrqnews.com/New-News/259954.html,وزير الخارجية يؤكد ضرورة استدامة وتنفيذ وقف إطلاق النار في غزة وإلزام إسرائيل باحترام القانون الدولي,ISLAMIC,MINIST,"Jeddah, Makkah, Saudi Arabia",1.08111266947171,46
2025-03-07 23:15:00.000000 UTC,https://www.dostor.org/4991752,قيادي بمستقبل وطن: رسائل الرئيس السيسي من الأكاديمية العسكرية تأكيد على الوعي الوطني,EGYPT,EGYPT,Egypt,-0.65645514223195,42
2025-03-07 23:15:00.000000 UTC,https://3yonnews.com/1936543,وزير الخارجية ونظيره الكويتي يبحثان تطورات القضايا الإقليمية والدولية,CHINA,,"Jeddah, Makkah, Saudi Arabia",-0.70921985815603,120
2025-03-08 19:15:00.000000 UTC,https://www.dostor.org/4992663,برلماني: الرئيس السيسي يعتز بوحدة الشعب المصري وتماسكه في مواجهة الأزمات,EGYPT,EGYPT,Egypt,7.00389105058366,84
2025-03-08 19:45:00.000000 UTC,https://www.vetogate.com/5364314,وزير قطاع الأعمال يتابع عمليات الإنتاج بمصنع الأتوبيس بشركة النصر (صور),MINIST,INDUSTRY,Egypt,2.87356321839081,51
2025-03-08 20:00:00.000000 UTC,http://www.elbrqnews.com/New-News/261572.html,البرلمان العربي يدين محاولات تهديد الأمن والاستقرار في سوريا,,PARLIAMENT,Syria,-8.19672131147541,43
2025-03-08 20:15:00.000000 UTC,https://www.albayan.ae/news/uae/32169,تنفيذاً لتوجيهات رئيس الدولة.. الإمارات تفتتح مستشفى مادهول الميداني في جنوب السودان,HOSPITAL,,United Arab Emirates,2.05314009661836,36
2025-03-08 20:30:00.000000 UTC,https://new.mojznew.com/100360/%d8%b1%d8%a6%d9%8a%d8%b3-%d8%ad%d9%83%d9%88%d9%85%d8%a9-%d8%a7%d9%84%d9%83%d9%88%d9%8a%d8%aa-%d9%8a%d8%b4%d8%af%d8%af-%d8%b9%d9%84%d9%89-%d8%a3%d9%87%d9%85%d9%8a%d8%a9-%d8%a7%d9%84%d8%b9%d9%85%d9%84/,رئيس حكومة الكويت يشدد على أهمية العمل المشترك مع مصر,KUWAIT,EGYPT,"Suez Canal, As Suways, Egypt",2.81425891181988,51
2025-03-08 20:30:00.000000 UTC,http://www.elbrqnews.com/New-News/261618.html,"رئيس جامعة أسيوط يوجه التهنئة للمرأة المصرية في ""يوم المرأة العالمي""",UNIVERSITY,EGYPTIAN,Egypt,6.83229813664596,42
2025-03-08 20:45:00.000000 UTC,http://www.elbrqnews.com/New-News/261667.html,وزير الخارجية يؤكد ضرورة استدامة وقف إطلاق النار بغزة - الأول نويز,,MINIST,Syria,-0.69204152249135,40
2025-03-08 21:15:00.000000 UTC,https://www.dostor.org/4992761,كاتب صحفي: حديث الرئيس السيسي عن احتياطات مصر من السلع الاستراتيجية رسالة طمأنة للشعب,EGYPT,,Egypt,4.89510489510489,41
2025-03-08 22:30:00.000000 UTC,https://www.addustour.com/articles/1477959-%D8%A7%D9%84%D8%A8%D8%B1%D9%84%D9%85%D8%A7%D9%86-%D8%A7%D9%84%D8%B9%D8%B1%D8%A8%D9%8A-%D9%8A%D8%AF%D9%8A%D9%86-%D8%A7%D9%84%D9%87%D8%AC%D9%85%D8%A7%D8%AA-%D8%B9%D9%84%D9%89-%D8%B3%D9%88%D8%B1%D9%8A%D8%A7,البرلمان العربي يدين الهجمات على سوريا,JORDAN,PARLIAMENT,Jordan,-3.4782900927544,51
2025-03-08 22:30:00.000000 UTC,https://alyaoum24.com/1952293.html,رئيس وزراء قطر يحذر من أن مهاجمة منشآت نووية إيرانية سيؤدي إلى نفاد المياه في الخليج,QATAR,IRANIAN,"Tehran, Tehran, Iran",-3.41880341880342,138
2025-03-08 22:45:00.000000 UTC,https://qudspress.com/184651/,"رجل يتسلق برج ""إليزابيث"" في البرلمان البريطاني رافعا علم فلسطين - وكالة قدس برس للأنباء",,GAZA,"Gaza, Israel (general), Israel",2.40240240240241,53
2025-03-08 23:00:00.000000 UTC,https://cedarnews.net/folders/bbc/826095/%D9%87%D9%84-%D8%B3%D9%8A%D9%86%D9%81%D8%B0-%D8%A7%D9%84%D8%B1%D8%A6%D9%8A%D8%B3-%D8%A7%D9%84%D8%A3%D9%85%D8%B1%D9%8A%D9%83%D9%8A-%D8%AA%D9%87%D8%AF%D9%8A%D8%AF%D8%A7%D8%AA%D9%87-%D9%84%D8%AD%D8%B1/,هل سينفذ الرئيس الأمريكي تهديداته لحركة حماس؟,HAMAS,QATAR,Qatar,-2.28353948620362,50
2025-03-08 23:00:00.000000 UTC,https://www.emaratalyoum.com/local-section/other/2025-03-09-1.1927050,رئيس الدولة ونائباه يشيدون بدور المرأة وإسهامها في نهضة وتنمية المجتمعات,DEPUTIES,,"Dubai, Dubayy, United Arab Emirates",7.32484076433121,51
2025-03-08 23:00:00.000000 UTC,https://cedarnews.net/folders/folder/826173/%D9%85%D8%B7%D8%A7%D9%84%D8%A8%D8%A9-%D8%AF%D9%88%D9%84%D9%8A%D8%A9-%D9%84%D9%84%D8%AD%D9%83%D9%88%D9%85%D8%A9-%D8%A8%D9%86%D8%B2%D8%B9-%D8%B3%D9%84%D8%A7%D8%AD-%D8%A7%D9%84%D8%AD%D8%B2%D8%A8/,مطالبة دولية للحكومة بنزع سلاح «الحزب»,ISRAELI,,"Mount Hermon, , Lebanon",-2.92504570383913,111
2025-03-08 23:15:00.000000 UTC,https://3yonnews.com/1936638,التعاون الإسلامي ترفض تهجير الفلسطينيين وتدين سياسة التجويع,ISLAMIC,PALESTINIAN,Saudi Arabia,-9.82905982905986,120
2025-03-08 23:15:00.000000 UTC,https://alsahwa-yemen.net/p-83140,البرلمان العربي يدين الهجمات التي استهدفت القوات الأمنية في سوريا,PARLIAMENT,SYRIA,Syria,-5.08474576271189,195
2025-03-08 23:15:00.000000 UTC,https://www.alhaya.ps/ar/Article/164166/%D8%A7%D9%84%D8%AD%D9%83%D9%88%D9%85%D8%A9-%D8%A7%D9%84%D9%81%D9%84%D8%B3%D8%B7%D9%8A%D9%86%D9%8A%D8%A9-%D9%88%D8%BA%D9%8A%D8%B1-%D8%B0%D9%84%D9%83-%D8%B3%D9%8A%D9%83%D9%88%D9%86-%D9%85%D8%B1%D9%81%D9%88%D8%B6%D8%A7,الحكومة الفلسطينية.. وغير ذلك سيكون مرفوضا-الحياة الجديدة,PALESTINIAN,ISRAEL,West Bank,0.20576131687243,40
2025-03-08 23:15:00.000000 UTC,https://www.raya.ps/news/1191094.html,تدهور ثقة الإسرائيليين في الحكومة والجيش بعد الحرب,ISRAELI,,"Gaza, Israel (general), Israel",2.45478036175711,120
2025-03-09 15:15:00.000000 UTC,https://www.albawabhnews.com/5166807,وزير الخارجية: مصر تستضيف مؤتمر إعمار غزة الشهر المقبل,CAIRO,GAZA,"Cairo, Al Qahirah, Egypt",2.75862068965517,43
2025-03-09 16:15:00.000000 UTC,https://www.nile.eg/%D9%88%D8%B2%D9%8A%D8%B1-%D8%A7%D9%84%D8%AE%D8%A7%D8%B1%D8%AC%D9%8A%D8%A9-%D9%84%D9%84%D9%86%D9%8A%D9%84-%D9%84%D9%84%D8%A3%D8%AE%D8%A8%D8%A7%D8%B1-%D9%86%D8%AA%D9%88%D8%A7%D8%B5%D9%84-%D9%85%D8%B9,النيل – قناة مصر الإخبارية | وزير الخارجية للنيل للأخبار : نتواصل مع الإدارة الأمريكية بشأن الخطة العربية لإعادة إعمار غزة,EGYPT,ISRAEL,"Wizarat Al Kharijiyah, Al Qahirah, Egypt",1.48514851485148,43
2025-03-09 20:45:00.000000 UTC,http://www.elbrqnews.com/New-News/263850.html,وزير العدل الدكتور وليد بن محمد الصمعاني يلتقي رؤساء محاكم الاستئناف لبحث الأدوار الرقابية,MINIST,,"Riyadh, Ar Riya?, Saudi Arabia",10.2493074792244,20
2025-03-09 21:00:00.000000 UTC,https://www.albiladpress.com/news/2025/5991/bahrain/906183.html,سمو ولي العهد رئيس الوزراء: الشراكة المجتمعية مصدر قوة يُستند إليه لمواصلة تحقيق الأهداف,SCHOOL,COMMUNITY,Yemen,11.5384615384616,70
2025-03-09 21:15:00.000000 UTC,https://www.elfagr.org/5132894,رئيس الأركان الإسرائيلي يناقش مع نتنياهو استعدادات الجيش لاستئناف القتال في غزة,PRISONER,MINIST,"Gaza, Israel (general), Israel",-5.47945205479452,46
2025-03-09 21:15:00.000000 UTC,https://www.aljazeeramubasher.net/news/politics/2025/3/9/%D8%AA%D8%B1%D9%83%D9%8A%D8%A7-%D8%AA%D8%AD%D8%B0%D8%B1-%D9%85%D9%86-%D8%A5%D8%AE%D8%B1%D8%A7%D8%AC-%D8%A7%D9%84%D8%AD%D9%83%D9%88%D9%85%D8%A9-%D8%A7%D9%84%D8%B3%D9%88%D8%B1%D9%8A%D8%A9-%D8%B9%D9%86,تركيا تحذر من إخراج الحكومة السورية عن مسارها.. دول الجوار تؤكد دعمها لدمشق (فيديو),TURKEY,SYRIA,Turkey,-3.48837209302326,51
2025-03-09 21:30:00.000000 UTC,https://www.3yonnews.com/1936740,وزير التجارة الأمريكي: لا إعفاءات من الرسوم الجمركية على الصلب والألمنيوم,COMPANIES,,Egypt,-2.15384615384615,51
2025-03-09 21:30:00.000000 UTC,https://www.3yonnews.com/1936728,وزير الخارجية الأمريكي يتوجه إلى السعودية وكندا,RIYADH,UKRAINIAN,"Riyadh, Ar Riya?, Saudi Arabia",0.0,42
2025-03-09 21:30:00.000000 UTC,https://www.3yonnews.com/1936725,تعلن شركة تداول السعودية عن إصدار الموافقة لشركة مورغان ستانلي السعودية بمزاولة أنشطة صناعة السوق على ثمانية أوراق مالية مدرجة في السوق الرئيسية ونمو - السوق الموازية,COMPANY,SAUDI ARABIA,Saudi Arabia,-2.25352112676056,331
2025-03-09 22:00:00.000000 UTC,https://www.dostor.org/4994061,"نائب رئيس مجلس النواب الأردني: وحدة الدولة السورية وشعبها ""مهم"" لدول الجوار",JORDAN,,Syria,-3.64963503649635,40
2025-03-09 22:00:00.000000 UTC,http://www.elbrqnews.com/New-News/264013.html,مجلس النوب يناقش قانون العمل الجديد.. المستشار محمود فوزي: المشروع المقدم من الحكومة وضع رؤية جديدة لحقوق العمال وأصحاب الأعمال دون الإخلال بمبدأ التوازن بين جميع الأطراف,MINIST,,Egypt,0.11117287381878,110
2025-03-09 22:15:00.000000 UTC,https://www.26sep.net/index.php/local/99420-100-109,رئيس مجلس الوزراء يعمد اتفاقية توطين صناعة اسطوانات الغاز بنسبة 100%,,CABINET,"Sanaa, San‘a', Yemen",4.22535211267606,43
2025-03-09 22:30:00.000000 UTC,https://www.bawabatii.com/news323506.html,الرئيس العليمي يستقبل السفير الأمريكي ويؤكد على هذا الأمر,YEMEN,AMBASSADOR,Iran,-2.23214285714285,43
2025-03-09 22:30:00.000000 UTC,https://www.kuna.net.kw/ArticleDetails.aspx?id=3222128&language=ar,كونا : رئيس حكومة كردستان يبحث مع رئيس الوزراء العراقي السابق التحضيرات للانتخابات البرلمانية في العراق - الشؤون السياسية,IRAQI,,"Erbil, Liwa' Irbil, Iraq",0.526315789473686,40
2025-03-09 22:30:00.000000 UTC,https://www.elfagr.org/5132845,رئيس الجمهورية القائد الأعلى للقوات المسلحة ينيب الفريق أول عبد المجيد صقر لوضع إكليل من الزهور على النصب التذكارى لشهداء القوات المسلحة,COMMANDER,ARMED FORCES,Egypt,-0.49751243781094,42
2025-03-09 23:00:00.000000 UTC,https://kuwaitnews.com/102767/,سفير دولة الكويت لدى بنغلاديش يبحث تعزيز العلاقات الثنائية مع رئيس الحكومة المؤقتة,BANGLADESH,KUWAIT,Kuwait,7.82608695652174,51
2025-03-09 23:00:00.000000 UTC,https://www.swissinfo.ch/ara/%d8%a7%d9%84%d8%b1%d8%a6%d9%8a%d8%b3-%d8%a7%d9%84%d8%b3%d9%88%d8%b1%d9%8a-%d8%a7%d9%84%d8%a7%d9%86%d8%aa%d9%82%d8%a7%d9%84%d9%8a-%d9%8a%d8%aa%d8%b9%d9%87%d8%af-%d9%85%d8%ad%d8%a7%d8%b3%d8%a8%d8%a9-%d9%83%d9%84-%d9%85%d9%86-,"الرئيس السوري الانتقالي يتعهد محاسبة كل من ""تورط في دماء المدنيين"" بعد الأحداث في غرب البلاد",ACTIVIST,CIVILIAN,"Damascus, Dimashq, Syria",-5.84926884139483,190
2025-03-09 23:00:00.000000 UTC,https://kuwaitnews.com/102730/,"وزير الخارجية الأردني: دول الجوار السوري ستطلق عملية مشتركة لمحاربة تنظيم ""داعش""",SYRIA,MINIST,Jordan,-4.02576489533011,40
2025-03-09 23:00:00.000000 UTC,https://kuwaitnews.com/102764/,"الرئيس السوري يتعهد محاسبة كل من ""تورط في دماء المدنيين"" بعد الأحداث في غرب البلاد",SYRIA,,Syria,-5.8252427184466,80
2025-03-09 23:15:00.000000 UTC,https://26sep.net/index.php/more/reports/99430-2025-03-09-20-54-48,وزير الإعلام يطلع على سير العمل بقطاع البرنامج العام - إذاعة صنعاء,MINIST,RELIGION,"Sanaa, San‘a', Yemen",2.29885057471264,51
2025-03-10 16:00:00.000000 UTC,https://www.libyaakhbar.com/world-news/2537419.html,وزير خارجية الأردن: أمن سوريا واستقرارها جزء لا يتجزأ من أمن دول المنطقة واستقرارها - اخبار ليبيا,,TURKEY,Syria,-0.39370078740157,46
2025-03-10 20:45:00.000000 UTC,https://www.vetogate.com/5365754,كيف دعم انطلاق مسار الثقة والشراكة مجتمع الأعمال؟.. وزير المالية: صندوق النقد يوافق على صرف الشريحة الرابعة.. ارتفاع الإيرادات الضريبية 38%.. ومواعيد إطلاق حزم التسهيلات القادمة,EGYPT,,"Suez Canal, As Suways, Egypt",-3.64415862808146,46
2025-03-10 21:00:00.000000 UTC,http://www.elbrqnews.com/New-News/266169.html,"وزير الخارجية الأمريكي: مفاوضات الرهائن ستستمر من خلال ""ويتكوف "" وتواصُلنا مع حماس كان لمرة واحدة",SAUDI ARABIA,SAUDI ARABIA,Saudi Arabia,-1.96078431372549,10
2025-03-10 21:15:00.000000 UTC,https://www.khaberni.com/news/697986-%D8%A7%D9%84%D8%B1%D8%A6%D9%8A%D8%B3-%D8%A7%D9%84%D8%A7%D9%88%D9%83%D8%B1%D8%A7%D9%86%D9%8A-%D9%8A%D8%B5%D9%84-%D8%A7%D9%84%D9%89-%D8%AC%D8%AF%D8%A9,الرئيس الأوكراني يصل إلى جدة,UNITED STATES,SAUDI ARABIA,"Jeddah, Makkah, Saudi Arabia",1.60642570281125,46
2025-03-10 21:15:00.000000 UTC,http://www.elbrqnews.com/New-News/266233.html,ولي العهد رئيس الوزراء: دور استراتيجي للقطاع الخاص ضمن فريق البحرين كشريك فاعل بمسيرة البناء والتنمية,KING,BAHRAIN,Bahrain,9.24092409240921,51
2025-03-10 21:30:00.000000 UTC,https://www.albawabhnews.com/5167465,"وزير الخارجية الأمريكي: مفاوضات الرهائن ستستمر من خلال ""ويتكوف "" وتواصُلنا مع حماس كان لمرة واحدة",SAUDI ARABIA,SAUDI ARABIA,Saudi Arabia,-1.42857142857143,10
2025-03-10 21:30:00.000000 UTC,https://www.elfagr.org/5133406,وزير قطاع الأعمال يتفقد مصانع شركة مصر للغزل والنسيج بالمحلة الكبرى ويشارك العاملين الإفطار الرمضاني,MINIST,EGYPT,Egypt,2.7448257350753,90
2025-03-10 21:45:00.000000 UTC,https://www.wafa.ps/Pages/Details/116709,البرلمان العربي يدين قرار الاحتلال قطع الكهرباء عن قطاع غزة ويحذر من تداعياته,PARLIAMENT,GAZA,Gaza Strip,-14.3790849673202,111
2025-03-10 22:00:00.000000 UTC,https://www.emaratalyoum.com/local-section/other/2025-03-10-1.1927455,رئيس الدولة يبحث والرئيس الصومالي العلاقات الأخوية بين البلدين,,SOMALIA,"Diwan Ar Riasah, Abu Z¸aby, United Arab Emirates",4.3343653250774,51
2025-03-10 22:15:00.000000 UTC,http://www.elbrqnews.com/New-News/266363.html,احتفالات في شمال سوريا بعد اتفاق الحكومة السورية وقسد,UNITED STATES,,"Damascus, Dimashq, Syria",3.25865580448065,356
2025-03-10 22:15:00.000000 UTC,http://www.elbrqnews.com/New-News/266391.html,وزير الصناعة والثروة المعدنية يبحث التعاون مع الأكاديميات الصناعية والتعدينية,,INDUSTRY,"Jubail, Ash Sharqiyah, Saudi Arabia",6.62020905923344,40
2025-03-10 22:15:00.000000 UTC,https://cedarnews.net/%D8%A7%D9%84%D8%B3%D9%81%D9%8A%D8%B1%D9%8A%D9%86-%D8%A7%D9%84%D9%85%D8%B5%D8%B1%D9%8A-%D9%88%D8%A7%D9%84%D8%A5%D9%8A%D8%B7%D8%A7%D9%84%D9%8A/,وزيرة الشؤون استقبلت السفيرين المصري والإيطالي واطلعت من حبيب على دور مصرف الإسكان وخدماته,,GOVERNMENT,Lebanon,3.87096774193549,51
2025-03-10 22:15:00.000000 UTC,https://www.kuna.net.kw/ArticleDetails.aspx?id=3222235&Language=ar,كونا : وزير الصحة: حريصون على تطوير أداء الصيادلة لتطوير الخدمات الصحية في الكويت - الصحة والبيئة,AWADHI,KUWAIT,Kuwait,5.8165548098434,51
2025-03-10 22:15:00.000000 UTC,https://www.wafa.ps/Pages/Details/116714,"""اليونيسف"" وحكومة اليابان توقعان اتفاقية لتحسين خدمات الصحة والتغذية للأطفال والنساء الأكثر ضعفا في فلسطين",AMBASSADOR,JAPAN,"Gaza, Israel (general), Israel",3.70994940978078,50
2025-03-10 22:15:00.000000 UTC,https://www.kuna.net.kw/ArticleDetails.aspx?id=3222250&Language=ar,كونا : البرلمان العربي يدين قرار الاحتلال قطع الكهرباء عن قطاع غزة - الشؤون السياسية,PARLIAMENT,CIVILIAN,Gaza Strip,-9.375,42
2025-03-10 22:15:00.000000 UTC,https://www.kuna.net.kw/ArticleDetails.aspx?id=3222237&language=ar,كونا : رئيس الوزراء البريطاني: نأمل في عودة المساعدات الأمريكية لأوكرانيا - الشؤون السياسية,UKRAINE,,Saudi Arabia,6.86274509803922,13
2025-03-10 22:45:00.000000 UTC,https://www.kuna.net.kw/ArticleDetails.aspx?id=3222256&Language=ar,كونا : ولي العهد السعودي يبحث مع وزير الخارجية الأمريكي مستجدات الأوضاع الإقليمية والدولية - الشؤون السياسية,SAUDI ARABIA,UNITED KINGDOM,"Jeddah, Makkah, Saudi Arabia",6.91489361702128,51
2025-03-10 23:15:00.000000 UTC,https://www.aleqt.com/2025/03/10/article_2758312.html,"رئيس تحرير ""الاقتصادية"" يفوز بجائزة التميز الإعلامي عن الحوار الصحفي",MEDIA,,"Riyadh, Ar Riya?, Saudi Arabia",7.10900473933649,71
2025-03-10 23:15:00.000000 UTC,https://qudspress.com/185018/,الأردن: قطع الكهرباء عن غزة إمعان واضح في سياسة التجويع والحصار - وكالة قدس برس للأنباء,OMAN,JORDAN,"Gaza, Israel (general), Israel",-4.98338870431894,111
2025-03-10 23:30:00.000000 UTC,https://www.khaberni.com/news/698000-%D8%A7%D9%84%D8%A7%D8%B1%D8%AF%D9%86-%D9%8A%D8%B1%D8%AD%D8%A8-%D8%A8%D8%A7%D8%AA%D9%81%D8%A7%D9%82-%D8%A7%D9%84%D8%AD%D9%83%D9%88%D9%85%D8%A9-%D8%A7%D9%84%D8%B3%D9%88%D8%B1%D9%8A%D8%A9-%D9%88%D9%82%D8%B3%D8%AF,الاردن يرحب باتفاق الحكومة السورية وقسد,SPOKESMAN,MINISTRY,Syria,6.34920634920635,51
2025-03-10 23:45:00.000000 UTC,http://www.elbrqnews.com/New-News/266527.html,ولي العهد السعودي يعقد مباحثات مع زيلينسكي ووزير الخارجية الأمريكي - الأول نيوز,UKRAINIAN,,"Jeddah, Makkah, Saudi Arabia",8.15217391304347,46
2025-03-10 23:45:00.000000 UTC,http://arabic.news.cn/20250311/045a7e67e90942058d1c0dbd2b112cb9/c.html,البرلمان المصري يقر اتفاقية تشجيع وحماية الاستثمارات المتبادلة مع السعودية,EGYPTIAN,EGYPT,Egypt,5.99455040871935,15
2025-03-10 23:45:00.000000 UTC,https://www.albawabhnews.com/5167520,رئيس البرلمان العربي يدين قطع الاحتلال للكهرباء عن غزة ويحذر من تداعياته,ISRAEL,PARLIAMENT,"Gaza, Israel (general), Israel",-14.2857142857142,111
2025-03-10 23:45:00.000000 UTC,https://www.albawabhnews.com/5167526,ولي العهد السعودي يجري مباحثات رسمية مع الرئيس الأوكراني,SAUDI ARABIA,UKRAINIAN,"Jeddah, Makkah, Saudi Arabia",7.40740740740741,46
2025-03-11 20:30:00.000000 UTC,https://sabq.org/saudia/fq50scblsk,"وزير الخارجية الأمريكي من جدة: أوكرانيا وافقت على خوض ""مفاوضات فورية"" مع روسيا",MALE,UKRAINE,"Jeddah, Makkah, Saudi Arabia",3.04182509505704,20
2025-03-11 20:30:00.000000 UTC,https://www.aljazeera.net/politics/2025/3/11/%D8%AE%D9%84%D8%A7%D9%81%D8%A7%D8%AA-%D8%B3%D9%8A%D8%A7%D8%B3%D9%8A%D8%A9-%D8%AA%D8%B9%D8%B7%D9%84-%D8%A7%D9%84%D8%A8%D8%B1%D9%84%D9%85%D8%A7%D9%86-%D8%A7%D9%84%D8%B9%D8%B1%D8%A7%D9%82%D9%8A,"خلافات سياسية تعطل البرلمان العراقي ومخاوف من ""السلة الواحدة""",SHIITE,PARLIAMENT,"Halabja, As Sulaymaniyah, Iraq",-3.49514563106796,125
2025-03-11 20:30:00.000000 UTC,http://www.elbrqnews.com/New-News/268345.html,رئيس قوي عاملة النواب: كلمة الرئيس السيسي تعكس تقدير الدولة المصرية لتضحيات شهدائها,PALESTINIAN,ISRAEL,Egypt,0.0,110
2025-03-11 20:30:00.000000 UTC,https://www.aljazeera.net/news/2025/3/11/%D8%A7%D9%84%D8%B1%D8%A6%D9%8A%D8%B3-%D8%A7%D9%84%D8%A5%D9%8A%D8%B1%D8%A7%D9%86%D9%8A-%D9%84%D8%AA%D8%B1%D8%A7%D9%85%D8%A8-%D9%84%D9%86-%D8%A3%D8%AA%D9%81%D8%A7%D9%88%D8%B6-%D8%AA%D8%AD%D8%AA,"الرئيس الإيراني لترامب: لن أتفاوض تحت التهديد و""افعل ما تريد""",IRANIAN,,"Tehran, Tehran, Iran",-0.28901734104046,180
2025-03-11 20:30:00.000000 UTC,http://www.elbrqnews.com/New-News/268327.html,الهلالي الشربيني رئيسًا للجنة متابعة مساهمات الجامعات في القضاء على الأمية,EGYPT,,"Mansoura, Ad Daqahliyah, Egypt",2.61437908496732,42
2025-03-11 20:45:00.000000 UTC,https://www.kuna.net.kw/ArticleDetails.aspx?id=3222379&Language=ar,كونا : وزير الصحة: حريصون على تلبية احتياجات منتسبي (الداخلية) والعاملين في عيادات منفذ النويصيب الحدودي - الصحة والبيئة,WORKER,,Kuwait,7.73067331670823,72
2025-03-11 21:00:00.000000 UTC,http://www.elbrqnews.com/New-News/268414.html,الرئيس التركي: إتفاق دمشق وقسد سيخدم أمن واستقرار سوريا,ISRAELI,,"Tel Aviv, Tel Aviv, Israel",1.87667560321715,190
2025-03-11 21:00:00.000000 UTC,https://we.mansheet.net/100981/%D8%A7%D9%84%D9%82%D9%88%D8%A7%D8%AA-%D8%A7%D9%84%D9%85%D8%B3%D9%84%D8%AD%D8%A9-%D8%AA%D8%B5%D8%AF%D8%B1-%D8%A8%D9%8A%D8%A7%D9%86-%D9%87%D8%A7%D9%85-%D8%B9%D9%86-%D9%88%D8%B2%D9%8A%D8%B1-%D8%A7%D9%84/,القوات المسلحة تصدر بيان هام عن وزير الدفاع منذ قليل بشأن الرئيس السيسي ماذا سيحدث بـ العاشر من رمضان؟ – جريدة مانشيت,EGYPT,,Egypt,3.83386581469649,190
2025-03-11 21:15:00.000000 UTC,https://www.annaharkw.com/annahar/Article.aspx?id=1014488,مظلوم عبدي: الشرع هو الرئيس ولن يكون في سورية جيشان,REUTERS,KURD,"Damascus, Dimashq, Syria",1.26315789473684,110
2025-03-11 21:15:00.000000 UTC,https://www.dostor.org/4996378,"وزير البترول يناقش مع ""هاليبرتون"" العالمية فرص الاستكشاف وزيادة الإنتاج",MINISTRY,EGYPTIAN,"Wizarat Al Bitrul, Al Qahirah, Egypt",3.34029227557411,70
2025-03-11 21:15:00.000000 UTC,https://www.elwatannews.com/news/details/8052590,«صوت مصر»: تكريم الرئيس السيسي لأسماء الشهداء الأبرار يعزز ا - الوطن,EGYPT,PALESTINIAN,"Gaza, Israel (general), Israel",3.52112676056338,51
2025-03-11 21:30:00.000000 UTC,https://jo24.net/article/526528,الملك يستقبل شخصيات مقدسية بحضور الرئيس الفلسطيني,PALESTINIAN,JORDAN,"Gaza, Israel (general), Israel",3.27455919395466,51
2025-03-11 21:45:00.000000 UTC,https://www.kuna.net.kw/ArticleDetails.aspx?id=3222388&Language=ar,كونا : وزير الشؤون: الكويت حريصة على تعزيز دور المرأة وتمكينها في مختلف المجالات - الشؤون الإجتماعية,QATAR,,"Huwailah, Al Khawr, Qatar",6.35838150289018,50
2025-03-11 22:00:00.000000 UTC,https://www.aljazeera.net/news/2025/3/11/%D8%AA%D8%AD%D9%82%D9%8A%D9%82-%D8%A5%D8%B3%D8%B1%D8%A7%D8%A6%D9%8A%D9%84%D9%8A-%D8%AD%D9%83%D9%88%D9%85%D8%A9-%D9%86%D8%AA%D9%86%D9%8A%D8%A7%D9%87%D9%88-%D8%AA%D8%AD%D8%A7%D9%88%D9%84,تحقيق إسرائيلي: حكومة نتنياهو تحاول إخماد صوت عائلات الأسرى,HAMAS,PRISONER,"Tel Aviv, Tel Aviv, Israel",-6.17760617760618,841
2025-03-11 22:00:00.000000 UTC,https://arabic.cnn.com/middle-east/article/2025/03/12/iran-president-talk-trump-citing-shameful-treatment-zelensky,"""افعل ما يحلو لك"".. ماذا قال الرئيس الإيراني عن احتمال لقائه ترامب؟",IRANIAN,IRAN,Iran,0.0,26
2025-03-11 22:30:00.000000 UTC,https://www.shorouknews.com/columns/view.aspx?cdate=11032025&id=a542b7cf-f89c-43e5-b912-5350fd2f781a,إفطار رمضانى مع وزير الخارجية - عماد الدين حسين - بوابة الشروق,CAIRO,,"Gaza, Israel (general), Israel",-0.44977511244378,120
2025-03-11 23:00:00.000000 UTC,https://www.elwatannews.com/news/details/8052706,«مصر القومي»: كلمة الرئيس في الندوة التثقيفية أكدت ثبات موقف - الوطن,EGYPT,PALESTINIAN,Israel,-2.16606498194946,120
2025-03-11 23:00:00.000000 UTC,https://www.almontasaf.net/news117863.html,بعد أربع سنوات من الإغلاق .. جهود قبلية تنجح في فتح طريق رئيسي بين محافظتي أبين والبيضاء | المنتصف نت,CITIZEN,,"Abyan, Abyan, Yemen",-2.60869565217391,13
2025-03-11 23:15:00.000000 UTC,https://www.kuna.net.kw/ArticleDetails.aspx?id=3222396&Language=ar,كونا : وزير الدفاع السعودي ونظيره التركي يبحثان تطورات الأوضاع الإقليمية والدولية - عام,,TURKEY,Turkey,3.96039603960396,40
2025-03-11 23:30:00.000000 UTC,https://www.aljazeera.net/news/2025/3/12/%D9%85%D8%AD%D9%84%D9%84%D9%88%D9%86-%D8%A7%D8%AA%D9%81%D8%A7%D9%82-%D8%AD%D9%83%D9%88%D9%85%D8%A9-%D8%AF%D9%85%D8%B4%D9%82-%D9%88%D9%88%D8%AC%D9%87%D8%A7%D8%A1,محللون: اتفاق حكومة دمشق ووجهاء السويداء فاجأ إسرائيل وأغضبها,GOVERNMENT,,"Muhafazat As Suwayda, As Suwayda', Syria",-0.1497005988024,30
2025-03-11 23:30:00.000000 UTC,https://www.albayan.ae/news/uae/government/32797,خالد بن محمد يحضر المجلس الرمضاني لحكومة أبوظبي,UNITED ARAB EMIRATES,ABU DHABI,"Abu Dhabi, Abu Z¸aby, United Arab Emirates",5.20231213872832,42
2025-03-11 23:45:00.000000 UTC,https://sabq.org/saudia/77fbcctof9,أمير تبوك يستقبل رئيس بلدية معان الأردنية ويؤكد عمق العلاقات بين البلدَيْن,JORDAN,TABUK,Jordan,8.87096774193548,51
2025-03-12 21:30:00.000000 UTC,http://www.elbrqnews.com/New-News/270915.html,محافظ الأقصر ورئيس مياه الشرب يناقشان تنفيذ خطوط طرد بديلة لحل أزمات المياه,LUXOR,,"Cairo, Al Qahirah, Egypt",0.22935779816513,40
2025-03-12 21:45:00.000000 UTC,https://www.azzaman.com/%D8%AA%D9%83%D9%84%D9%8A%D9%81-%D9%86%D9%88%D9%81%D9%84-%D8%A3%D8%A8%D9%88-%D8%B1%D8%BA%D9%8A%D9%81-%D8%B1%D8%A6%D9%8A%D8%B3%D8%A7%D9%8B-%D9%84%D9%87%D9%8A%D8%A6%D8%A9-%D8%A7%D9%84%D8%A5%D8%B9%D9%84/,تكليف نوفل أبو رغيف رئيساً لهيئة الإعلام والإتصالات,MEDIA,,"Baghdad, Baghdad, Iraq",2.01612903225807,42
2025-03-12 21:45:00.000000 UTC,https://el-balad.com/93614,الرئيس السيسي يتناول الإفطار مع طلاب الأكاديمية العسكرية وأسرهم,EGYPTIAN,,Egypt,0.920245398773,72
2025-03-12 22:00:00.000000 UTC,https://www.tap.info.tn/ar/%D9%88%D9%8A%D8%A8-%D8%B3%D9%8A%D8%AA-%D8%A3%D9%87%D9%85-%D8%A7%D9%84%D8%A3%D8%AE%D8%A8%D8%A7%D8%B1-Portal-Top-News/18533259-%D8%B1%D8%A6%D9%8A%D8%B3-%D8%A7%D9%84%D8%AD%D9%83%D9%88%D9%85%D8%A9-%D9%8A%D8%B4%D8%AF%D8%AF,رئيس الحكومة يشدد على ضرورة تحديد أفق زمني للإستراتيجيّة الوطنيّة للتّشغيل,GOVERNANCE,,"Riyadh, Ar Riya?, Saudi Arabia",3.83275261324042,14
2025-03-12 22:15:00.000000 UTC,https://www.elfagr.org/5134575,"تلفزيون سوريا: الحكومة تمنع مقاتليها مؤقتا من التوجه إلى مناطق سيطرة ""قسد""",SYRIA,DAMASCUS,"Afrin, ?alab, Syria",0.0,30
2025-03-12 22:15:00.000000 UTC,https://www.shorouknews.com/news/view.aspx?cdate=12032025&id=b54c0d84-a7dd-4f04-8f4d-c473875e9199,إحنا بخير.. الرئيس السيسي يوجه رسائل للمصريين خلال زيارته للأكاديمية العسكرية,EGYPT,ARMED FORCES,Egypt,0.0,42
2025-03-12 22:15:00.000000 UTC,http://www.elbrqnews.com/New-News/271004.html,رئيس مجلس الشورى: الدعم الملكي للسلطة التشريعية يرسّخ دعائم الديمقراطية ودولة المؤسسات والقانون,,KING,Bahrain,7.04697986577181,46
2025-03-12 22:15:00.000000 UTC,https://alwasat.ly/news/arabic/469989,«رويترز»: الولايات المتحدة شجعت أكراد سورية على الاتفاق مع حكومة دمشق,UNITED STATES,KURD,"Damascus, Dimashq, Syria",2.22841225626741,51
2025-03-12 22:15:00.000000 UTC,https://we.mansheet.net/102638/%D8%B1%D8%A6%D9%8A%D8%B3-%D8%AC%D8%A7%D9%85%D8%B9%D8%A9-%D8%A8%D9%86%D9%87%D8%A7-%D9%8A%D8%B4%D8%A7%D8%B1%D9%83-%D9%81%D9%89-%D8%AD%D9%81%D9%84-%D8%A5%D9%81%D8%B7%D8%A7%D8%B1-%D8%A3%D8%B3%D8%B1%D8%A9/,رئيس جامعة بنها يشارك فى حفل إفطار أسرة طلاب من أجل مصر - صور – جريدة مانشيت,UNIVERSITY,,"Banha, Al Qalyubiyah, Egypt",6.18181818181818,51
2025-03-12 22:30:00.000000 UTC,https://www.vetogate.com/5367374,ما علاقة المراجعة الرابعة لصندوق النقد بتحريك أسعار الوقود؟ الحكومة ترد (فيديو),PRESIDENT,,"Suez Canal, As Suways, Egypt",0.0,40
2025-03-12 22:30:00.000000 UTC,https://www.vetogate.com/5367363,نشاط الرئيس السيسي اليوم، يتابع ترتيبات افتتاح المتحف المصري الكبير ويزور الأكاديمية العسكرية,COMMANDER,EGYPTIAN,Egypt,2.07253886010363,42
2025-03-12 22:30:00.000000 UTC,https://www.mena.org.eg:443/news/dbcall/table/textnews/id/11098989,وزير الخارجية: الشراكة مع الاتحاد الأوروبي مهمة لتحقيق الأمن والاستقرار في القرن الإفريقي - Welcome to Middle East News Agency,EGYPT,SOMALI,"Cairo, Al Qahirah, Egypt",1.90677966101695,60
2025-03-12 22:45:00.000000 UTC,http://www.elbrqnews.com/New-News/271026.html,رئيس جامعة المنيا يُشارك أسرة طلاب من أجل مصر حفل الإفطار الجماعي.. صور,,STUDENT,"Kulliyat Az Ziraah, Al Jizah, Egypt",7.64705882352941,51
2025-03-12 23:00:00.000000 UTC,https://kuwaitnews.com/102948/,إعلام إيراني: وزير الخارجية تسلم من مستشار رئيس الإمارات رسالة من الرئيس الأمريكي,PRESIDENT,IRAN,Iran,2.30769230769231,27
2025-03-12 23:30:00.000000 UTC,https://www.kuna.net.kw/ArticleDetails.aspx?id=3222504&Language=ar,كونا : الرئيس الأمريكي: نجاح مبهر لاجتماع السعودية ووقف القتال بأوكرانيا متروك الآن لروسيا - الشؤون السياسية,UKRAINE,MOSCOW,"Jeddah, Makkah, Saudi Arabia",3.81679389312977,43
2025-03-12 23:30:00.000000 UTC,https://www.kuna.net.kw/ArticleDetails.aspx?id=3222508&Language=ar,"كونا : المرشد الإيراني يعتبر دعوة الرئيس الأمريكي للتفاوض ""محض خداع"" - الشؤون السياسية",IRAN,,United Arab Emirates,-0.88888888888889,120
2025-03-12 23:30:00.000000 UTC,https://www.kuna.net.kw/ArticleDetails.aspx?id=3222503&Language=ar,كونا : البرلمان الأوروبي يدعو دول الاتحاد الأوروبي إلى دعم المرحلة الانتقالية في سوريا - الشؤون السياسية,EUROPEAN PARLIAMENT,DAMASCUS,"Damascus, Dimashq, Syria",2.07468879668049,20
2025-03-12 23:30:00.000000 UTC,https://almasdaronline.com/articles/313177,﻿الزنداني: الحكومة مستعدة للسلام ولكنها لن تتردد في الخيار العسكري إذا لزم الأمر,,MILITARY,Yemen,-0.58365758754864,353
2025-03-12 23:45:00.000000 UTC,https://www.elwatannews.com/news/details/8053247,وزير البترول يبحث مع رئيس «توتال إنرجيز» الفرنسية التعاون ال - الوطن,COMPANY,FRANCE,"Wizarat Al Bitrul, Al Qahirah, Egypt",5.14285714285714,10
2025-03-12 23:45:00.000000 UTC,https://www.kuna.net.kw/ArticleDetails.aspx?id=3222509&Language=ar,كونا : الوزيرة الحويلة تؤكد عمق العلاقات بين الكويت والصين وتامل في تعزيز التعاون بمجالات الرعاية الاجتماعية - الشؤون الإجتماعية,CHINA,,Kuwait,4.65116279069767,13
2025-03-12 23:45:00.000000 UTC,https://we.mansheet.net/102765/%D9%85%D8%AA%D9%89-%D9%8A%D8%A8%D8%AF%D8%A3-%D8%AA%D8%B7%D8%A8%D9%8A%D9%82-%D8%A7%D9%84%D8%AD%D8%AF-%D8%A7%D9%84%D8%A3%D8%AF%D9%86%D9%89-%D8%A7%D9%84%D8%AC%D8%AF%D9%8A%D8%AF-%D9%84%D9%84%D8%A3%D8%AC/,"متى يبدأ تطبيق ""الحد الأدنى الجديد للأجور"" في مصر؟ وزير المالية يعلن التفاصيل وموعد التنفيذ – جريدة مانشيت",GOVERNMENT,,"Wizarat Al Maliyah, Al Qahirah, Egypt",4.12979351032448,14
2025-03-13 21:15:00.000000 UTC,https://www.dostor.org/4998757,أستاذ علوم سياسية: الرئيس السيسي وضع خطوطًا حمراء أمام محاولات تصفية القضية الفلسطينية,HASSAN,,Israel,-5.73248407643312,41
2025-03-13 21:15:00.000000 UTC,https://www.aljazeera.net/news/2025/3/13/%D8%A3%D8%B1%D8%BA%D9%85%D8%A7%D9%86-%D9%8A%D9%87%D8%AF%D8%AF-%D9%86%D8%AA%D9%86%D9%8A%D8%A7%D9%87%D9%88-%D8%A5%D8%B0%D8%A7-%D8%B9%D9%85%D9%84%D8%AA-%D8%B6%D8%AF,رئيس الشاباك السابق يهدد نتنياهو: سأكشف كل ما أعرفه,ISRAEL,,"Gaza, Israel (general), Israel",-6.47058823529411,332
2025-03-13 21:45:00.000000 UTC,https://www.wafa.ps/Pages/Details/116948,وزير الأوقاف: الاحتلال يرفض تسليم الحرم الإبراهيمي للجمعة الثانية على التوالي,ISRAEL,PALESTINIAN,"Hebron, Israel (general), Israel",-1.94805194805194,51
2025-03-13 22:00:00.000000 UTC,https://www.kuna.net.kw/ArticleDetails.aspx?id=3222615&language=ar,كونا : وزير النفط اليمني يؤكد أهمية دعم جهود استئناف تصدير النفط المتوقف منذ 2022 - طاقة,CITIZEN,,"Hadramaut, ?a?ramawt, Yemen",-2.24215246636771,71
2025-03-13 22:15:00.000000 UTC,https://www.raya.ps/news/1191398.html,الهباش يلتقي وزير الخارجية المغربي ويبحث معه تطورات الأوضاع في فلسطين وسبل حماية القدس,MOROCCO,PALESTINE,Gaza Strip,1.06951871657754,90
2025-03-13 22:15:00.000000 UTC,https://www.elfagr.org/5135107,"واشنطن تفرض عقوبات على وزير النفط الإيراني و""أسطول الظل""",IRANIAN,,"Tehran, Tehran, Iran",-3.41685649202733,50
2025-03-13 22:15:00.000000 UTC,https://www.elfagr.org/5135106,الخزانة الأمريكية تفرض عقوبات على وزير النفط الإيراني وأسطول الظل,MINISTRY,,Iran,-3.38983050847457,84
2025-03-13 22:15:00.000000 UTC,https://www.alwatanvoice.com/arabic/news/2025/03/13/1543984.html,نتنياهو يتهم رئيسَي (شاباك) الحالي والسابق بقيادة حملة تهديد وابتزاز ضده,ISRAEL,,Israel,-5.55555555555556,332
2025-03-13 22:15:00.000000 UTC,https://www.annaharkw.com/annahar/Article.aspx?id=1014643,وزير الإعلام: دعم الشباب يتصدر الأولويات الحكومية,COMMUNITY,,Kuwait,7.2463768115942,70
2025-03-13 22:15:00.000000 UTC,https://www.wafa.ps/Pages/Details/116952,شاهين توقع مع وزير خارجية تشيلي ثلاث اتفاقيات ثنائية,PALESTINE,ISRAEL,Israel,5.06329113924051,42
2025-03-13 22:15:00.000000 UTC,https://www.albawabhnews.com/5169035,"البطريرك يوحنا العاشر: ""نثمن علاقاتنا التاريخية مع اليونان حكومةً وشعباً""",GREECE,GREECE,Lebanon,0.0,51
2025-03-13 22:30:00.000000 UTC,https://almasdaronline.com/articles/313230,"﻿تحسبا لآثار التصنيف.. الحوثيون يستدعون ""الإنسانية"" لفتح طرقٍ نحو مناطق الحكومة",SANAA,DEALER,"Marib, Ma'rib, Yemen",-3.06406685236768,20
2025-03-13 22:30:00.000000 UTC,https://almasdaronline.com/articles/313226,الحكومة تؤكد للأمم المتحدة استعدادها لتأمين المشتقات النفطية والغاز المنزلي لجميع محافظات الجمهورية,CITIZEN,,"Mina Al Hudaydah, Al ?udaydah, Yemen",-2.9325513196481,71
2025-03-13 23:15:00.000000 UTC,https://www.vetogate.com/5368123,وزير الأوقاف ومفتي الجمهورية ينعيان ضحايا حادث قطار الإسماعيلية,,SECRETARIAT,"Ismailia, Al Isma‘iliyah, Egypt",-4.5977011494253,43
2025-03-13 23:15:00.000000 UTC,https://www.dostor.org/4998982,واشنطن تفرض عقوبات على وزير النفط الإيرانى وسفن «أسطول الظل»,COMPANIES,,"Tehran, Tehran, Iran",-6.3953488372093,10
2025-03-13 23:30:00.000000 UTC,https://www.cawalisse.com/218530/,مستشار الرئيس الفلسطيني يشيد بالدعم الموصول لجلالة الملك للقضية الفلسطينية,ISRAEL,ISRAEL,"Jerusalem, Israel (general), Israel",9.20245398773006,51
2025-03-13 23:30:00.000000 UTC,http://www.elbrqnews.com/New-News/273255.html,القاهرة الإخبارية: وفد تركي برئاسة وزير الخارجية يبدأ زيارة إلى دمشق,FOREIGN MINIST,SYRIAN,"Damascus, Dimashq, Syria",-4.76190476190476,42
2025-03-14 07:00:00.000000 UTC,https://www.elfagr.org/5135205,الحكومة اليمنية تطالب بعقوبات دولية صارمة ضد قيادات الحوثيين,GOVERNMENT,IRAN,Yemen,-10.8108108108108,84
2025-03-14 08:00:00.000000 UTC,https://rassd.com/544978.htm,الحكومة تقرر إلغاء دعم المواد البترولية نهاية العام,INTERNATIONAL MONETARY FUND,EGYPT,Egypt,2.23463687150838,84
2025-03-14 21:00:00.000000 UTC,https://www.nna-leb.gov.lb/ar/%D8%B3%D9%8A%D8%A7%D8%B3%D8%A9/765829,الوكالة الوطنية للإعلام - الوفد النيابي اللبناني العائد من قطر: لمسنا أجواء إيجابية وتفاؤلًا كبيرًا بعد انتخاب الرئيس عون وحكومة الرئيس سلام,LEBANESE,,Lebanon,2.1671826625387,13
2025-03-14 21:15:00.000000 UTC,https://alsahwa-yemen.net/p-83214,"قالت ""إن الحرب فاقمت معاناتها"".. الحكومة تؤكد الالتزام بتعزيز دور المرأة في المجتمع",GOVERNMENT,,Yemen,-3.94088669950739,50
2025-03-14 21:15:00.000000 UTC,http://www.elbrqnews.com/New-News/274729.html,رئيس الوزراء العراقي يعلن مقتل «أبو خديجة» أحد أبرز قادة «داعش» في العراق وسوريا,IRAQ,,"Anbar, Al Anbar, Iraq",-1.94552529182879,51
2025-03-14 22:30:00.000000 UTC,https://www.aljazeera.net/politics/2025/3/14/%D9%85%D8%B5%D8%B7%D9%81%D9%89-%D8%B7%D9%84%D8%A7%D8%B3-%D9%82%D8%B5%D8%A9-%D9%88%D8%B2%D9%8A%D8%B1-%D8%AF%D9%81%D8%A7%D8%B9-%D8%A7%D9%84%D8%A3%D8%B3%D8%AF-%D8%A7%D9%84%D8%B0%D9%8A,مصطفى طلاس.. قصة وزير دفاع الأسد الذي أرعب السوريين,MILITARY,,"Tiberias, Ha?afon, Israel",-1.43520472773322,50
2025-03-14 23:00:00.000000 UTC,https://www.kuna.net.kw/ArticleDetails.aspx?id=3222733&Language=ar,كونا : وزير الخارجية التركي يدعو لاستبعاد المتورطين في أنشطة إرهابية من المعادلة السورية - الشؤون السياسية,KURD,SYRIA,Syria,-1.06007067137809,1044
2025-03-14 23:00:00.000000 UTC,https://www.kuna.net.kw/ArticleDetails.aspx?id=3222730&language=ar,كونا : الرئيس الفرنسي يؤكد التزام بلاده تجاه استعادة لبنان لسيادته الكاملة - الشؤون السياسية,FRENCH,LEBANON,Lebanon,0.0,50
2025-03-14 23:15:00.000000 UTC,http://www.elbrqnews.com/New-News/274931.html,ماكرون يستقبل الرئيس اللبناني في باريس 28 مارس الجاري,LEBANESE,LEBANESE,Lebanon,-1.96078431372549,36
2025-03-14 23:45:00.000000 UTC,https://www.albawabhnews.com/5169441,ماكرون يستقبل الرئيس اللبناني في باريس 28 مارس الجاري,FRENCH,LEBANESE,Lebanon,-2.10526315789473,36
2025-03-15 08:00:00.000000 UTC,https://www.shorouknews.com/news/view.aspx?cdate=15032025&id=a3518ca3-772f-4495-b943-5632c8ce4c5d,تركيا: نراقب عن كثب اتفاق الحكومة السورية مع قوات سوريا الديمقراطية,TURKEY,SYRIAN,Turkey,1.74418604651162,12
2025-03-15 17:30:00.000000 UTC,https://www.libyaakhbar.com/libya-news/2540115.html,البعثة الأممية: وزير الخارجية التركي أكد دعم جهود تيتيه في ليبيا - اخبار ليبيا,,ISTANBUL,"Istanbul, Istanbul, Turkey",2.56410256410256,42
2025-03-15 19:15:00.000000 UTC,https://www.alahednews.com.lb/article.php?id=80459&cid=116,وزير الخارجية السوداني ينفي تلقي أي طلب لتوطين أهل غزة: نرفض تهجير الفلسطينيين,MUSLIM,ISRAEL,"Gaza, Israel (general), Israel",-4.80769230769231,10
2025-03-15 19:15:00.000000 UTC,https://www.albawabhnews.com/5169821,وزير الكهرباء يشارك في إفطار جماعي مع العاملين بشركات الوزارة,WORKER,BUSINESS,"Cairo, Al Qahirah, Egypt",6.84495220698234,20
2025-03-15 19:15:00.000000 UTC,http://www.elbrqnews.com/New-News/276393.html,عيسى بن عبدالله يُهنىء الملك وولي العهد رئيس الوزراء بمناسبة نجاح إطلاق القمر الاصطناعي «المنذر»,ABDULLAH,BAHRAIN,Bahrain,7.6219512195122,51
2025-03-15 19:30:00.000000 UTC,https://www.ami.mr/archives/223484,وزير الإسكان يتفقد 10 مراكز صحية قيد الإنجاز ضمن برنامج تنمية نواكشوط - الوكالة الموريتانية للأنباء,MINIST,NOUAKCHOTT,"Riyadh, Ar Riya?, Saudi Arabia",5.53191489361702,90
2025-03-15 19:45:00.000000 UTC,https://www.almanar.com.lb/13256234,النائب علي فياض: على الحكومة اتخاذ إجراءات أكثر حزماً لحماية للمواطنين من الاعتداءات الإسرائيلية,ISRAELI,KING,Israel,-6.42857142857143,180
2025-03-15 20:15:00.000000 UTC,https://www.vetogate.com/5369286,وزير الدفاع الأمريكي: لن نتسامح مع هجمات الحوثيين,YEMEN,,Iran,-5.0314465408805,43
2025-03-15 20:15:00.000000 UTC,https://www.aljazeeramubasher.net/news/politics/2025/3/15/%D8%AD%D9%83%D9%88%D9%85%D8%A9-%D8%BA%D8%B2%D8%A9-%D8%A7%D8%B3%D8%AA%D8%B4%D9%87%D8%A7%D8%AF-150-%D9%81%D9%84%D8%B3%D8%B7%D9%8A%D9%86%D9%8A%D8%A7-%D8%A8%D9%86%D9%8A%D8%B1%D8%A7%D9%86,حكومة غزة: استشهاد 150 فلسطينيا بنيران الاحتلال منذ وقف إطلاق النار بالقطاع (فيديو),CRIMINAL,,"Gaza, Israel (general), Israel",-9.28143712574847,173
2025-03-15 20:45:00.000000 UTC,https://www.bawabatii.com/news323751.html,وزير الدفاع اليمني يوجه برفع الجاهزية في مارب,,MILITARY,"Marib, Ma'rib, Yemen",-1.77514792899408,190
2025-03-15 21:00:00.000000 UTC,https://www.aljazeera.net/news/2025/3/15/%D8%A7%D9%84%D8%B4%D8%A7%D8%A8%D8%A7%D9%83,رئيس الشاباك يتعهد بحماية الجهاز وسط مواجهة علنية مع نتنياهو,MALE,,Israel,-3.10021875854525,172
2025-03-15 21:15:00.000000 UTC,https://www.okaz.com.sa/news/politics/2188874,الرئيس اللبناني: لن تستقر وتزدهر بلادنا والتوتر على حدودها الجنوبية,LEBANESE,FRENCH,Lebanon,0.0,46
2025-03-15 22:00:00.000000 UTC,https://www.wafa.ps/Pages/Details/117040,وزير الداخلية يتفقد محافظة الخليل,MINIST,ISRAEL,"Hebron, Israel (general), Israel",0.0,90
2025-03-15 22:15:00.000000 UTC,http://www.elbrqnews.com/New-News/276757.html,وزيرة السياحة: إطلاق القمر الصناعي «المنذر» يعزز جاذبية البحرين كوجهة للابتكار,UNITED KINGDOM,BAHRAIN,Bahrain,7.86516853932584,51
2025-03-15 22:15:00.000000 UTC,https://www.shorouknews.com/news/view.aspx?cdate=15032025&id=13108845-19ec-4983-a0e4-c4174927ae7a,تكريم سامح حسين وياسين التهامي في حفل ماسبيرو بحضور وزير الأوقاف ورئيس الهيئة الوطنية للإعلام,EGYPT,,"Wizarat Al Awqaf, Al Qahirah, Egypt",11.2820512820513,51
2025-03-15 22:45:00.000000 UTC,https://www.libyaakhbar.com/news/2540314.html,الممثلة الخاصة للأمين العام إلى ليبيا تستعرض رؤيتها مع وزير خارجية تركيا - اخبار ليبيا,TURKEY,TURKEY,"Istanbul, Istanbul, Turkey",1.78571428571429,51
2025-03-15 23:00:00.000000 UTC,https://www.kul-alarab.com/Article/1103964,"القائد السابق لـ""الشمالية"" ورئيس عمليات الموساد في بيروت: على إسرائيل الاستعداد لمواجهة الجيش التركي",,HAMAS,"Yair, HaDarom, Israel",-3.66492146596858,51
2025-03-15 23:00:00.000000 UTC,https://www.albayan.ae/news/uae/dubai/33552,«دبي للمرأة» تنظم المعرض الرمضاني لرائدات الأعمال الإماراتيات من موظفات حكومة دبي,DUBAI,ACTOR,"Dubai, Dubayy, United Arab Emirates",5.64784053156147,70
2025-03-15 23:30:00.000000 UTC,http://www.elbrqnews.com/New-News/276842.html,واشنطن: الرئيس ترامب وجه رسالة قوية وواضحة إلى الحوثيين في اليمن,MINIST,,Yemen,3.30578512396694,130
2025-03-16 22:00:00.000000 UTC,http://www.elbrqnews.com/New-News/279033.html,إعلام إسرائيلي: احتجاجات بتل أبيب ضد إقالة رئيس الشاباك وإغلاق شوارع,TEL AVIV,,"Cairo, Al Qahirah, Egypt",-8.28402366863905,110
2025-03-16 22:15:00.000000 UTC,https://elaph.com/Web/News/2025/03/1563600.html,"نتانياهو يريد إقالة رئيس الشاباك لقطع التحقيق في ""فضيحة قطر""",QATAR,ISRAEL,"Jerusalem, Israel (general), Israel",-4.60526315789474,50
2025-03-16 22:15:00.000000 UTC,https://www.dostor.org/5002401,حزب الوعي: الرئيس السيسي أثبت للعالم أنه قائد عظيم,EGYPTIAN,GAZA,Egypt,0.29069767441861,50
2025-03-16 22:15:00.000000 UTC,http://www.elbrqnews.com/New-News/279039.html,سفير المملكة ونائب رئيس الوزراء البحريني يبحثان تطوير العلاقات,DEPUTY,BAHRAIN,"Sakhir, Al Janubiyah, Bahrain",8.87372013651877,40
2025-03-16 22:15:00.000000 UTC,https://alrai.com/article/10871304/%D9%85%D8%AD%D9%84%D9%8A%D8%A7%D8%AA/%D8%B4%D8%B1%D9%81%D8%A9-%D8%A8%D8%B1%D9%84%D9%85%D8%A7%D9%86%D9%8A%D8%A9,شرفة برلمانية,HOUSE OF REPRESENTATIVES,,Oman,-2.9535864978903,40
2025-03-16 22:15:00.000000 UTC,https://qudspress.com/186090/,إقالة رئيس الشاباك.. تصفية للحسابات وهروب من تحمل تبعات السابع من أكتوبر - وكالة قدس برس للأنباء,PALESTINIAN,,West Bank,-6.66666666666667,152
2025-03-16 22:15:00.000000 UTC,https://www.bawabatii.com/news323802.html,وزير خارجية أمريكا يهاتف رئيس وزراء العراق ويبحثان الهجمات ضد الحوثيين في اليمن,UNITED STATES,,Iraq,-2.07253886010363,190
2025-03-16 22:15:00.000000 UTC,https://www.bawabatii.com/news323798.html,الرئيس العليمي يحث على رصد الخلايا النائمة الحوثية والتنظيمات المتخادمة معها,YEMEN,,Yemen,-0.46082949308756,20
2025-03-16 22:15:00.000000 UTC,https://www.bawabatii.com/news323796.html,باحث سعودي: لا ثقة في السياسة الأمريكية تجاه الحوثيين وإيران إلا إذا حدثا هذا الأمر,UNITED STATES,ADEN,"Tehran, Tehran, Iran",-2.95566502463054,100
2025-03-16 22:30:00.000000 UTC,https://www.kuna.net.kw/ArticleDetails.aspx?id=3222891&language=ar,كونا : رئيس حكومة كردستان العراق يبحث مع وزير الطاقة التركي تذليل عقبات تصدير نفط الإقليم - طاقة,BAGHDAD,,"Baghdad, Baghdad, Iraq",-0.69444444444445,10
2025-03-16 22:30:00.000000 UTC,http://www.non14.net/175574,المالية النيابية عن تأخر الموازنة: الحكومة تستهين بدور البرلمان,GOVERNMENT,,Iraq,-3.2967032967033,42
2025-03-16 22:30:00.000000 UTC,http://www.non14.net/175580,السوداني يؤكد لوزير الدفاع الأمريكي التزام العراق بحماية مستشاري التحالف الدولي,UNITED STATES,,Yemen,-1.41509433962264,871
2025-03-16 22:45:00.000000 UTC,https://www.kuna.net.kw/ArticleDetails.aspx?id=3222903&language=ar,كونا : رئيس الوزراء العراقي يتعهد لوزير الدفاع الأمريكي بحماية مستشاري التحالف في العراق - الشؤون السياسية,SHIA,IRAQI,"Baghdad, Baghdad, Iraq",-1.23839009287925,41
2025-03-17 21:30:00.000000 UTC,https://www.dostor.org/5003638,تحرك برلماني بشأن انتشار ظاهرة العنف في المدارس المصرية,STUDENT,EGYPT,Egypt,-2.05128205128205,20
2025-03-17 21:30:00.000000 UTC,http://www.elbrqnews.com/New-News/281079.html,المؤتمر: كلمة الرئيس السيسي بحفل إفطار القوات المسلحة تعكس عمق الوعي السياسي,PRESIDENT,INSURGENT FORCE,Egypt,2.13219616204691,51
2025-03-17 21:30:00.000000 UTC,http://www.elbrqnews.com/New-News/281121.html,الرئيس السيسى يشيد بدور الشعب المصرى وتماسكه وقوة مؤسسات الدولة,PRESIDENT,EGYPTIAN,"Suez Canal, As Suways, Egypt",-1.58730158730159,51
2025-03-17 21:30:00.000000 UTC,https://26sep.net/index.php/local/100021-2025-03-17-19-44-46,الرئيس المشاط يتوّجه بالشكر للشعب اليمني على خروجه الملاييني المهيب,PRESIDENT,YEMENI,"Mashat, ?a?ramawt, Yemen",6.25,51
2025-03-17 22:00:00.000000 UTC,http://www.elbrqnews.com/New-News/281164.html,وزير الأوقاف: نتصدى للإرهاب الفكرى ونعالج جذوره العميق.. التنوير ليس خروجًا عن الثوابت.. فلسطين لأهلها والقدس عاصمته,PALESTINE,,"Zagazig, Ash Sharqiyah, Egypt",2.5554302893649,30
2025-03-17 22:15:00.000000 UTC,https://www.shfanews.net/post/204830,قطر تدعو المجتمع الدولي للتصدي بحزم لسياسة التجويع في قطاع غزة - شبكة فلسطين للأنباء - شفا,QATAR,GAZA,Qatar,-6.71140939597316,10
2025-03-17 22:45:00.000000 UTC,https://www.raya.com/2025/03/18/%D8%B1%D8%A6%D9%8A%D8%B3-%D8%A7%D9%84%D9%88%D8%B2%D8%B1%D8%A7%D8%A1-%D9%8A%D8%AA%D9%81%D9%82%D8%AF-%D8%AA%D9%88%D8%B3%D8%B9%D8%A9-%D9%85%D8%B7%D8%A7%D8%B1-%D8%AD%D9%85%D8%AF,رئيس الوزراء يتفقد توسعة مطار حمد,MINIST,,"Doha, Ad Daw?ah, Qatar",1.55038759689923,90
2025-03-17 23:00:00.000000 UTC,https://www.elfagr.org/5137013,الدفاع اللبنانية: اتفاق بين وزير الدفاع اللبناني ونظيره السوري على وقف إطلاق النار بين الجانبين,SYRIAN,LEBANESE,Syria,-2.8880266075388,130
2025-03-17 23:15:00.000000 UTC,https://www.azzaman.com/%D9%88%D8%B2%D9%8A%D8%B1-%D8%A7%D9%84%D8%AE%D8%A7%D8%B1%D8%AC%D9%8A%D8%A9-%D9%88%D8%B5%D9%84%D8%AA%D9%86%D8%A7-%D8%B1%D8%B3%D8%A7%D8%A6%D9%84-%D8%B9%D9%86-%D9%86%D9%8A%D8%A9-%D8%A5%D8%B3%D8%B1%D8%A7/,وزير الخارجية: وصلتنا رسائل عن نية إسرائيل ضرب العراق,OMAN,,"Baghdad, Baghdad, Iraq",-5.28771384136859,42
2025-03-17 23:15:00.000000 UTC,https://we.mansheet.net/111206/%D8%A3%D8%AE%D8%A8%D8%A7%D8%B1-%D9%85%D8%B5%D8%B1-%D8%B1%D8%A6%D9%8A%D8%B3-%D8%A7%D9%84%D8%A3%D8%B1%D9%83%D8%A7%D9%86-%D9%8A%D8%AA%D9%86%D8%A7%D9%88%D9%84-%D8%A7%D9%84%D8%A5%D9%81%D8%B7%D8%A7%D8%B1/,أخبار مصر | رئيس الأركان يتناول الإفطار مع أعضاء هيئة تدريس وطلبة كلية الضباط الاحتياط – جريدة مانشيت,EGYPT,,Egypt,2.1505376344086,10
2025-03-17 23:15:00.000000 UTC,https://pnn.ps/news/703562,السفيرة جادو شكعة تلتقي برئيسة العلاقات الخارجية في البرلمان البلجيكي,ISRAEL,NORTH WEST,West Bank,2.26244343891403,1712
2025-03-17 23:15:00.000000 UTC,https://alanbatnews.net/article/453380,وزيرة التنمية الإجتماعية ترعى افتتاح الجلسة الحوارية مع جمعية إئتلاف البرلمانيات,SECRETARY OF STATE,PARLIAMENTARIAN,Jordan,-1.07238605898124,46
2025-03-17 23:30:00.000000 UTC,https://www.al-binaa.com/archives/427731,رئيس الجمهوريّة أعطى توجيهاته للجيش للردِّ على مصادر النيران شرقاً - جريدة البناء | Al-binaa Newspaper,SHIITE,,"Bekaa, Béa, Lebanon",-3.53634577603143,20
2025-03-17 23:30:00.000000 UTC,http://www.elbrqnews.com/New-News/281345.html,"نائب رئيس حزب الوعي يكشف لغز تشكيل ""حكومة الظل"" بقيادة مسؤول سابق (خاص)",EGYPT,MINIST,Egypt,-2.39596469104666,60
2025-03-17 23:45:00.000000 UTC,https://we.mansheet.net/111279/%D8%A3%D8%AE%D8%A8%D8%A7%D8%B1-%D9%85%D8%B5%D8%B1-%D9%86%D8%B4%D8%B1%D8%A9-%D8%A7%D9%84%D8%AA%D9%88%D9%83-%D8%B4%D9%88-%D8%A7%D9%84%D8%B1%D8%A6%D9%8A%D8%B3-%D8%A7%D9%84%D8%B3%D9%8A%D8%B3%D9%8A/,أخبار مصر | نشرة التوك شو| الرئيس السيسي يشيد بالفنان سامح حسين.. وتفاصيل الطرح الجديد لـ 400 ألف وحدة سكنية – جريدة مانشيت,ISLAM,,Egypt,-0.95419847328244,180
2025-03-18 03:30:00.000000 UTC,https://new.mojznew.com/100450/%d8%aa%d9%81%d8%a7%d8%b5%d9%8a%d9%84-%d9%84%d9%82%d8%a7%d8%a1-%d9%86%d8%aa%d9%8a%d9%86%d8%a7%d9%87%d9%88-%d9%85%d8%b9-%d9%88%d8%b2%d9%8a%d8%b1-%d8%a7%d9%84%d8%ae%d8%a7%d8%b1%d8%ac%d9%8a%d8%a9-%d8%a7/,تفاصيل لقاء نتيناهو مع وزير الخارجية الأمريكي,,GAZA,Gaza Strip,-1.27388535031847,40
2025-03-18 20:45:00.000000 UTC,https://www.kuna.net.kw/ArticleDetails.aspx?id=3223135&Language=ar,"كونا : الرئيس المصري والعاهل البحريني يشددان على ضرورة الإيقاف ""الفوري"" لإطلاق النار في غزة - الشؤون السياسية",MALE,EGYPTIAN,Bahrain,-4.24710424710424,41
2025-03-18 20:45:00.000000 UTC,https://www.shorouknews.com/news/view.aspx?cdate=18032025&id=560b7ac4-260d-4ae1-9b29-9860d639cc72,نائب رئيس حزب مصر أكتوبر: استهداف المدنيين في غزة جريمة حرب تتطلب تحركا دوليا فوريا,PALESTINIAN,,Egypt,-5.35837729670728,51
2025-03-18 20:45:00.000000 UTC,https://www.elwatannews.com/news/details/8056143,وزيرة التخطيط تستعرض تفاصيل وأهداف الاستراتيجية الوطنية المت - الوطن,ADDIS ABABA,,"Cairo, Al Qahirah, Egypt",7.16845878136201,71
2025-03-18 21:00:00.000000 UTC,https://www.shorouknews.com/news/view.aspx?cdate=18032025&id=da93b9af-9a85-44d3-87f5-24a5301cd53c,40 ألف إسرائيلي يتظاهرون رفضا لقرار نتنياهو إقالة رئيس الشاباك,ISRAEL,,"Tel Aviv, Tel Aviv, Israel",-8.33333333333333,160
2025-03-18 21:00:00.000000 UTC,https://we.mansheet.net/113009/%D8%A3%D8%AE%D8%A8%D8%A7%D8%B1-%D9%85%D8%B5%D8%B1-%D9%86%D8%A7%D8%A6%D8%A8-%D8%B1%D8%A6%D9%8A%D8%B3-%D8%AD%D8%B2%D8%A8-%D9%85%D8%B5%D8%B1-%D8%A3%D9%83%D8%AA%D9%88%D8%A8%D8%B1-%D8%A7%D8%B3%D8%AA/,أخبار مصر | نائب رئيس حزب مصر أكتوبر: استهداف المدنيين في غزة جريمة حرب تتطلب تحركا دوليا فوريا – جريدة مانشيت,GAZA,,"Gaza, Israel (general), Israel",-4.37956204379562,20
2025-03-18 21:00:00.000000 UTC,http://www.elbrqnews.com/New-News/283368.html,وزير الخارجية والهجرة يتوجه إلى تنزانيا في زيارة ثنائية,TANZANIAN,,Gaza Strip,-5.38116591928251,46
2025-03-18 21:00:00.000000 UTC,https://www.wafa.ps/Pages/Details/117272,وزير الخارجية البريطاني يصف الخسائر البشرية في غزة بالمروعة,MINIST,GAZA,Gaza Strip,-6.25,10
2025-03-18 21:45:00.000000 UTC,https://www.vetogate.com/5371555,وزير الخارجية والهجرة يتوجه إلى تنزانيا لبحث تعزيز التعاون بين البلدين,TANZANIA,,Egypt,1.48514851485148,42
2025-03-18 22:00:00.000000 UTC,https://www.albawabhnews.com/5171414,رئيس الأساقفة الأنجليكاني بالقدس يستضيف الإفطار الرمضاني السنوي في كاتدرائية القديس جورج,GRENADA,ISRAEL,"Jerusalem, Israel (general), Israel",10.1449275362319,42
2025-03-18 22:00:00.000000 UTC,https://arabic.euronews.com/2025/03/18/families-of-israeli-hostages-protest-outside-the-government-headquarters,عائلات الرهائن الإسرائيليين تتظاهر أمام مقر الحكومة تنديدًا بعودة الحرب على غزة,HAMAS,,"Gaza, Israel (general), Israel",-9.7222222222222,1053
2025-03-18 22:15:00.000000 UTC,https://www.bawabatii.com/news323880.html,الرئيس العليمي: ملتزمون بتقوية المؤسسات الضامنة لحقوق الانسان وانفاذ سيادة القانون,GOVERNMENT,,Yemen,-7.34341252699785,50
2025-03-18 22:15:00.000000 UTC,http://www.elbrqnews.com/New-News/283487.html,باحث سياسي: إقالة رئيس الشاباك مرتبطة بتصعيد غزة وأزمة نتنياهو السياسية,GOVERNMENT,,Qatar,-4.84581497797357,141
2025-03-18 22:15:00.000000 UTC,https://almadapaper.net/398973/,"تحذيرات من ارتفاع وتيرة ""الخطابات الطائفية"" مع قرب انتخابات 2025",IRAQ,,Iraq,-5.57142857142857,120
2025-03-18 22:30:00.000000 UTC,https://www.raya.ps/articles/1191663.html,حرب لأن وزيرا إسرائيليا يريد أن يشرب بيرة في غزة !!,UNITED STATES,,Iran,-9.23076923076918,50
2025-03-18 22:30:00.000000 UTC,https://bokra.net/Article-1565691,رئيس وزراء النرويج يدين القصف على غزة ويدعو لحماية المدنيين,CIVILIAN,,"Gaza, Israel (general), Israel",-5.55555555555556,234
2025-03-18 22:30:00.000000 UTC,https://bokra.net/Article-1565689,البرلمان العربي يدين التصعيد العسكري في غزة ويدعو لتحرك دولي عاجل,PARLIAMENT,GAZA,"Gaza, Israel (general), Israel",-11.731843575419,111
2025-03-18 23:00:00.000000 UTC,https://www.elwatannews.com/news/details/8056218,وزير دفاع الاحتلال الإسرائيلي يهدد حماس: أبواب الجحيم ستفتح - الوطن,HAMAS,DETAINEE,"Gaza, Israel (general), Israel",-14.5833333333334,84
2025-03-18 23:00:00.000000 UTC,https://alrai.com/article/10871586/%D9%83%D8%AA%D8%A7%D8%A8/%D9%85%D8%A7-%D9%83%D8%A7%D9%86-%D8%B0%D9%84%D9%83-%D9%84%D9%8A%D8%AD%D8%AF%D8%AB-%D9%84%D9%88-%D9%83%D9%86%D8%AA-%D8%B1%D8%A6%D9%8A%D8%B3%D8%A7,ما كان ذلك ليحدث لو كنتُ رئيساً!,GAZA,GAZA,"Jerusalem, Israel (general), Israel",-4.2983565107459,841
2025-03-18 23:00:00.000000 UTC,http://www.elbrqnews.com/New-News/283537.html,رئيس الأساقفة الأنجليكاني بالقدس يستضيف الإفطار الرمضاني السنوي في كاتدرائية القديس جورج,SAINT,JERUSALEM,"Jerusalem, Israel (general), Israel",9.6551724137931,42
2025-03-18 23:45:00.000000 UTC,http://www.elbrqnews.com/New-News/283624.html,وزير العدل: آلية التسجيل الإلكترونية خفضت أسعار الحج بين 400 وألف دينار,HOUSE OF REPRESENTATIVES,,Bahrain,-1.99556541019956,40
2025-03-19 21:30:00.000000 UTC,https://kuwaitnews.com/103405/,وزير الدفاع ووزير الداخلية بالإنابة يؤكد حرص القيادة السياسية على دعم القوات المسلحة لمواجهة مختلف التحديات,KUWAIT,ABDULLAH,Kuwait,2.48226950354609,43
2025-03-19 21:30:00.000000 UTC,http://www.elbrqnews.com/New-News/285743.html,وزيرة خارجية ألمانيا تعرب عن ارتياحها لاستقرار الوضع الأمني في لبنان,SECRETARY OF STATE,LEBANON,Lebanon,5.22875816993464,51
2025-03-19 21:30:00.000000 UTC,http://www.elbrqnews.com/New-News/285760.html,البيت الأبيض: زيلينسكي شكر الرئيس ترامب على دعم الولايات المتحدة لأوكرانيا,UKRAINE,SAUDI ARABIA,"Cairo, Al Qahirah, Egypt",4.24528301886793,46
2025-03-19 21:30:00.000000 UTC,https://www.vetogate.com/5372248,مساعد وزير الخارجية: السودان يرتبط بالأمن القومي المصري ونرفض أي إملاءات على شعبه,EGYPT,GOVERNMENT,"Wizarat Al Kharijiyah, Al Qahirah, Egypt",-0.34364261168385,120
2025-03-19 22:15:00.000000 UTC,https://www.bawabatii.com/news323928.html,رئيس وزراء العراق الأسبق عادل عبدالمهدي يصل صنعاء لقيادة وساطة للتهدئة (إعلام حوثي),MILITIA,GAZA,"Sanaa, San‘a', Yemen",-4.34782608695653,871
2025-03-19 22:15:00.000000 UTC,https://www.almontasaf.net/news118179.html,وزير الدفاع اليمني: ضمان حرية الملاحة لن يأتي إلا بدعم قواتنا المسلحة | المنتصف نت,MILITIA,,Yemen,2.0,127
2025-03-19 22:15:00.000000 UTC,https://alwasat.ly/news/international/470793,احتجاجات واسعة في تركيا بعد اعتقال رئيس بلدية إسطنبول,TURKEY,POLICE,"Istanbul, Istanbul, Turkey",-7.00934579439257,190
2025-03-19 22:15:00.000000 UTC,https://www.shorouknews.com/news/view.aspx?cdate=19032025&id=24ee7e83-d206-474c-a81b-688e39366529,من هو أكرم إمام أوغلو المنافس الرئيسي لأردوغان ولماذا تم اعتقاله؟,ISTANBUL,TURKEY,"Istanbul, Istanbul, Turkey",-7.65217391304349,100
2025-03-19 22:30:00.000000 UTC,https://arabic.euronews.com/2025/03/19/annalena-baerbock-lebanon-visit-israeli-occupation-rejection-lebanon-german-foreign-policy,"وزيرة الخارجية الألمانية في بيروت: نرفض ""أي احتلال إسرائيلي دائم للأراضي اللبنانية""",LEBANESE,LEBANON,"Baabda, Mont-Liban, Lebanon",-3.04054054054054,42
2025-03-19 22:45:00.000000 UTC,https://www.elfagr.org/5138135,هدية رمضان من تكافل وكرامة...الحكومة تصرف منحة 300 جنيه لهذه الفئات,CITIZEN,,Egypt,7.64044943820225,50
2025-03-19 22:45:00.000000 UTC,https://www.kul-alarab.com/Article/1104163,تغريدة لرئيس الوزراء الإسرائيلي تثير ضجة سياسية وحزب لابيد يرد: نتنياهو فقد صوابه,ISRAEL,,"Elon, Ha?afon, Israel",-2.22222222222222,190
2025-03-19 22:45:00.000000 UTC,https://3yonnews.com/1938059,وزير الموارد البشرية يدشن مشاريع تنموية جديدة,MINISTRY,,"Mecca, Makkah, Saudi Arabia",7.35294117647059,50
2025-03-19 23:00:00.000000 UTC,https://www.dostor.org/5006354,عاجل| عشرات الآلاف يتظاهرون في تركيا للمطالبة بإقالة حكومة إردوغان (فيديو),GOVERNMENT,TURKISH,"Istanbul, Istanbul, Turkey",-8.04878048780484,831
2025-03-19 23:15:00.000000 UTC,https://www.kuna.net.kw/ArticleDetails.aspx?id=3223289&Language=ar,كونا : الرئيس اللبناني: استمرار احتلال مواقع في الجنوب يتناقض مع اتفاق ايقاف اطلاق النار والقرارات الدولية - الشؤون السياسية,LEBANON,GERMAN,"Baabda, Mont-Liban, Lebanon",-0.86956521739131,51
2025-03-19 23:15:00.000000 UTC,https://www.kuna.net.kw/ArticleDetails.aspx?id=3223281,كونا : وزير الخارجية التركي يلتقي نائب وزير الخارجية الصيني - الشؤون السياسية,,ANKARA,"Ankara, Ankara, Turkey",-3.47826086956522,42
2025-03-19 23:15:00.000000 UTC,https://www.kuna.net.kw/ArticleDetails.aspx?id=3223295&language=ar,كونا : الرئيس الأمريكي يتوعد بإبادة الحوثيين تماما - عام,IRAN,MILITARY,"Tehran, Tehran, Iran",-7.95454545454547,51
2025-03-19 23:15:00.000000 UTC,https://www.mena.org.eg:443/ar/news/dbcall/table/webnews/id/11109121,السفير المصري في تونس يناقش مع وزير النقل التونسي آفاق التعاون المشترك - Welcome to Middle East News Agency,EGYPTIAN,TUNISIA,"Alexandria, Al Iskandariyah, Egypt",2.00668896321071,40
2025-03-19 23:15:00.000000 UTC,http://www.elbrqnews.com/New-News/285961.html,وزيرة الإسكان والتخطيط العمراني: التوجيه الملكي بتسريع وتيرة المشاريع لتوفير 50 ألف وحدة إسكانية يعكس الرعاية السامية لقطاع السكن الاجتماعي بالمملكة,GOVERNMENT,CITIZEN,Bahrain,4.13625304136253,50
2025-03-19 23:45:00.000000 UTC,https://www.al-binaa.com/archives/427864,ويتكوف وسياسة العصا والجزرة: كيف تحاصر أميركا القرار اللبناني خارج إطار الشرعية الدولية؟ - جريدة البناء | Al-binaa Newspaper,UNITED NATIONS,,"Bekaa, Béa, Lebanon",-3.88500388500388,25
2025-03-19 23:45:00.000000 UTC,https://www.al-binaa.com/archives/427886,وزيرة خارجيّة ألمانيا في بعبدا والسرايا / رئيسُ الجمهوريّة: «إسرائيل» رفضَت كلّ الاقتراحات لإخلاء التلال الخمس - جريدة البناء | Al-binaa Newspaper,GOVERNMENT,,"Baabda, Mont-Liban, Lebanon",1.46341463414634,71
2025-03-19 23:45:00.000000 UTC,https://www.kuna.net.kw/ArticleDetails.aspx?id=3223300&Language=ar,كونا : الرئيس الفرنسي يشيد بالعمل التي تقوم به السعودية بشأن غزة - الشؤون السياسية,FRENCH,SAUDI ARABIA,Saudi Arabia,3.65296803652968,51
2025-03-19 23:45:00.000000 UTC,https://www.albawabhnews.com/5171976,رئيس الطائفة الإنجيلية يشارك في حفل إفطار رمضاني ببنها,PRESIDENT,EGYPT,"Giza, Al Jizah, Egypt",8.93114841257787,51
2025-03-20 21:15:00.000000 UTC,http://www.elbrqnews.com/New-News/287948.html,الرئيس الشيخ محمد بن زايد آل نهيان يستقبل حاكم الفجيرة وولي عهده,,BUSINESS,"Diwan Ar Riasah, Abu Z¸aby, United Arab Emirates",2.3391812865497,43
2025-03-20 21:30:00.000000 UTC,http://www.elbrqnews.com/New-News/287970.html,وزير الخارجية: العلاقات المصرية الأفريقية شهدت دفعة كبيرة في عهد الرئيس السيسي,MEDIA,,"Cairo, Al Qahirah, Egypt",1.76470588235294,40
2025-03-20 21:30:00.000000 UTC,https://sonara.net/%D9%83%D9%85%D8%A7-%D9%81%D9%8A-%D8%A7%D9%84%D8%A3%D8%B3%D8%A7%D8%A8%D9%8A%D8%B9-%D8%A7%D9%84%D9%85%D8%A7%D8%B6%D9%8A%D8%A9-%D8%A7%D9%84%D8%B4%D8%B1%D8%B7%D8%A9-%D8%AA%D9%86%D8%B4%D8%B1-%D8%A2%D9%84/,كما في الأسابيع الماضية.. الشرطة تنشر آلاف العناصر غدًا في القدس وتغلق شوارع رئيسية,POLICE,,"Hebron, Israel (general), Israel",-0.71428571428571,20
2025-03-20 21:30:00.000000 UTC,http://alakhbar.info/?q=node/59695,37 برلمانيا موريتانيا يحمّلون أمريكا مسؤولية الإبادة بغزة,BOSS,,"Gaza, Israel (general), Israel",-2.71565495207668,128
2025-03-20 21:30:00.000000 UTC,https://www.dostor.org/5007526,وزير الخارجية: تكلفة مشروع سد جوليوس نيريري تفوق ثلاثة مليارات دولار,EGYPTIAN,TANZANIA,"Cairo, Al Qahirah, Egypt",2.20994475138122,42
2025-03-20 21:30:00.000000 UTC,http://alakhbar.info/?q=node/59700,برلمانية: طالبنا الأمريكيين بوقف دعمهم اللا مشروط للكيان الصهيوني,EMBASSY,NOUAKCHOTT,"Gaza, Israel (general), Israel",-0.45662100456621,10
2025-03-20 21:45:00.000000 UTC,https://www.kuna.net.kw/ArticleDetails.aspx?id=3223406&Language=ar,كونا : ولي العهد البحريني ونائب الرئيس الأمريكي يبحثان المستجدات الإقليمية والدولية - الشؤون السياسية,CROWN PRINCE,BAHRAIN,"Manama, Al Manamah, Bahrain",8.16326530612249,41
2025-03-20 21:45:00.000000 UTC,https://www.kuna.net.kw/ArticleDetails.aspx?id=3223370,كونا : الرئيس التركي ورئيس وزراء نيبال يبحثان ملفات إقليمية ودولية من بينها غزة - الشؤون السياسية,NEPAL,,Gaza Strip,-2.85714285714286,40
2025-03-20 22:00:00.000000 UTC,https://www.elfagr.org/5138660,"وزيرالأعمال: العاملون عنصرأساسي بنجاح منظومة الإنتاج والتطوير بـ ""كيما ""أسوان",,WORKER,Egypt,7.00808625336927,46
2025-03-20 22:15:00.000000 UTC,https://www.dostor.org/5007521,وزير الكهرباء: 86 محطة تحت المراقبة وتكثيف العمل لإنهاء مشروع الربط الكهربائي مع السعودية,MINIST,,"Port Said, Bur Sa‘id, Egypt",2.48447204968944,46
2025-03-20 22:15:00.000000 UTC,https://www.vetogate.com/5372990,وزير الأوقاف يكرم حفظة القرآن الكريم وذوي الهمم والأيتام بجنوب سيناء (صور),EGYPT,,"Muhafazat Janub Sina, Janub Sina', Egypt",6.28571428571428,42
2025-03-20 22:15:00.000000 UTC,https://www.mena.org.eg:443/news/dbcall/table/textnews/id/11108769,مدبولي: نعمل على تنفيذ توجيه الرئيس بتشكيل مجموعة عمل لوضع صياغة ورؤية مستقبلية للإعلام والدراما - Welcome to Middle East News Agency,COMPANIES,,"Cairo, Al Qahirah, Egypt",-1.80412371134021,12
2025-03-20 22:45:00.000000 UTC,https://www.alquds.com/ar/posts/155429,بالتزامن مع اجتماع الحكومة لإقالة رئيس الشاباك: آلاف الإسرائيليين يتظاهرون في القدس,ISRAELI,ISRAEL,"Jerusalem, Israel (general), Israel",-7.69230769230769,42
2025-03-20 23:00:00.000000 UTC,http://www.elbrqnews.com/New-News/288149.html,وزير الخارجية: تنزانيا إحدى دول مبادرة حوض النيل وتجمعنا بها علاقات طيبة,,TANZANIA,"Nahr An Nil, Egypt (general), Egypt",1.48698884758365,42
2025-03-20 23:00:00.000000 UTC,http://www.elbrqnews.com/New-News/288163.html,نتنياهو: لا أثق برئيس الشاباك منذ 7 أكتوبر,ISRAELI,,Qatar,-3.06278713629403,26
2025-03-20 23:15:00.000000 UTC,https://www.elwatannews.com/news/details/8057072,وزير الخارجية: العلاقات المصرية الأفريقية شهدت دفعة كبيرة في - الوطن,MEDIA,CAIRO,"Cairo, Al Qahirah, Egypt",1.81818181818182,40
2025-03-20 23:15:00.000000 UTC,https://www.elwatannews.com/news/details/8057092,وزير الاتصالات: حولنا غرامات شركات المحمول إلى خدمات مباشرة - الوطن,MINIST,EGYPT,Egypt,-1.49253731343283,50
2025-03-20 23:30:00.000000 UTC,https://kitabat.com/news/%D9%84%D9%84%D8%AA%D8%B9%D8%A7%D9%85%D9%84-%D9%85%D8%B9-%D8%B3%D9%88%D8%B1%D9%8A%D8%A9-%D8%A7%D9%84%D8%AD%D9%83%D9%88%D9%85%D8%A9-%D8%A7%D9%84%D8%B9%D8%B1%D8%A7%D9%82%D9%8A%D8%A9-%D8%AA%D9%86%D9%81/,للتعامل مع سورية .. الحكومة العراقية تنفي مزاعم تشكيل خلية أزمة أمنية – كتابات,IRAQ,,Iraq,-6.75675675675675,16
2025-03-21 10:15:00.000000 UTC,https://www.shorouknews.com/news/view.aspx?cdate=21032025&id=e06db1fe-df7b-46ea-b464-41b6a8f21d02,وزير الاستثمار يبحث مع سفير فرنسا بالقاهرة تعزيز العلاقات الاقتصادية,FRANCE,CAIRO,Egypt,8.10810810810811,40
2025-03-21 10:15:00.000000 UTC,https://www.shorouknews.com/news/view.aspx?cdate=21032025&id=4cc889bc-3a2c-4e89-8f78-84469921c10f,صحيفة عبرية: حكومة نتنياهو تدرس خطة لتفكيك الضفة الغربية وحكم أبو مازن,ISRAEL,WEST BANK,West Bank,-6.04026845637584,40
2025-03-21 10:15:00.000000 UTC,https://www.nile.eg/%D9%88%D8%B2%D9%8A%D8%B1-%D8%A7%D9%84%D8%A5%D8%B3%D9%83%D8%A7%D9%86-%D9%8A%D9%8F%D8%B5%D8%AF%D8%B1-%D9%82%D8%B1%D8%A7%D8%B1%D8%A7%D8%AA-%D8%A5%D8%B2%D8%A7%D9%84%D8%A9-%D8%A7%D9%84%D8%AA%D8%B9%D8%AF-2,النيل – قناة مصر الإخبارية | وزير الإسكان يُصدر قرارات إزالة التعديات الواقعة على أراض بمدينة برج العرب الجديدة,POLICE,,Egypt,-4.06976744186046,120
2025-03-21 10:15:00.000000 UTC,https://www.vetogate.com/5373184,3 قرارات جمهورية هامة وتكليفات رئاسية حاسمة للحكومة ورسائل قوية للمصريين,,EGYPT,"Suez Canal, As Suways, Egypt",1.97685631629701,46
2025-03-21 10:15:00.000000 UTC,https://alwasat.ly/news/international/470935,إقالة رئيس «الشاباك» الإسرائيلي,MINIST,CRIMINAL,Israel,-6.53266331658291,20
2025-03-21 10:15:00.000000 UTC,http://www.elbrqnews.com/New-News/288500.html,زيارة أكاديمية الشرطة وحفل إفطار القوات المسلحة يتصدران نشاط الرئيس السيسي الأسبوعي,GOVERNMENT,,"Wizarat Al Ittisalat, Al Qahirah, Egypt",2.21833041447753,26
2025-03-21 10:30:00.000000 UTC,http://www.elbrqnews.com/New-News/288548.html,الحكومة الإسرائيلية تصوت بالإجماع على إقالة رئيس «الشاباك» رونين بار,GOVERNMENT,ISRAEL,Iran,-8.75706214689266,110
2025-03-21 10:45:00.000000 UTC,https://sudanile.com/%D9%88%D8%B2%D8%A7%D8%B1%D8%A9-%D8%A7%D9%84%D9%85%D8%A7%D9%84%D9%8A%D8%A9-%D8%AA%D9%86%D9%81%D9%8A-%D9%85%D8%A7-%D9%86%D8%B4%D8%B1%D8%AA%D9%87-%D8%A5%D8%AD%D8%AF%D9%89-%D8%A7%D9%84%D9%82%D9%86%D9%88/,وزارة المالية تنفي ما نشرته إحدى القنوات من توقيع الوزير عقد مع شركة مصرية ألمانية - سودانايل,EGYPTIAN,MINIST,"Wizarat Al Maliyah, Al Qahirah, Egypt",-4.28571428571429,16
2025-03-21 11:00:00.000000 UTC,https://www.vetogate.com/5373211,جمال عبد الرحيم: اللجنة القضائية المشرفة على انتخابات الصحفيين حضرت بكامل هيئتها,,JOURNALIST,"Cairo, Al Qahirah, Egypt",0.8130081300813,43
2025-03-21 11:30:00.000000 UTC,https://www.dostor.org/5007859,وزير دفاع الاحتلال: إسرائيل ستسيطر على أجزاء من غزة بشكل دائم,GAZA,,"Gaza, Israel (general), Israel",-4.69798657718121,100
2025-03-21 11:30:00.000000 UTC,https://stepagency-sy.net/2025/03/21/%D8%A7%D9%84%D8%AD%D9%83%D9%88%D9%85%D8%A9-%D8%A7%D9%84%D8%A5%D8%B3%D8%B1%D8%A7%D8%A6%D9%8A%D9%84%D9%8A%D8%A9-2/,"الحكومة الإسرائيلية تقيل رئيس جهاز الأمن الداخلي ""الشاباك"".. وحماس تعلق | وكالة ستيب نيوز",ISRAELI,GAZA,Israel,-7.88288288288288,841
2025-03-21 11:45:00.000000 UTC,https://www.aljarida.com/article/93121,وزير الدفاع لـ«الجريدة•»: صفقات تسليح الجيش بالتعاقد المباشر,MINIST,KUWAIT,Kuwait,1.73053152039555,43
2025-03-21 11:45:00.000000 UTC,https://www.mena.org.eg:443/news/dbcall/table/textnews/id/11109189,وزير الخارجية ونظيره القطري يبحثان هاتفيًا مستجدات الأوضاع في غزة والجهود المشتركة لتثبيت اتفاق وقف إطلاق النار - Welcome to Middle East News Agency,ISRAEL,QATAR,Qatar,1.08695652173913,40
2025-03-21 11:45:00.000000 UTC,https://www.vetogate.com/5373244,رئيس مدينة الأقصر ووكيل وزارة التضامن يبحثان تجهيزات أكبر إفطار جماعي,MINISTRY,,Egypt,4.82954545454545,40
2025-03-21 11:45:00.000000 UTC,https://www.alahednews.com.lb/article.php?id=80656&cid=114,أصداء إقالة رئيس الشاباك في حكومة الاحتلال: هجوم متواصل على نتنياهو,WORKER,,Gaza Strip,-3.95348837209303,40
2025-03-21 12:00:00.000000 UTC,https://bokra.net/Article-1565820,بريطانيا تدين تهديدات وزير الدفاع الإسرائيلي بشأن غزة في مجلس الأمن,UNITED KINGDOM,,"Gaza, Israel (general), Israel",-6.17283950617284,111
2025-03-21 12:00:00.000000 UTC,https://www.nna-leb.gov.lb/ar/%D8%B3%D9%8A%D8%A7%D8%B3%D8%A9/767333,الوكالة الوطنية للإعلام - عوده بحث ووزير الدفاع في الاوضاع,LEBANON,BISHOP,"Beirut, Beyrouth, Lebanon",4.08163265306122,42
2025-03-21 12:15:00.000000 UTC,https://www.shorouknews.com/news/view.aspx?cdate=21032025&id=7bc7da4c-9de1-4d70-a9ca-6a0a2bb6de32,وزير الدفاع الإسرائيلي يهدد بضم مناطق من غزة حال رفض حماس الإفراج عن المحتجزين,GAZA,DETAINEE,"Gaza, Israel (general), Israel",-9.94152046783625,84
2025-03-21 12:15:00.000000 UTC,http://www.elbrqnews.com/New-News/288703.html,رئيس جامعة القاهرة يتفقد مشروعات التطوير لمجمع العيادات الخارجية لجراحة الأورام,EGYPT,,"Cairo University, Al Jizah, Egypt",-1.82516810758886,90
2025-03-21 12:30:00.000000 UTC,https://arabic.euronews.com/2025/03/21/imamoglus-arrest-erdogan-abandons-carrot-and-stick-policy-adopts-more-radical-approach,"اعتقال إمام أوغلو: أردوغان يتخلى عن سياسة ""العصا والجزرة"" ويتبنى نهجًا أكثر تشددًا",TURKISH,KURD,"Ankara, Ankara, Turkey",-5.4673721340388,154
2025-03-21 12:30:00.000000 UTC,https://www.almanar.com.lb/13280533,الشيخ الخطيب: أولوية الحكومة هي تحرير الارض ووقف العدوان وعدم الخضوع للادارة الاميركية,ISRAEL,,"Beirut, Beyrouth, Lebanon",-4.81481481481482,100
2025-03-21 12:30:00.000000 UTC,https://www.vetogate.com/5373246,مجلس الوزراء الإسرائيلي يجتمع للتصويت على إقالة المستشارة القضائية للحكومة الأحد,ISRAELI,CABINET,"Gaza, Israel (general), Israel",-5.83333333333333,26
2025-03-21 12:30:00.000000 UTC,http://www.elbrqnews.com/New-News/288735.html,وزير الدفاع الإسرائيلي يهدد حماس بضم أراضٍ جديدة في غزة,ISRAEL,MILITARY,"Gaza, Israel (general), Israel",-7.36842105263158,100
2025-03-21 12:30:00.000000 UTC,http://www.elbrqnews.com/New-News/288759.html,رئيس القومي للأمومة تكرم شريهان عثمان بطلة الأمومة بواقعة أسيوط تخليدا لذكراها,CAIRO,,"Cairo, Al Qahirah, Egypt",6.70289855072464,42
2025-03-21 13:00:00.000000 UTC,http://arabic.people.com.cn/n3/2025/0321/c31663-20292176.html,وزيرة خارجية ألمانيا تعلن إعادة فتح سفارة بلادها في دمشق,DAMASCUS,,"Damascus, Dimashq, Syria",0.39682539682539,54
2025-03-21 13:00:00.000000 UTC,http://www.elbrqnews.com/New-News/288821.html,وزير التعليم يكرم الطالبة رضوى من ذوي الهمم لتفوقها وتميزها بقراءة القرآن,EGYPT,,"Port Said, Bur Sa‘id, Egypt",8.97755610972572,51
2025-03-21 13:00:00.000000 UTC,http://www.elbrqnews.com/New-News/288825.html,وزير الإعلام السوداني: مصر لعبت دورًا بارزًا في دعم شعبنا خلال الأزمة,SUDAN,,Qatar,5.67375886524827,190
2025-03-21 13:00:00.000000 UTC,https://www.elfagr.org/5138830,"وزير قطاع الأعمال العام يجري زيارة ميدانية لشركة ""كيما"" للأسمدة بأسوان",WORKER,,Saudi Arabia,3.13588850174216,42
2025-03-21 13:00:00.000000 UTC,https://www.elfagr.org/5138829,وزير التعليم: الأم هي العنصر الرئيسي في تربية الأبناء ومواصلة مسيرتهم التعليمية بنجاح,MINIST,,"Port Said, Bur Sa‘id, Egypt",9.375,51
2025-03-21 13:30:00.000000 UTC,https://www.vetogate.com/5373285,أمانة الشئون البرلمانية لحزب الجبهة تناقش قانون الانتخابات وتقسيم الدوائر,,SECRETARIAT,Egypt,5.0,46
2025-03-21 13:30:00.000000 UTC,https://www.vetogate.com/5373315,بدء استجواب رئيس بلدية إسطنبول بشأن تهم الفساد,TURKEY,ISTANBUL,"Izmir, Izmir, Turkey",-8.20668693009116,141
2025-03-21 13:30:00.000000 UTC,https://arn.ps/post/291613.html,وزير الثقافة يؤكد أهمية دعم الشعراء الفلسطينيين وتعزيز إبداعاتهم,MINIST,PALESTINIAN,"Hebron, Israel (general), Israel",4.53074433656957,51
2025-03-21 13:45:00.000000 UTC,https://www.sayidaty.net/%D8%A8%D9%84%D8%B3/%D8%A3%D8%AE%D8%A8%D8%A7%D8%B1/1808581-%D8%B9%D9%8A%D8%AF-%D8%A7%D9%84%D8%A3%D9%85-2025,بشعار يتصدر صفحته الرئيسية.. جوجل يحتفل بيوم الأم,GOOGLE,,Egypt,5.8,51
2025-03-21 14:00:00.000000 UTC,https://www.emaratalyoum.com/local-section/other/2025-03-21-1.1930393,حمدان بن محمد يعتمد صرف مكافأة أداء للموظفين المدنيين في حكومة دبي,WORKER,,"Dubai, Dubayy, United Arab Emirates",9.39947780678851,50
2025-03-21 14:15:00.000000 UTC,https://www.kul-alarab.com/Article/1104231,نتنياهو يخرق اتفاقية التبادل ويصعّد سياسة قصف المدنيين,PALESTINIAN,SETTLEMENT,West Bank,-3.85259631490787,30
2025-03-21 14:30:00.000000 UTC,https://elaph.com/Web/News/2025/03/1563966.html,المحكمة العليا تجمد قرار إقالة رئيس الشاباك.. ورسالة نارية لنتانياهو,MALE,,"Jerusalem, Israel (general), Israel",-2.32858990944373,172
2025-03-21 14:45:00.000000 UTC,https://www.tayyar.org/News/Lebanon/657692/_guid=657692,بري المغتربون شركاء أساسيون في الانتخابات النيابية,ARMY,,Lebanon,1.40280561122244,80
2025-03-21 14:45:00.000000 UTC,https://alahalygate.com/archives/260267,"رئيس هيئة الدواء يبحث تعزيز التعاون والاستثمار مع شركتي الأدوية السعودية ""بدائل""و""البترجي"" - جريدة الأهالي المصرية",COMPANY,SAUDI ARABIA,Egypt,7.61421319796954,71
2025-03-21 14:45:00.000000 UTC,https://www.vetogate.com/5373334,حزب الشعب الجمهوري يعتزم ترشيح إمام أوغلو لانتخابات الرئاسة التركية,PROTESTER,TURKEY,"Izmir, Izmir, Turkey",-6.39269406392692,141
2025-03-21 14:45:00.000000 UTC,https://www.aljazeeramubasher.net/news/politics/2025/3/21/%D8%AD%D9%83%D9%88%D9%85%D8%A9-%D9%86%D8%AA%D9%86%D9%8A%D8%A7%D9%87%D9%88-%D8%AA%D9%82%D8%B1%D8%B1-%D8%A8%D8%A7%D9%84%D8%A5%D8%AC%D9%85%D8%A7%D8%B9-%D8%A5%D9%82%D8%A7%D9%84%D8%A9,إسرائيل.. المحكمة العليا تجمّد إقالة رئيس الشاباك وسط خلاف سياسي حاد,OPPOSITION PARTIES,ISRAEL,Israel,-6.49762282091917,110
2025-03-21 15:00:00.000000 UTC,http://www.elbrqnews.com/New-News/289061.html,وزير الدفاع اللبناني: الجيش حاضر في كل الاستحقاقات المعنية بالدفاع عن حدود البلاد,LEBANESE,LEBANON,"Bekaa, Béa, Lebanon",-0.34722222222222,12
2025-03-21 15:00:00.000000 UTC,https://www.nile.eg/%D8%A7%D9%84%D9%85%D8%AD%D9%83%D9%85%D8%A9-%D8%A7%D9%84%D8%B9%D9%84%D9%8A%D8%A7-%D9%81%D9%89-%D8%A5%D8%B3%D8%B1%D8%A7%D8%A6%D9%8A%D9%84-%D8%AA%D8%B5%D8%AF%D8%B1-%D8%A3%D9%85%D8%B1%D8%A7-%D8%A8%D8%AA,النيل – قناة مصر الإخبارية | المحكمة العليا فى إسرائيل تصدر أمرا بتجميد قرار إقالة رئيس الشاباك,ISRAELI,,Israel,-2.0,20
2025-03-21 15:15:00.000000 UTC,http://www.elbrqnews.com/New-News/289087.html,أمير قطر والرئيس الروسي يبحثان المستجدات الاقليمية والدولية,PRISONER,,"Gaza, Israel (general), Israel",-4.34782608695652,841
2025-03-21 15:15:00.000000 UTC,http://www.elbrqnews.com/New-News/289113.html,رأي.. إردام أوزان يكتب عن المفارقة الجيوسياسية في سوريا: لماذا تعارض إسرائيل وإيران حكومة الشرع؟ - الأول نيوز,GOVERNMENT,,Israel,-5.00532481363152,50
2025-03-21 15:15:00.000000 UTC,https://qudspress.com/187134/,هل ستقدم حكومة نتنياهو بالفعل على حل السلطة الفلسطينية؟ - وكالة قدس برس للأنباء,PALESTINIAN,GOVERNMENT,"Hebron, Israel (general), Israel",-2.38611713665944,46
2025-03-21 15:30:00.000000 UTC,https://www.kuna.net.kw/ArticleDetails.aspx?id=3223456&Language=ar,كونا : سمو ولي العهد يهنئ رئيسة ناميبيا بذكرى الاستقلال لبلادها - عام,CROWN PRINCE,NAMIBIA,Kuwait,19.672131147541,51
2025-03-21 15:30:00.000000 UTC,https://www.kuna.net.kw/ArticleDetails.aspx?id=3223455&Language=ar,كونا : سمو رئيس مجلس الوزراء يهنئ رئيسة ناميبيا بذكرى الاستقلال لبلادها - عام,CABINET,ABDULLAH,Kuwait,5.76923076923077,43
2025-03-21 15:30:00.000000 UTC,https://www.kuna.net.kw/ArticleDetails.aspx?id=3223466&Language=ar,كونا : أمير قطر يبحث مع الرئيس الروسي المستجدات الإقليمية والدولية - الشؤون السياسية,RUSSIAN,QATAR,"Doha, Ad Daw?ah, Qatar",1.0752688172043,41
2025-03-21 15:30:00.000000 UTC,https://www.bawabatii.com/news323989.html,هل تستغل الحكومة الضربات الأميركية للقضاء على الحوثيين؟,,IRAN,Yemen,-5.58659217877095,51
2025-03-21 15:30:00.000000 UTC,https://www.vetogate.com/5373375,المستشارة القضائية للحكومة الإسرائيلية تدعم قرار المحكمة العليا بتجميد إقالة رئيس الشاباك,CHANCELLOR,ISRAELI,Israel,-4.08163265306122,51
2025-03-21 15:45:00.000000 UTC,https://www.aljazeera.net/politics/2025/3/21/%D9%85%D8%AD%D9%84%D9%84%D9%88%D9%86-%D8%A5%D9%82%D8%A7%D9%84%D8%A9-%D8%B1%D8%A6%D9%8A%D8%B3-%D8%A7%D9%84%D8%B4%D8%A7%D8%A8%D8%A7%D9%83-%D8%AA%D8%AD%D9%88%D9%84,دوافع نتنياهو الحقيقية من إصراره على إقالة رئيس الشاباك,,ISRAEL,"University Of Haifa, H_efa, Israel",-3.35954253037885,20
2025-03-21 15:45:00.000000 UTC,https://www.aljazeera.net/news/2025/3/21/%D8%B9%D8%A7%D8%AC%D9%84-%D8%A7%D9%84%D8%AF%D9%8A%D9%88%D8%A7%D9%86-%D8%A7%D9%84%D8%A3%D9%85%D9%8A%D8%B1%D9%8A-%D8%A3%D9%85%D9%8A%D8%B1-%D9%82%D8%B7%D8%B1-%D8%AA%D9%84%D9%82%D9%89,الكرملين: الرئيس بوتين وأمير قطر مستعدان للعمل لخفض التصعيد بغزة,QATAR,GAZA,"Doha, Ad Daw?ah, Qatar",0.0,13
2025-03-21 15:45:00.000000 UTC,http://www.elbrqnews.com/New-News/289167.html,“حكومة غزة” تطالب العرب بطرد سفراء “إسرائيل” لوقف “المذبحة الإنسانية”,AMBASSADOR,,"Gaza, Israel (general), Israel",-3.19148936170212,131
2025-03-21 16:00:00.000000 UTC,https://www.almontasaf.net/news118261.html,حزب الشعب الجمهوري يعتزم ترشيح إمام أوغلو لانتخابات الرئاسة | المنتصف نت,PROTESTER,TURKEY,"Izmir, Izmir, Turkey",-4.41767068273093,141
2025-03-21 16:15:00.000000 UTC,https://www.albawabhnews.com/5172722,نائبة في البرلمان الأوروبي تطالب بتكثيف الضغوط الدولية على إسرائيل لإجبارها على وقف العدوان,RELIEF INTERNATIONAL,,Israel,-5.11884708965001,51
2025-03-21 16:15:00.000000 UTC,https://we.mansheet.net/117549/%D8%A3%D8%AE%D8%A8%D8%A7%D8%B1-%D9%85%D8%B5%D8%B1-%D8%B1%D8%A6%D9%8A%D8%B3-%D8%AC%D8%A7%D9%85%D8%B9%D8%A9-%D8%A7%D9%84%D9%82%D8%A7%D9%87%D8%B1%D8%A9-%D9%8A%D8%AA%D9%81%D9%82%D8%AF-%D8%A7%D9%84%D8%AA/,أخبار مصر | رئيس جامعة القاهرة يتفقد التوسعات الجديدة بمستشفى الثدي بالتجمع – جريدة مانشيت,CAIRO,HOSPITAL,"Cairo University, Al Jizah, Egypt",0.61349693251534,90
2025-03-21 16:15:00.000000 UTC,http://www.elbrqnews.com/New-News/289204.html,السفير المصرى فى أبوجا يلتقى مع وزير الطاقة النيجيرى,ABUJA,EGYPT,"Wizarat Al Kahraba, Al Qahirah, Egypt",7.98722044728434,43
2025-03-21 16:15:00.000000 UTC,http://www.elbrqnews.com/New-News/289171.html,وزير الدفاع الإسرائيلي: سنواصل الاستيلاء على المزيد من أراضي غزة بشكل دائم لحين الإفراج عن الرهائن - الأول نيوز,ISRAELI,HAMAS,"Gaza, Israel (general), Israel",-8.64197530864197,841
2025-03-21 16:30:00.000000 UTC,https://stepagency-sy.net/2025/03/21/%D8%A8%D8%A7%D9%84%D9%81%D9%8A%D8%AF%D9%8A%D9%88-%D9%85%D8%B9-%D8%A7%D8%AD%D8%AA%D9%81%D8%A7%D9%84%D8%A7%D8%AA-%D8%B9%D9%8A%D8%AF-%D8%A7%D9%84%D9%86%D9%8A%D8%B1%D9%88%D8%B2-%D9%85%D9%88%D8%A7/,"بالفيديو| مع احتفالات عيد النيروز.. مواطن من أكراد سوريا يوجه ""رسالة"" للحكومة | وكالة ستيب نيوز",UNIVERSITY,,Syria,5.63674321503132,10
2025-03-21 17:00:00.000000 UTC,https://www.azzaman.com/%D8%A7%D9%84%D9%85%D8%AD%D9%83%D9%85%D8%A9-%D8%A7%D9%84%D8%B9%D9%84%D9%8A%D8%A7-%D9%81%D9%8A-%D8%A5%D8%B3%D8%B1%D8%A7%D8%A6%D9%8A%D9%84-%D8%AA%D8%B9%D9%84%D9%91%D9%82-%D9%82%D8%B1%D8%A7%D8%B1-%D8%A5/,المحكمة العليا في إسرائيل تعلّق قرار إقالة رئيس الشاباك,ARMY,GAZA,"Gaza, Israel (general), Israel",-4.91803278688524,26
2025-03-21 17:00:00.000000 UTC,https://www.nna-leb.gov.lb/ar/%D8%B3%D9%8A%D8%A7%D8%B3%D8%A9/767396,"الوكالة الوطنية للإعلام - نقابة خبراء المحاسبة أطلقت ""شاهدة التدقيق الجنائي"" وزير العدل: الورشة الإصلاحية لا تعني أن الموجود عاطل عبود: محاربة الفساد لا تتحقق بالشعارات الموسمية",LEBANON,,Lebanon,-0.783049286043299,57
2025-03-21 17:00:00.000000 UTC,https://bokra.net/Article-1565870,وزير الدفاع اللبناني: الجيش حاضر في كل الاستحقاقات المعنية بالدفاع عن حدود البلاد,ARMY,,"Bekaa, Béa, Lebanon",-0.41666666666667,12
2025-03-21 17:00:00.000000 UTC,http://www.elbrqnews.com/New-News/289244.html,رئيس لبنان يوجه القادة الأمنيين بالمحافظة على الأمن في البلاد,,LEBANON,"Baabda, Mont-Liban, Lebanon",-0.23255813953489,43
2025-03-21 17:00:00.000000 UTC,http://www.elbrqnews.com/New-News/289251.html,تحركات رئيس الوزراء لمتابعة الموقف التنفيذي لعدد من الملفات والمشروعات هذا الأسبوع,GOVERNMENT,,"Gulf Of Suez, Janub Sina', Egypt",2.0427112349118,50
2025-03-21 17:00:00.000000 UTC,https://www.nna-leb.gov.lb/ar/%D8%B3%D9%8A%D8%A7%D8%B3%D8%A9/767385,"الوكالة الوطنية للإعلام - ""التجمع الانمائي المستقل"" انتقد تصريحات وزير الخارجية: الشعب اللبناني يدفع الثمن وسنبقى نضحي من أجل السيادة",ARMY,LEBANON,Lebanon,-4.72972972972973,874
2025-03-21 17:15:00.000000 UTC,https://palinfo.com/news/2025/03/21/944374/,الهستدروت تلوح بالاحتجاج ضد حكومة نتنياهو,,GOVERNMENT,"Tel Aviv, Tel Aviv, Israel",-3.46534653465347,141
2025-03-21 17:15:00.000000 UTC,http://www.elbrqnews.com/New-News/289276.html,نائبة بالبرلمان الأوروبي: نرفض التهجير القسري للفلسطينيين من أرضهم,EUROPEAN UNION,ISRAEL,"Gaza, Israel (general), Israel",-4.48877805486284,20
2025-03-21 17:30:00.000000 UTC,http://www.elbrqnews.com/New-News/289288.html,رئيسة مولدوفا تتسلم أوراق اعتماد سفير سلطنة عُمان,MOLDOVA,OMAN,Oman,16.4179104477612,43
2025-03-21 18:00:00.000000 UTC,http://www.elbrqnews.com/New-News/289307.html,نائبة في البرلمان الأوروبي: تهجير الفلسطينيين أمر غير مقبول لإسبانيا,SPAIN,WEST BANK,Israel,-3.971119133574,12
2025-03-21 18:15:00.000000 UTC,https://www.3yonnews.com/1938266,وزير الدفاع اللبناني: متابعة المفاوضات مع الجانب السوري لتثبيت التهدئة,ARMY,,"Cairo, Al Qahirah, Egypt",-1.53846153846154,12
2025-03-21 18:15:00.000000 UTC,https://alwasat.ly/news/arabic/470999,سفيرة دولة فلسطين تقدم أوراق اعتمادها لرئيسة المكسيك,AMBASSADOR,,Israel,7.57575757575757,51
2025-03-21 18:15:00.000000 UTC,https://www.3yonnews.com/1938268,"رئيس وزراء بلجيكا: مصادرة الأصول الروسية ستكون ""عملاً من أعمال الحرب""",,RUSSIA,Saudi Arabia,-1.69491525423729,40
2025-03-21 19:00:00.000000 UTC,https://www.albawabhnews.com/5172774,جيش الاحتلال يزعم اغتيال رئيس المخابرات العسكرية لحماس بجنوب غزة,ARMY,MILITARY INTELLIGENCE,"Gaza, Israel (general), Israel",-10.6382978723404,42
2025-03-21 19:00:00.000000 UTC,https://www.dostor.org/5008380,رسالة شكر للرئيس السيسي في حفل الإفطار السنوي للطريقة الشبراوية (تفاصيل),SUFI,EGYPT,Egypt,6.93877551020408,51
2025-03-21 19:15:00.000000 UTC,https://almasdaronline.com/articles/313648,رئيس حلف قبائل حضرموت يلتقي وزير الدفاع السعودي الأمير خالد بن سلمان,YEMEN,,"Hadramaut, ?a?ramawt, Yemen",0.344827586206899,111
2025-03-21 19:15:00.000000 UTC,https://www.bawabatii.com/news324012.html,إغلاق مكاتب الحوثيين في بغداد والحكومة اليمنية توجه دعوة هامة لـ العراق,IRAQ,,"Diyala, DiyaláZ, Iraq",-2.39361702127659,120
2025-03-21 19:15:00.000000 UTC,https://almasdaronline.com/articles/313652,"عضو يشكو إزالته من المجموعة.. البرلمان اليمني يتلاشى من الواقع بعد أن تحول إلى مجموعة ""واتس أب"" وكشف مستحقات",JUDGE,,Yemen,-4.43213296398892,10
2025-03-21 19:15:00.000000 UTC,http://www.elbrqnews.com/New-News/289431.html,رئيس وزراء لبنان: شعار «شعب.. جيش.. مقاومة» أصبح من الماضي,,BUSINESS,Lebanon,-0.6514657980456,42
2025-03-21 19:45:00.000000 UTC,https://www.shorouknews.com/news/view.aspx?cdate=21032025&id=9eeeca9c-c849-431f-87fe-aa607468293e,الولايات المتحدة تدعو لتشكيل حكومة مدنية في سوريا وتلمح لإقرار إعفاءات أمريكية موجهة لدمشق قريبا,MINISTRY,,"Qasr Ash Shab, Dimashq, Syria",-0.60975609756098,90
2025-03-21 20:00:00.000000 UTC,http://www.elbrqnews.com/New-News/289572.html,سفير تونس: زيارة الرئيس قيس سعيد لمصر في 2021 تاريخية,EGYPT,PRESIDENT,"Arab League, Al Qahirah, Egypt",3.03030303030303,42
2025-03-21 20:00:00.000000 UTC,https://www.vetogate.com/5373492,واشنطن تدعو لتشكيل حكومة شاملة يقودها المدنيون في سوريا,WASHINGTON,SYRIAN,"Qasr Ash Shab, Dimashq, Syria",-1.58730158730159,90
2025-03-21 20:15:00.000000 UTC,http://www.elbrqnews.com/New-News/289598.html,مجلس السفراء العرب في لندن يستضيف وزير شؤون الشرق الأوسط وشمال أفريقيا بوزارة الخارجية,KING,,Gaza Strip,8.13559322033898,42
2025-03-21 20:15:00.000000 UTC,https://www.swissinfo.ch/ara/%D9%88%D8%B2%D9%8A%D8%B1-%D8%A5%D8%B3%D8%B1%D8%A7%D8%A6%D9%8A%D9%84%D9%8A-%D9%8A%D9%87%D8%AF%D8%AF-%D8%A8%D8%B6%D9%85-%D9%85%D8%B3%D8%A7%D8%AD%D8%A7%D8%AA-%D9%85%D9%86-%D9%82%D8%B7%D8%A7%D8%B9-%D8%BA%D8%B2%D8%A9/89043213,وزير إسرائيلي يهدد بضم مساحات من قطاع غزة,MINIST,HAMAS,"Gaza, Israel (general), Israel",-8.17941952506596,841
2025-03-21 20:15:00.000000 UTC,https://www.saidaonline.com/301406,الهيئة التنفيذية لرابطة الأساتذة المتفرغين في الجامعة اللبنانية رفضت استقالة رئيس الهيئة انطوان شربل | صيدا اون لاين,PROFESSOR,LEBANON,Lebanon,-3.33333333333334,120
2025-03-21 20:45:00.000000 UTC,https://www.elwatannews.com/news/details/8057338,جيش الاحتلال يزعم اغتيال رئيس المخابرات العسكرية لحركة حماس - الوطن,ISRAELI,GAZA,"Gaza, Israel (general), Israel",-6.75675675675676,190
2025-03-21 21:45:00.000000 UTC,https://www.albiladpress.com/news/2025/6003/arab-and-world/908032.html,إسرائيل تعلن اغتيال رئيس المخابرات العسكرية في حماس,HAMAS,ISRAEL,Israel,-4.83870967741936,186
2025-03-21 21:45:00.000000 UTC,http://www.elbrqnews.com/New-News/289760.html,المتحدث العسكري الأسبق: الرئيس السيسي كسر جميع الخطوط الحمراء مع الغرب,TERRORIST,,"Rafah, Shamal Sina', Egypt",-4.73684210526316,51
2025-03-21 22:00:00.000000 UTC,http://www.elbrqnews.com/New-News/289780.html,خبير قانون دولي: المحكمة العليا في إسرائيل تجمد قرار الحكومة بعزل رئيس الشاباك,ISRAEL,POLITICIAN,Israel,-9.09090909090909,111
2025-03-21 22:15:00.000000 UTC,https://www.aljazeera.net/news/2025/3/21/%D8%B9%D8%A7%D8%AC%D9%84-%D8%A7%D9%84%D8%AE%D8%A7%D8%B1%D8%AC%D9%8A%D8%A9-%D8%A7%D9%84%D8%A3%D9%85%D9%8A%D8%B1%D9%83%D9%8A%D8%A9-%D9%87%D9%86%D8%A7%D9%83-%D8%AA%D9%88%D9%82%D8%B9%D8%A7%D8%AA,"واشنطن تتابع ""سلوك"" الحكومة في سوريا وتتوقع رفع عقوبات",GOVERNMENT,SYRIAN,Syria,-3.46020761245675,20
2025-03-21 22:30:00.000000 UTC,https://www.bawabatii.com/news324019.html,كشف تفاصيل لقاء رئيس حلف قبائل حضرموت بوزير الدفاع السعودي بن سلمان,NATO,YEMEN,"Hadramaut, ?a?ramawt, Yemen",0.66666666666666,161
2025-03-21 22:30:00.000000 UTC,https://www.shorouknews.com/columns/view.aspx?cdate=21032025&id=89d06989-77ed-4fe9-8ba3-dd7f2a15a5f0,أيها الأحزاب: هل سمعتم بالانتخابات؟! - عماد الدين حسين,HOUSE OF REPRESENTATIVES,,Egypt,-0.3062787136294,130
2025-03-21 23:00:00.000000 UTC,http://www.elbrqnews.com/New-News/289881.html,"عضو بالحزب الجمهورى: إعادة تعيين ""بن جفير"" بحكومة الاحتلال تخدم مصالح نتنياهو",GOVERNMENT,,"Cairo, Al Qahirah, Egypt",-1.69491525423729,23
2025-03-21 23:15:00.000000 UTC,https://www.kuna.net.kw/ArticleDetails.aspx?id=3223501&language=ar,كونا : وزير الخارجية يجري اتصالا هاتفيا مع نظيره الكوستاريكي - الشؤون السياسية,FOREIGN MINISTER ABDULLAH,KUWAIT,Kuwait,1.51515151515152,41
2025-03-21 23:30:00.000000 UTC,https://www.26sep.net/index.php/local/100314-2025-03-21-20-15-42,حكومة المرتزقة تشرعن للإمارات احتلال جزيرة عبدالكوري,GOVERNMENT,,Yemen,-2.33463035019456,51
2025-03-21 23:30:00.000000 UTC,https://kitabat.com/news/%D9%85%D8%B9-%D9%85%D8%B3%D8%B1%D9%88%D8%B1-%D8%A8%D8%A7%D8%B1%D8%B2%D8%A7%D9%86%D9%8A-%D9%88%D8%A7%D9%84%D8%AA%D8%B2-%D9%8A%D8%A8%D8%AD%D8%AB-%D8%AA%D8%B4%D9%83%D9%8A%D9%84-%D8%AD%D9%83%D9%88/,"مع مسرور بارزاني .. ""والتز"" يبحث تشكيل حكومة الإقليم واستئناف تصدير نفط كُردستان – كتابات",,KURDISTAN,Iraq,1.45985401459854,61
2025-03-21 23:30:00.000000 UTC,https://www.raya.ps/articles/1191827.html,انتهاك حكومة الاحتلال لوقف إطلاق النار,PALESTINIAN,REFUGEE,"Jerusalem, Israel (general), Israel",-8.33333333333337,190
2025-03-21 23:45:00.000000 UTC,https://almasdaronline.com/articles/313657,صحيفة: الحوثيون يخلون مقراً رئيسياً في بغداد تنفيذًا لتوجيهات إيرانية ونصيحة عراقية,,YEMEN,"Baghdad, Baghdad, Iraq",-3.80952380952381,195
2025-03-22 00:00:00.000000 UTC,https://www.elkhabar.com/press/article/258502/%D8%B1%D8%A6%D9%8A%D8%B3-%D8%A7%D9%84%D8%B4%D8%A8%D8%A7%D9%83-%D8%A7%D9%84%D9%85%D9%82%D8%A7%D9%84-%D9%8A%D9%86%D8%B5%D9%81-%D8%AD%D9%85%D8%A7%D8%B3/,"رئيس الشباك المقال ينصف ""حماس""",PRISONER,ISRAELI,"Gaza, Israel (general), Israel",-9.60365853658539,841
2025-03-22 00:30:00.000000 UTC,https://26sep.net/index.php/local/100314-2025-03-21-20-15-42,حكومة المرتزقة تشرعن للإمارات احتلال جزيرة عبدالكوري,GOVERNMENT,,Yemen,-2.33463035019456,51
2025-03-22 01:00:00.000000 UTC,https://www.shorouknews.com/news/view.aspx?cdate=22032025&id=d78b4cc2-27e8-4c99-be82-41cc6cafb425,وزير الدفاع الإسرائيلي يهدد بضم مساحات من قطاع غزة,HAMAS,ISRAEL,"Gaza, Israel (general), Israel",-6.2992125984252,120
2025-03-22 02:00:00.000000 UTC,https://www.kuna.net.kw/ArticleDetails.aspx?id=3223512&language=ar,كونا : كردستان العراق والولايات المتحدة يؤكدان أهمية الاسراع بتشكيل حكومة الاقليم - الشؤون السياسية,,GOVERNMENT,"Erbil, Liwa' Irbil, Iraq",3.20855614973262,41
2025-03-22 02:00:00.000000 UTC,https://www.kuna.net.kw/ArticleDetails.aspx?id=3223514,كونا : وزير الأوقاف: نجاح تنظيم الصلوات والفعاليات في ليالي رمضان المباركة - الديانات,MINISTRY,ISLAMIC,"Hawalli, Kuwait (general), Kuwait",4.5662100456621,20
2025-03-22 02:30:00.000000 UTC,https://www.azzaman.com/%D9%88%D8%B2%D9%8A%D8%B1-%D8%A5%D8%B3%D8%B1%D8%A7%D8%A6%D9%8A%D9%84%D9%8A-%D9%8A%D9%87%D8%AF%D8%AF-%D8%A8%D8%B6%D9%85-%D9%85%D8%B3%D8%A7%D8%AD%D8%A7%D8%AA-%D9%85%D9%86-%D9%82%D8%B7%D8%A7%D8%B9-%D8%BA/,وزير إسرائيلي يهدد بضم مساحات من قطاع غزة,MINIST,HAMAS,"Gaza, Israel (general), Israel",-8.11170212765957,841
2025-03-22 03:00:00.000000 UTC,https://www.dostor.org/5008614,برلمانية: تعجيل صرف حزمة الحماية الاجتماعية الجديدة رسالة طمأنة من الرئيس للموطنين,ACTOR,TRADER,Egypt,-1.01694915254238,12
2025-03-22 03:15:00.000000 UTC,https://www.emaratalyoum.com/local-section/other/2025-03-22-1.1930586,حمدان بن محمد يعتمد صرف مكافأة أداء للموظفين المدنيين في حكومة دبي,WORKER,,"Dubai, Dubayy, United Arab Emirates",10.1587301587302,50
2025-03-22 03:30:00.000000 UTC,https://www.albayan.ae/news/middle-east/palestine/34702,إسرائيل.. المحكمة العليا تعلّق قرار إقالة رئيس الشاباك,ARMY,GAZA,"Gaza, Israel (general), Israel",-4.84581497797357,10
2025-03-22 04:00:00.000000 UTC,https://www.dostor.org/5008647,نائب رئيس النواب الأردنى: قمة القاهرة شكلت موقفا عربيا موحدا لإنهاء الصراع,PRESIDENT,PALESTINIAN,Jordan,-1.36363636363637,10
2025-03-22 04:00:00.000000 UTC,https://jo24.net/article/527319,"رئيس ""الشاباك"" الأسبق: نتنياهو طلب إليّ تنفيذ أعمال غير مشروعة #عاجل",,ISRAEL,Israel,-8.82352941176467,130
2025-03-22 08:00:00.000000 UTC,https://www.shorouknews.com/news/view.aspx?cdate=22032025&id=77fcbc93-8233-4319-a55c-945a80ad9ad5,متظاهرون يطالبون بإقالة الحكومة التركية وأردوغان يتعهد بإجراءات صارمة,TURKISH,TURKEY,"Istanbul, Istanbul, Turkey",-7.30897009966774,111
2025-03-22 08:00:00.000000 UTC,https://www.dostor.org/5008717,الاحتلال: الحكومة اللبنانية تتحمل مسؤولية الهجمات الصاروخية من أراضيها,LEBANON,,Israel,-5.8974358974359,43
2025-03-22 08:00:00.000000 UTC,https://www.dostor.org/5008725,رئيس مستوطنة المطلة: لم يعد سوى 10% من السكان منذ إعلان وقف إطلاق النار,GOVERNMENT,CITIZEN,"Cairo, Al Qahirah, Egypt",-7.21649484536082,72
2025-03-22 08:15:00.000000 UTC,https://www.elfagr.org/5138968,تفاصيل اجتماع أمانة الشؤون البرلمانية لحزب الجبهة لمناقشة قانون الانتخابات وتقسيم الدوائر,,SECRETARIAT,Egypt,4.42804428044281,46
2025-03-22 08:45:00.000000 UTC,https://www.vetogate.com/5373674,رئيس جامعة القاهرة يكرم الفريق الفائز بأفضل مشروع لتحسين تجربة المرضى,CAIRO,EGYPT,"Cairo University, Al Jizah, Egypt",7.96178343949043,51
2025-03-22 08:45:00.000000 UTC,https://www.vetogate.com/5373705,"وزير الإسكان: الانتهاء من إرسال رسائل نصية بموقف المتقدمين ضمن ""سكن لكل المصريين 5""",CITIZEN,,Egypt,0.20263424518743,40
2025-03-22 08:45:00.000000 UTC,https://alresalah.ps/post/301737/%D9%88%D8%B2%D9%8A%D8%B1-%D8%A7%D9%84%D8%AC%D9%8A%D8%B4-%D8%A7%D9%84%D8%A5%D8%B3%D8%B1%D8%A7%D8%A6%D9%8A%D9%84%D9%8A-%D8%A7%D9%84%D9%85%D8%B7%D9%84%D8%A9-%D9%85%D9%82%D8%A7%D8%A8%D9%84-%D8%A8%D9%8A%D8%B1%D9%88%D8%AA,وزير الجيش (الإسرائيلي): المطلة مقابل بيروت,MAYOR,ISRAEL,Israel,-7.95189003436429,72
2025-03-22 08:45:00.000000 UTC,https://www.kul-alarab.com/Article/1104266,"بعد استهداف المطلة| وزير الجيش ""يسرائيل كاتس"" يُحمّل الحكومة اللّبنانية مسؤولية إطلاق النار ويتوعّد برد باتجاه العاصمة بيروت",LEBANON,ISRAELI,Israel,-0.70921985815603,120
2025-03-22 09:00:00.000000 UTC,http://www.elbrqnews.com/New-News/290137.html,رئيس الوزراء يستعرض نماذج لاستجابة الوزارات والمحافظات والجهات الحكومية المختصة لشكاوى المواطنين,MINISTRY,DOCTOR,"Minya Al Qamh, Ash Sharqiyah, Egypt",-4.10539215686274,10
2025-03-22 09:00:00.000000 UTC,https://www.dostor.org/5008705,وزير دفاع الاحتلال يهدد بضم أجزاء من غزة.. فما القصة؟,JERUSALEM,,"Jerusalem, Israel (general), Israel",-7.18232044198895,141
2025-03-22 09:00:00.000000 UTC,http://www.elbrqnews.com/New-News/290138.html,وزيرة التضامن الاجتماعي تترأس اجتماع مجلس إدارة الهلال الأحمر المصري,WORKER,EGYPTIAN,Egypt,2.82776349614396,40
2025-03-22 09:00:00.000000 UTC,http://www.elbrqnews.com/New-News/290117.html,وزير الدفاع الإسرائيلي: سنرد على إطلاق الصواريخ من لبنان,GALILEE,LEBANON,"Cairo, Al Qahirah, Egypt",-3.80952380952381,130
2025-03-22 09:15:00.000000 UTC,https://www.nile.eg/%D8%B1%D8%A6%D9%8A%D8%B3-%D8%A7%D9%84%D9%88%D8%B2%D8%B1%D8%A7%D8%A1-%D8%A7%D9%84%D9%84%D8%A8%D9%86%D8%A7%D9%86%D9%89-%D9%8A%D8%AD%D8%B0%D8%B1-%D9%85%D9%86-%D8%AE%D8%B7%D8%B1-%D8%AA%D8%AC%D8%AF%D8%AF,النيل – قناة مصر الإخبارية | رئيس الوزراء اللبنانى يحذر من خطر تجدد العمليات العسكرية على الحدود الجنوبية,UNITED NATIONS,ISRAEL,Israel,-8.98876404494384,20
2025-03-22 09:15:00.000000 UTC,https://www.dostor.org/5008761,الحكومة اللبنانية تطالب الأمم المتحدة بالضغط على إسرائيل للإنسحاب الكامل من أراضيها,LEBANESE,SETTLEMENT,Lebanon,-6.89655172413793,194
2025-03-22 09:15:00.000000 UTC,https://alahalygate.com/archives/260340,"""عاشور "": الجامعات الأهلية أصبحت داعمًا رئيسيًا لمنظومة التعليم العالي في مصر - جريدة الأهالي المصرية",STUDENT,,"Zagazig, Ash Sharqiyah, Egypt",4.6908315565032,20
2025-03-22 09:30:00.000000 UTC,https://www.shorouknews.com/news/view.aspx?cdate=22032025&id=28510192-ecb0-467a-9083-33086d267132,رئيس الحكومة اللبنانية يحذر من مخاطر تجدد العمليات العسكرية على الحدود الجنوبية,LEBANESE,MILITARY,Israel,-5.97609561752988,12
2025-03-22 09:45:00.000000 UTC,https://www.shorouknews.com/news/view.aspx?cdate=22032025&id=c8bd585b-0bbf-4a07-99b1-96210e90c4cb,رئيس الوزراء يستعرض نماذج لاستجابة الجهات الحكومية لشكاوى وبلاغات المواطنين,MINISTRY,DOCTOR,"Minya, Al Minya, Egypt",-4.21478060046189,10
2025-03-22 10:00:00.000000 UTC,https://www.lebanondebate.com/news/690362,"رئيس الأركان الإسرائيلي يتوعّد لبنان: سنردّ بـ""قوّة""",LEBANESE,ISRAEL,Israel,-3.17460317460317,194
2025-03-22 10:15:00.000000 UTC,https://www.dostor.org/5008863,رئيس الوزراء: نهدف لتعزيز مستوى الثقة بين الحكومة والمواطن,CITIZEN,EGYPT,"Minya, Al Minya, Egypt",-4.16666666666667,84
2025-03-22 10:15:00.000000 UTC,https://www.shorouknews.com/news/view.aspx?cdate=22032025&id=878a2f09-e9d3-407f-b8f2-0327dc4e9bb3,رئيس جامعة القاهرة يكرم الفريق الطبي بمستشفى أورام الثدي الفائز بالجائزة الذهبية,EGYPT,HOSPITAL,"Cairo University, Al Jizah, Egypt",7.986640103129,51
2025-03-22 10:15:00.000000 UTC,http://www.elbrqnews.com/New-News/290222.html,رئيس جامعة القاهرة يكرم الفريق الطبي بمستشفى أورام الثدي لهذا السبب,CAIRO,HOSPITAL,"Cairo University, Al Jizah, Egypt",7.277628032345,42
2025-03-22 10:30:00.000000 UTC,https://alahalygate.com/archives/260423,وزير قطاع الأعمال: مشروعات توسعية لدعم الصناعة الوطنية وزيادة الإنتاج وتعزيز الصادرات - جريدة الأهالي المصرية,WORKER,SAUDI ARABIA,Saudi Arabia,3.39285714285714,43
2025-03-22 10:30:00.000000 UTC,https://www.shorouknews.com/news/view.aspx?cdate=22032025&id=61f05ddd-8062-4a9d-bb8c-3d69c227458e,الرئيس اللبناني يطلب من الجيش التحقيق في إطلاق صواريخ من الجنوب تجاه إسرائيل,LEBANON,LEBANESE,Lebanon,-4.18118466898955,12
2025-03-22 10:30:00.000000 UTC,https://alahalygate.com/archives/260421,وزير قطاع الأعمال: العاملون عنصر أساسي في نجاح منظومة الإنتاج والتطوير - جريدة الأهالي المصرية,WORKER,MINIST,Egypt,6.83060109289618,40
2025-03-22 10:45:00.000000 UTC,https://assabeel.net/21211,الرئيس اللبناني: الاعتداءات الإسرائيلية على الجنوب محاولة استدراج للعنف - السبيل,UNITED NATIONS,LEBANESE,Israel,-6.57276995305164,256
2025-03-22 10:45:00.000000 UTC,https://www.dostor.org/5008891,الرئيس اللبناني: ما يحدث في الجنوب يشكل اعتداء متماديا على لبنان,LEBANESE,PRESIDENT,Lebanon,-9.4339622641509,12
2025-03-22 11:00:00.000000 UTC,http://www.elbrqnews.com/New-News/290303.html,رئيس الإدارة المركزية للتعليم العام تتابع برنامج تنمية مهارات القراءة والكتابة,MINISTRY,,"Ismailia, Al Isma‘iliyah, Egypt",6.66666666666667,42
2025-03-22 11:00:00.000000 UTC,https://www.shorouknews.com/news/view.aspx?cdate=22032025&id=e643a6a3-739b-422d-a0b2-d46fd2d5d1a2,الرئيس اللبناني يدين محاولات استدراج لبنان إلى دوامة العنف,LEBANESE,CITIZEN,Lebanon,-5.6,20
2025-03-22 11:00:00.000000 UTC,https://www.dostor.org/5008892,"""القاهرة الإخبارية"": الرئيس اللبنانى يدين محاولات استدراج لبنان لدوامة العنف",LEBANESE,LEBANON,"Cairo, Al Qahirah, Egypt",-4.34782608695652,12
2025-03-22 11:00:00.000000 UTC,http://www.elbrqnews.com/New-News/290314.html,رئيس الحكومة اللبنانية يحذر من خطورة تجدد العمليات العسكرية على الحدود الجنوبية,MILITARY,,Lebanon,-8.54700854700855,138
2025-03-22 11:00:00.000000 UTC,https://www.vetogate.com/5373797,وزير الصحة يترأس اجتماعًا لدراسة فرص زيادة الاستثمارات العالمية في السوق المصري,EGYPTIAN,MINIST,"Wizarat Al Istithmar, Al Qahirah, Egypt",3.25203252032521,40
2025-03-22 11:15:00.000000 UTC,https://www.nile.eg/%D8%A7%D9%84%D9%85%D8%B4%D8%A7%D8%B7-%D8%AA%D8%A8%D8%AD%D8%AB-%D9%85%D8%B9-%D8%B1%D8%A6%D9%8A%D8%B3-%D8%AC%D9%87%D8%A7%D8%B2-%D8%A7%D9%84%D9%85%D9%84%D9%83%D9%8A%D8%A9-%D8%A7%D9%84%D9%81%D9%83%D8%B1,النيل – قناة مصر الإخبارية | المشاط تبحث مع رئيس جهاز الملكية الفكرية سبل دعم الاستراتيجية الوطنية للملكية الفكرية,EGYPTIAN,,Egypt,6.94444444444445,40
2025-03-22 11:15:00.000000 UTC,http://www.elbrqnews.com/New-News/290393.html,الرئيس اللبناني يحذر من تدهور الوضع الأمني,ISRAELI,LEBANESE,Israel,-4.98533724340176,10
2025-03-22 11:30:00.000000 UTC,https://kuwaitnews.com/103542/,رئيس الوزراء اللبناني يحذر من مخاطر حرب جديدة مع الاحتلال,LEBANESE,LEBANON,Lebanon,-10.4166666666667,138
2025-03-22 11:30:00.000000 UTC,https://www.shorouknews.com/news/view.aspx?cdate=22032025&id=ade91f8d-b7fd-4e7f-90dc-e87bb86d3468,وزير الزراعة ورئيس مستقبل مصر يتفقدان مشروع استصلاح 650 ألف فدان بشرق العوينات لتعزيز الأمن الغذائي,PRESIDENT,EGYPT,"Wizarat Az Ziraah, Al Jizah, Egypt",1.52905198776758,90
2025-03-22 11:30:00.000000 UTC,https://www.aljazeera.net/news/2025/3/22/%D8%A7%D8%B9%D8%AA%D9%82%D8%A7%D9%84-%D8%A7%D9%84%D9%85%D8%A6%D8%A7%D8%AA-%D9%85%D8%B9-%D8%A7%D8%B3%D8%AA%D9%85%D8%B1%D8%A7%D8%B1-%D8%A7%D9%84%D8%A7%D8%AD%D8%AA%D8%AC%D8%A7%D8%AC%D8%A7%D8%AA,اعتقال المئات مع استمرار الاحتجاجات على توقيف رئيس بلدية إسطنبول,GOVERNMENT,,"Istanbul, Istanbul, Turkey",-6.05263157894737,831
2025-03-22 11:45:00.000000 UTC,https://bokra.net/Article-1565913,رئيس حكومة لبنان يحذر من تجدد العمليات العسكرية على الحدود الجنوبية,LEBANON,,Israel,-3.83480825958703,190
2025-03-22 12:00:00.000000 UTC,https://www.kuna.net.kw/ArticleDetails.aspx?id=3223538&language=ar,كونا : الرئيس اللبناني يدين محاولات استدراج لبنان مجددا إلى دوامة العنف - عام,LEBANESE,LEBANON,Israel,-4.77941176470588,111
2025-03-22 12:00:00.000000 UTC,https://cedarnews.net/1409/,الرئيس عون يدين محاولات استدراج لبنان مجدداً إلى دوامة العنف,PRESIDENT,LEBANON,Lebanon,-4.82758620689655,111
2025-03-22 12:00:00.000000 UTC,https://www.nile.eg/%D9%88%D8%B2%D9%8A%D8%B1-%D8%A7%D9%84%D8%B2%D8%B1%D8%A7%D8%B9%D8%A9-%D9%88%D8%B1%D8%A6%D9%8A%D8%B3-%D8%AC%D9%87%D8%A7%D8%B2-%D9%85%D8%B3%D8%AA%D9%82%D8%A8%D9%84-%D9%85%D8%B5%D8%B1-%D9%8A%D8%AA,"النيل – قناة مصر الإخبارية | وزير الزراعة ورئيس جهاز ""مستقبل مصر"" يتفقدان مشروعًا لاستصلاح 650 ألف فدان بشرق العوينات",,PRESIDENT,"Wizarat Az Ziraah, Al Jizah, Egypt",2.44565217391304,43
2025-03-22 12:00:00.000000 UTC,https://www.wafa.ps/Pages/Details/117504,الخارجية: تدمير مستشفى الصداقة التركي جزء من سياسة الاحتلال في إبادة وتهجير شعبنا,MINISTRY,,Gaza Strip,-12.0,10
2025-03-22 12:00:00.000000 UTC,http://www.elbrqnews.com/New-News/290465.html,وزير الزراعة يتفقد مشروع استصلاح 650 ألف فدان بشرق العوينات,,SAKHA,"Muhafazat Kafr Ash Shaykh, Kafr ash Shaykh, Egypt",2.05385101770444,43
2025-03-22 12:00:00.000000 UTC,https://sahifa.alkhabarnow.net/news/91963/%D9%82%D8%A8%D9%84-%D8%B9%D8%B1%D8%B6%D9%87%D8%A7-%D8%B9%D9%84%D9%89-%D8%A7%D9%84%D8%AD%D9%83%D9%88%D9%85%D8%A9-%D8%B4%D8%B1%D9%83%D8%A7%D8%AA-%D8%A7%D9%84%D8%B3%D9%8A%D8%A7%D8%AD%D8%A9-%D8%AA/,قبل عرضها على الحكومة .. شركات السياحة تبحث تطوير رحلات الصحراء - الخبر اليمني,,SAMI,Egypt,0.61764905211664,43
2025-03-22 12:00:00.000000 UTC,https://www.3yonnews.com/1938334,وزير الدفاع الإسرائيلي يهدد: بلدات الجليل ستقابلها بيروت,LEBANON,GALILEE,Saudi Arabia,-0.99009900990099,120
2025-03-22 12:00:00.000000 UTC,https://www.albiladpress.com/news/2025/6004/bahrain/908090.html,وزير البلديات يتفقد الأعمال الإنشائية لمشروع المركز التجاري بمدينة عيسى,MINIST,BUSINESS,"Isa Town, Al WustáA, Bahrain",2.81425891181989,90
2025-03-22 12:30:00.000000 UTC,https://www.aljazeera.net/news/2025/3/22/%D8%B9%D9%88%D9%86-%D9%8A%D8%AD%D8%B0%D8%B1-%D9%85%D9%86-%D8%AF%D9%88%D8%A7%D9%85%D8%A9-%D8%B9%D9%86%D9%81-%D9%88%D9%88%D8%B2%D9%8A%D8%B1-%D8%A7%D9%84%D8%AE%D8%A7%D8%B1%D8%AC%D9%8A%D8%A9,"عون يحذر من ""دوامة عنف"" ووزير الخارجية يؤكد أن لبنان لا يسعى للتصعيد مع إسرائيل",MILITARY,,Israel,-6.02836879432624,20
2025-03-22 12:30:00.000000 UTC,http://www.elbrqnews.com/New-News/290552.html,وزير الخارجية اللبناني: لا نسعى للتصعيد ونعمل على وقف اعتداءات إسرائيل,ISRAELI,TERRORIST,Egypt,-2.21153846153846,130
2025-03-22 12:30:00.000000 UTC,https://www.emaratalyoum.com/politics/news/2025-03-22-1.1930599,الرئيس اللبناني يدين محاولات استدراج بلاده مجدداً إلى دوامة العنف,LEBANESE,,Lebanon,-6.70391061452514,111
2025-03-22 12:30:00.000000 UTC,https://www.alquds.com/ar/posts/155569,انتهاك حكومة الاحتلال لوقف إطلاق النار,PALESTINIAN,REFUGEE,"Jerusalem, Israel (general), Israel",-7.86324786324786,190
2025-03-22 12:30:00.000000 UTC,http://www.elbrqnews.com/New-News/290526.html,نائب: إعلان الحكومة عن صرف مستحقات مزارعي القطن يشجع على التوسع في زراعته,GOVERNMENT,FARMER,"Muhafazat Ad Daqahliyah, Ad Daqahliyah, Egypt",2.94117647058823,51
2025-03-22 12:30:00.000000 UTC,http://www.elbrqnews.com/New-News/290535.html,اعتقال إمام أوغلو يشعل احتجاجات واسعة.. تركيا بين مفترق الطرق.. هل يقضي اعتقال معارض على الديمقراطية أم يعزز قوة الرئيس التركي؟,WASHINGTON,TURKEY,"Istanbul, Istanbul, Turkey",-6.96920583468395,51
2025-03-22 12:30:00.000000 UTC,https://www.vetogate.com/5373906,وزير الدفاع يتناول الإفطار مع مقاتلي المنطقة المركزية وقوات حرس الحدود والمظلات والصاعقة,MINIST,FIGHTER,Egypt,-0.99502487562189,10
2025-03-22 12:45:00.000000 UTC,https://www.dostor.org/5009071,برلماني: مصر تتصدى بقوة لأية محاولات تهجير وإعمار غزة دون خروج فلسطيني من أرضه,EGYPTIAN,ISRAEL,Egypt,-3.78787878787879,120
2025-03-22 12:45:00.000000 UTC,https://www.dostor.org/5009020,برلماني: توطين صناعة زجاج الألواح الشمسية تعزز من مصادر الطاقة النظيفة,GOVERNMENT,COMPANIES,Egypt,4.85175202156335,51
2025-03-22 12:45:00.000000 UTC,https://www.dostor.org/5009027,النائب حسن عمار: حديث الرئيس السيسي للمصريين حمل المعنى الحقيقي للشفافية والمصارحة بالوضع الراهن,PRESIDENT,EGYPTIAN,Egypt,-2.43055555555555,30
2025-03-22 13:00:00.000000 UTC,https://www.kul-alarab.com/Article/1104273,الرئيس اللبناني يدين محاولات استدراج لبنان مجددًا للحرب,CITIZEN,LEBANON,Lebanon,-2.18181818181818,20
2025-03-22 13:15:00.000000 UTC,https://www.nile.eg/%D8%A8%D8%A7%D9%84%D8%B5%D9%88%D8%B1-%D9%88%D8%B2%D9%8A%D8%B1-%D8%A7%D9%84%D8%B5%D8%AD%D8%A9-%D9%8A%D8%AA%D8%B1%D8%A3%D8%B3-%D8%A7%D8%AC%D8%AA%D9%85%D8%A7%D8%B9%D9%8B%D8%A7-%D9%84%D8%A8%D8%AD%D8%AB,النيل – قناة مصر الإخبارية | بالصور.. وزير الصحة يترأس اجتماعًا لبحث فرص زيادة الاستثمارات العالمية فى السوق المصرية,MINIST,EGYPTIAN,"Wizarat Al Istithmar, Al Qahirah, Egypt",2.77078085642318,46
2025-03-22 13:15:00.000000 UTC,https://alahalygate.com/archives/260434,نائب رئيس الوزراء يناقش فرص زيادة الإستثمارات العالمية في السوق المصري - جريدة الأهالي المصرية,DEPUTY,EGYPTIAN,Egypt,4.54545454545454,40
2025-03-22 13:15:00.000000 UTC,https://alanbatnews.net/article/453697,رئيس البرلمان العربي يؤكد ضرورة تكامل الدبلوماسية البرلمانية والرسمية,PARLIAMENT,,Israel,5.26315789473684,42
2025-03-22 13:30:00.000000 UTC,https://www.elfagr.org/5139182,وزيرة التضامن تترأس اجتماع مجلس إدارة الهلال الأحمر المصري وتؤكد استمرار الدعم الإنساني لغزة,GAZA,,Egypt,4.61538461538462,51
2025-03-22 13:45:00.000000 UTC,http://www.elbrqnews.com/New-News/290740.html,الرئيس السيسي: سنستمر في العمل لضمان حصول المرأة المصرية على حقوقها,EGYPT,PRESIDENT,Egypt,5.16304347826087,40
2025-03-22 13:45:00.000000 UTC,https://www.dostor.org/5009125,"بحضور الرئيس السيسي.. نص كلمة وزيرة التضامن في احتفالية ""المرأة المصرية والأم المثالية""",MINISTRY,,"Bank Nasir, Al Jizah, Egypt",5.58920141834715,50
2025-03-22 13:45:00.000000 UTC,http://www.elbrqnews.com/New-News/290736.html,الرئيس السيسي: مصر ستبقى حريصة على تعزيز مكانة المرأة وتقديم سبل الدعم لها,EGYPT,EGYPTIAN,Egypt,6.5015479876161,50
2025-03-22 14:00:00.000000 UTC,https://www.bawabatii.com/news324029.html,مليشيا الحوثي تمنع موظفي البنوك من السفر إلى مناطق سيطرة الحكومة,MILITIA,,"Al Bank Al Markazi Al Yamani, ?a?ramawt, Yemen",-4.12371134020618,163
2025-03-22 14:00:00.000000 UTC,https://www.dostor.org/5009181,فى زيارة مفاجئة.. وزير الكهرباء يتفقد كهرباء شمال القاهرة ويتابع خطة العمل خلال العطلات الرسمية,MINIST,CAIRO,"Gaza, Israel (general), Israel",-4.83516483516483,90
2025-03-22 14:00:00.000000 UTC,https://www.dostor.org/5009173,حزب المؤتمر: الرئيس السيسي يضع تمكين المرأة في صدارة أولويات الدولة,PROFESSOR,EGYPTIAN,Egypt,5.23560209424083,51
2025-03-22 14:00:00.000000 UTC,https://www.kuna.net.kw/ArticleDetails.aspx?id=3223556&Language=ar,كونا : رئيس وزراء بريطانيا يجدد الإعراب عن قلقه إزاء عمليات الاحتلال الأخيرة في غزة - الشؤون السياسية,UNITED KINGDOM,ISRAEL,"Gaza, Israel (general), Israel",-0.549450549450549,12
2025-03-22 14:00:00.000000 UTC,http://www.elbrqnews.com/New-News/290758.html,رئيس الجهاز يستقبل سفراء دول أمريكا اللاتينية للاطلاع على التجربة المصرية في الإصلاح الإداري,EGYPTIAN,EGYPT,"Wizarat Al Kharijiyah, Al Qahirah, Egypt",5.54089709762533,42
2025-03-22 14:00:00.000000 UTC,https://www.dostor.org/5009174,وزير الدفاع اللبنانى: نرفض العودة إلى ما قبل وقف إطلاق النار,MINIST,LEBANESE,Lebanon,-5.51181102362205,10
2025-03-22 14:15:00.000000 UTC,https://www.alhaya.ps/ar/Article/164629/%D9%81%D8%AA%D9%88%D8%AD-%D9%8A%D8%B4%D8%A7%D8%B1%D9%83-%D9%81%D9%8A-%D9%85%D8%A4%D8%AA%D9%85%D8%B1-%D8%B1%D8%A4%D8%B3%D8%A7%D8%A1-%D8%A7%D9%84%D8%A8%D8%B1%D9%84%D9%85%D8%A7%D9%86%D8%A7%D8%AA,فتوح يشارك في مؤتمر رؤساء البرلمانات-الحياة الجديدة,,SPANISH,"Jerusalem, Israel (general), Israel",-2.53164556962025,40
2025-03-22 14:15:00.000000 UTC,https://www.vetogate.com/5373990,وزير الكهرباء: الدولة عازمة على التصدى لظاهرة سرقة التيار,ISRAEL,COMPANY,"Gaza, Israel (general), Israel",-4.8780487804878,90
2025-03-22 14:30:00.000000 UTC,https://www.mansheet.net/119052/%D8%A3%D8%AE%D8%A8%D8%A7%D8%B1-%D9%85%D8%B5%D8%B1-%D9%88%D8%B2%D9%8A%D8%B1%D8%A9-%D8%A7%D9%84%D8%AA%D8%B6%D8%A7%D9%85%D9%86-%D9%84%D9%84%D8%B1%D8%A6%D9%8A%D8%B3-%D8%B3%D8%AA%D8%A8%D9%82%D9%89/,أخبار مصر | وزيرة التضامن للرئيس: ستبقى دائما في قلب دعاء كل أم مصرية – جريدة مانشيت,MINISTRY,,Egypt,4.11392405063291,50
2025-03-22 14:45:00.000000 UTC,http://www.elbrqnews.com/New-News/290820.html,محلل سياسي: إقالة رئيس الشاباك تفجر ملفات الأمن في إسرائيل,ISRAEL,,Israel,-9.77443609022558,46
2025-03-22 14:45:00.000000 UTC,https://www.shorouknews.com/news/view.aspx?cdate=22032025&id=2df34823-5621-4a89-9522-c43af778713f,وزير الكهرباء: نستهدف تقديم خدمات كهربائية بمعايير عالمية,COMPANY,,"Cairo, Al Qahirah, Egypt",-4.96760259179266,90
2025-03-22 14:45:00.000000 UTC,https://www.vetogate.com/5374004,تكشف ثغرات قانون المسئولية الطبية، رسالة قوية من أستاذ بهارفارد لنواب البرلمان,DOCTOR,,Egypt,-8.72483221476505,40
2025-03-22 14:45:00.000000 UTC,https://www.vetogate.com/5374006,وزير الخارجية: مصر ترفض أي تحركات تمس أمن وسلامة الشعب اللبناني,EGYPT,,Lebanon,-6.15384615384615,120
2025-03-22 15:00:00.000000 UTC,https://www.mena.org.eg:443/news/dbcall/table/textnews/id/11111619,الرئيس السيسي يؤكد محورية دور المرأة في بناء الدولة وتنميتها - Welcome to Middle East News Agency,,EGYPTIAN,"Cairo, Al Qahirah, Egypt",3.82335048320934,51
2025-03-22 15:00:00.000000 UTC,https://www.dostor.org/5009200,بحضور الرئيس السيسي.. نص كلمة وزيرة التخطيط باحتفالية المرأة المصرية والأم المثالية,EGYPT,,"Wizarat At Takhtit, Al Qahirah, Egypt",6.0829173029129,70
2025-03-22 15:30:00.000000 UTC,https://www.nna-leb.gov.lb/ar/%D8%B3%D9%8A%D8%A7%D8%B3%D8%A9/767619,الوكالة الوطنية للإعلام - مادايان: حكومة نواف سلام تعمل فقط على محاصرة بيئة المقاومة وأنصارها وحلفائها,LEBANESE,ISRAEL,Israel,-0.47058823529411,50
2025-03-22 15:30:00.000000 UTC,https://www.raialyoum.com/%D8%AA%D8%B1%D8%A7%D9%86%D9%8A%D9%85-%D9%85%D8%B3%D9%8A%D8%AD%D9%8A%D8%A9-%D8%A8%D8%AA%D9%88%D9%82%D9%8A%D8%B9-%D9%85%D9%8F%D8%B3%D9%84%D9%85-%D8%B1%D8%AF%D9%91%D9%8B%D8%A7-%D8%B9%D9%84%D9%89/,“ترانيم مسيحية” بتوقيع “مُسلم” ردًّا على “دعوة المسيحيين للإسلام” في سورية.. الترانيم حوّلت الناشط جحا إلى “هاربٍ ومُلاحقٍ” فمن داهم منزله؟.. اتُّهم بالتحريض الطائفي وتساءل عن الحُريّة بعد سُقوط الأسد.. “سيّارات الدعوة” من يقف خلفها ولماذا لا تُحاسبها حكومة الشرع؟,RELIGION,CHRISTIAN,"Damascus, Dimashq, Syria",-3.03030303030303,51
2025-03-22 15:30:00.000000 UTC,https://www.shorouknews.com/news/view.aspx?cdate=22032025&id=b22b5e46-26c0-4252-8824-ac6570d98b4e,وزير الخارجية يشدد خلال اتصال مع نظيره الإيراني على ضرورة ضبط النفس,MINIST,,"Wizarat Al Kharijiyah, Al Qahirah, Egypt",-6.11620795107034,80
2025-03-22 15:45:00.000000 UTC,http://www.elbrqnews.com/New-News/290912.html,رئيس دمنهور يوجه بالارتقاء بجودة الخدمات المقدمة للمواطنين,,VILLAGE,"Damanhur, Al Bu?ayrah, Egypt",-0.52264808362369,43
2025-03-22 15:45:00.000000 UTC,http://www.elbrqnews.com/New-News/290910.html,وزير الكهرباء يتفقد شركة شمال القاهرة ويتابع خطة العمل خلال العطلات الرسمية,MINIST,COMPANY,"Gaza, Israel (general), Israel",-4.33884297520661,90
2025-03-22 15:45:00.000000 UTC,http://www.elbrqnews.com/New-News/290941.html,وزير الخارجية يتلقى اتصالين هاتفيين من نظيريه اللبناني والإيراني,LEBANESE,MINIST,Lebanon,-5.86419753086419,41
2025-03-22 16:00:00.000000 UTC,https://kuwaitnews.com/103548/,رئيس وزراء بريطانيا يجدد الإعراب عن قلقه إزاء عمليات الاحتلال الأخيرة في غزة,GAZA,ISRAELI,Gaza Strip,-0.5952380952381,30
2025-03-22 16:00:00.000000 UTC,https://www.elwatannews.com/news/details/8057648,حزب صوت مصر: كلمة الرئيس السيسي اليوم تؤكد دور المرأة في بنا - الوطن,EGYPT,PALESTINIAN,Israel,8.10810810810811,51
2025-03-22 16:00:00.000000 UTC,https://www.kuna.net.kw/ArticleDetails.aspx?id=3223562&Language=ar,كونا : الرئيس الصومالي: ضرورة تعزيز الدعم للقوات المسلحة في معركة تحرير مناطق مليشيات (الشباب) - عام,MILITIA,ARMED FORCES,"Cairo, Al Qahirah, Egypt",1.21212121212121,190
2025-03-22 16:15:00.000000 UTC,https://www.albawabhnews.com/5173109,نائبة رئيس الاتحاد الأوروبي تزور مصر لبحث الأزمة في غزة والعلاقات الثنائية,EUROPEAN UNION,EGYPT,"Gaza, Israel (general), Israel",-1.50375939849624,42
2025-03-22 16:15:00.000000 UTC,https://www.nile.eg/%D9%88%D8%B2%D9%8A%D8%B1-%D8%A7%D9%84%D8%AE%D8%A7%D8%B1%D8%AC%D9%8A%D8%A9-%D9%8A%D8%A8%D8%AD%D8%AB-%D9%85%D8%B9-%D9%86%D8%B8%D9%8A%D8%B1%D9%8A%D9%87-%D8%A7%D9%84%D9%84%D8%A8%D9%86%D8%A7%D9%86%D9%89,النيل – قناة مصر الإخبارية | وزير الخارجية يبحث هاتفيا مع نظيريه اللبنانى والإيرانى آخر التطورات بالمنطقة,LEBANESE,FOREIGN MINIST,Lebanon,-5.68862275449102,41
2025-03-22 16:30:00.000000 UTC,https://bokra.net/Article-1565927,لابيد يدعو إلى إضراب عام إذا لم تلتزم الحكومة بقرار المحكمة بشأن رئيس الشاباك,AUTHORITIES,,Israel,-6.16113744075829,143
2025-03-22 16:45:00.000000 UTC,http://www.elbrqnews.com/New-News/291010.html,نائبة رئيس الاتحاد الأوروبي تزور مصر لبحث الأزمة في غزة والعلاقات الثنائية,EUROPEAN UNION,ISRAEL,Egypt,-2.08333333333334,40
2025-03-22 16:45:00.000000 UTC,https://el-balad.com/94579,وزير الخارجية يشدد على ضرورة حماية حرية الملاحة بالبحر الأحمر,MINIST,EGYPT,"Suez Canal, As Suways, Egypt",-5.26315789473684,51
2025-03-22 17:00:00.000000 UTC,http://www.elbrqnews.com/New-News/291025.html,الرئيس السيسي يرحب بالشيخ محمد بن زايد ويتبادلا التهاني بمناسبة شهر رمضان,PRESIDENT,UNITED ARAB EMIRATES,Egypt,5.51558752997602,51
2025-03-22 17:15:00.000000 UTC,http://www.elbrqnews.com/New-News/291055.html,تطهير مؤسسات الدولة.. وزير الخارجية السوداني: الانتصار العسكري هو الحل,KHARTOUM,ARMY,Saudi Arabia,2.68817204301075,84
2025-03-22 17:15:00.000000 UTC,https://www.shorouknews.com/news/view.aspx?cdate=22032025&id=2c3473f5-b1c3-41af-96f0-2104e6cfac32,وزيرة التضامن خلال لقاء المرأة المصرية: 7.7 مليون أسرة استفادت من برنامج تكافل وكرامة,EGYPTIAN,EGYPT,"Wizarat Al Maliyah, Al Qahirah, Egypt",5.39305301645338,1721
2025-03-22 17:15:00.000000 UTC,https://www.alahednews.com.lb/article.php?id=80702&cid=113,العلامة الخطيب: نناشد رئيس الجمهورية والحكومة القيام بكلّ ما يلزم لوقف العدوان وتحرير الأرض,PRESIDENT,,Lebanon,-0.746268656716421,20
2025-03-22 17:30:00.000000 UTC,https://www.albawabhnews.com/5173131,برلماني: الدراما الحالية تعكس أسوأ الظواهر.. والمجتمع بحاجة إلى محتوى يعزز الهوية الوطنية,BUSINESS,EGYPTIAN,Egypt,-2.87769784172662,10
2025-03-22 17:45:00.000000 UTC,https://www.dostor.org/5009416,الرئيس السيسي يستقبل الشيخ محمد بن زايد رئيس دولة الإمارات,PRESIDENT,UNITED ARAB EMIRATES,United Arab Emirates,4.25531914893617,51
2025-03-22 17:45:00.000000 UTC,https://www.shorouknews.com/news/view.aspx?cdate=22032025&id=2bf8a52a-517e-4c51-9fca-26b8dc33da76,الرئيس السيسي: أحيي سيدات وأمهات فلسطين الصامدات الثابتات على الحق,EGYPT,PALESTINE,Israel,7.25552050473186,36
2025-03-22 18:00:00.000000 UTC,https://www.dostor.org/5009422,الرئيس السيسى يقيم مأدبة إفطار تكريما للشيخ محمد بن زايد.. ويؤكدان قوة العلاقات بين البلدين,PRESIDENT,EGYPT,Egypt,3.89837625979843,51
2025-03-22 18:00:00.000000 UTC,https://sahifa.alkhabarnow.net/news/92246/%D8%B2%D9%8A%D8%A7%D8%B1%D8%A9-%D9%81%D9%8A-%D8%A5%D8%B7%D8%A7%D8%B1-%D8%A3%D8%AE%D9%88%D9%8A-%D8%A7%D9%84%D8%B1%D8%A6%D9%8A%D8%B3-%D8%A7%D9%84%D8%B3%D9%8A%D8%B3%D9%8A-%D9%8A%D8%B3%D8%AA%D9%82%D8%A8/,زيارة في إطار أخوي.. الرئيس السيسي يستقبل رئيس الإمارات محمد بن زايد - الخبر اليمني,PRESIDENT,,Egypt,3.92156862745098,51
2025-03-22 18:30:00.000000 UTC,http://www.elbrqnews.com/New-News/291178.html,وزير الخارجية يؤكد لنظيره الإيرانى أهمية استعادة الهدوء فى الإقليم,MINIST,,"Cairo, Al Qahirah, Egypt",-5.86080586080587,80
2025-03-22 18:30:00.000000 UTC,https://www.bawabatii.com/news324047.html,سلطان البركاني يرد على اتهامات شوقي القاضي ويكشف اسباب حذفه من مجموعة واتساب البرلمان,HOUSE OF REPRESENTATIVES,,Saudi Arabia,-3.65853658536585,125
2025-03-22 18:30:00.000000 UTC,https://www.dostor.org/5009425,حرب غزة على طاولة المفاوضات.. وزير الخارجية التركي يزور القاهرة غدا,TURKEY,,"Cairo, Al Qahirah, Egypt",5.76923076923077,51
2025-03-22 18:45:00.000000 UTC,https://www.emaratalyoum.com/local-section/other/2025-03-22-1.1930729,رئيس الدولة والرئيس المصري يبحثان في القاهرة تعزيز العلاقات الأخوية,CAIRO,EGYPTIAN,"Cairo, Al Qahirah, Egypt",3.38345864661654,40
2025-03-22 19:15:00.000000 UTC,http://www.elbrqnews.com/New-News/291242.html,الشيخ محمد بن زايد يوجه الشكر للرئيس السيسي على حفاوة الاستقبال,PRESIDENT,UNITED ARAB EMIRATES,"Cairo, Al Qahirah, Egypt",4.31654676258993,51
2025-03-22 19:30:00.000000 UTC,https://www.dostor.org/5009533,‏ملك الأردن يؤكد هاتفيًا لرئيس الوزراء البريطاني موقف بلاده الرافض لتهجير الفلسطينيين,JORDAN,PRESIDENT,Jordan,-3.68421052631579,41
2025-03-22 19:30:00.000000 UTC,http://www.elbrqnews.com/New-News/291278.html,رئيس دولة الإمارات والرئيس المصري يبحثان تعزيز العلاقات,EGYPTIAN,UNITED ARAB EMIRATES,Egypt,2.67175572519084,51
2025-03-22 19:30:00.000000 UTC,https://3yonnews.com/1938352,وزير الخارجية ونظيره الإيراني يبحثان أوضاع المنطقة,UNITED KINGDOM,GAZA,"Jeddah, Makkah, Saudi Arabia",8.51063829787234,40
2025-03-22 19:30:00.000000 UTC,https://www.dostor.org/5009522,"""القومي للمرأة"" بسوهاج: لقاء الرئيس السيسي اليوم تكريم لكل المصريات والأمهات",PRESIDENT,EGYPTIAN,"Upper Egypt, Egypt (general), Egypt",1.91387559808612,51
2025-03-22 19:30:00.000000 UTC,https://alanbatnews.net/article/453727,وزير الخارجية يتلقى اتصالا هاتفيا من نظيره اللبناني,MINIST,LEBANESE,Lebanon,-1.98019801980198,41
2025-03-22 19:30:00.000000 UTC,https://www.almanar.com.lb/13285472,مادايان: لتسترد الحكومة من “إسرائيل” قرار السلم والحرب وتعلن إحتكارها قدرة الدفاع عن لبنان,ISRAEL,LEBANESE,"Beirut, Beyrouth, Lebanon",0.61538461538461,50
2025-03-22 20:00:00.000000 UTC,https://www.shorouknews.com/news/view.aspx?cdate=22032025&id=9659f80b-48a5-4e63-a11c-cef79af47339,وفد من حماس يبحث مع وزير خارجية تركيا التطورات السياسية والميدانية بعد استئناف الحرب على غزة,TURKEY,PALESTINIAN,Turkey,-6.42201834862382,51
2025-03-22 20:00:00.000000 UTC,https://www.shorouknews.com/news/view.aspx?cdate=22032025&id=7f123bce-4ae1-47e7-b346-c8d5a8dbd664,لبيد: الحكومة تفعل كل شيء لبدء حرب أهلية.. ونتنياهو يدفع إلى ذلك علنا,ISRAEL,MILITARY,"Tel Aviv, Tel Aviv, Israel",-4.41176470588235,72
2025-03-22 20:00:00.000000 UTC,https://alwasat.ly/news/arabic/471099,مباحثات بين وزير الخارجية المصري ونظيريه اللبناني والإيراني تناولت غزة واليمن والبحر الأحمر,IRAN,ISRAEL,"Suez Canal, As Suways, Egypt",-6.17283950617283,10
2025-03-22 20:00:00.000000 UTC,https://www.shorouknews.com/news/view.aspx?cdate=22032025&id=1ba3ec1a-d52c-45b4-a36a-992788cea935,إسرائيل: حكومة لبنان تتحمل المسئولية عن كل ما يجري على أراضيها,POPULATION,,Israel,-3.18471337579618,332
2025-03-22 20:30:00.000000 UTC,http://www.elbrqnews.com/New-News/291406.html,الرئيس السيسي ورئيس دولة الإمارات يبحثان في القاهرة تعزيز العلاقات بين البلدين,PRESIDENT,,"Diwan Ar Riasah, Abu Z¸aby, United Arab Emirates",3.09734513274336,51
2025-03-22 20:45:00.000000 UTC,https://www.shorouknews.com/news/view.aspx?cdate=22032025&id=f7cc5926-5c05-4285-9610-5e50de542e4b,الرئيس السيسي: تشاورت مع الشيخ محمد بن زايد بشأن مختلف القضايا الإقليمية,EGYPT,EGYPT,United Arab Emirates,4.0,51
2025-03-22 20:45:00.000000 UTC,https://www.shorouknews.com/news/view.aspx?cdate=22032025&id=047f123a-3665-4103-a1ae-40ff54f47c09,غدا.. وزير خارجية تركيا يزور القاهرة لحضور اجتماع مجموعة الاتصال بشأن غزة,GAZA,MINIST,Turkey,-1.92307692307692,43
2025-03-22 21:00:00.000000 UTC,https://www.azzaman.com/%D8%A7%D9%84%D8%A8%D8%B1%D9%84%D9%85%D8%A7%D9%86-%D9%8A%D9%84%D8%AA%D8%A6%D9%85-%D9%84%D9%85%D9%86%D8%A7%D9%82%D8%B4%D8%A9-%D9%82%D8%A7%D9%86%D9%88%D9%86-%D8%A7%D9%84%D8%AD%D8%B4%D8%AF/,البرلمان يلتئم لمناقشة قانون الحشد,,PARLIAMENT,"Baghdad, Baghdad, Iraq",1.69491525423729,40
2025-03-22 21:15:00.000000 UTC,https://www.alquds.com/ar/posts/155677,"نتنياهو: بار لن يبقى رئيسا ""للشاباك""",ISRAEL,,"Jerusalem, Israel (general), Israel",-4.76190476190476,160
2025-03-22 21:15:00.000000 UTC,https://www.alquds.com/ar/posts/155644,زعيم المعارضة الإسرائيلية: حكومة نتنياهو تحاول جر البلاد إلى حرب أهلية,PROTESTER,,"Tel Aviv, Tel Aviv, Israel",-4.10958904109589,51
2025-03-22 21:15:00.000000 UTC,https://arabic.euronews.com/2025/03/22/detained-istanbul-mayor-questioned-for-second-day-as-protests-intensify,استجواب رئيس بلدية إسطنبول المحتجز لليوم الثاني على التوالي مع اشتداد الاحتجاجات,LOCAL MEDIA,IMAM,"Istanbul, Istanbul, Turkey",-10.1910828025477,90
2025-03-22 21:30:00.000000 UTC,http://www.elbrqnews.com/New-News/291541.html,الاحتلال: رئيس الأركان شكل فريقا من كبار قوات الاحتياط للتحقيق بهجمات 7 أكتوبر,CHIEF OF STAFF,,"Gaza, Israel (general), Israel",0.70921985815603,190
2025-03-22 21:30:00.000000 UTC,https://bokra.net/Article-1565945,هل ستواصل محكمة العدل العليا تجميد إقالة رئيس الشاباك رونين بار؟,GOVERNMENT,GAZA,Gaza Strip,-4.40528634361234,84
2025-03-22 21:30:00.000000 UTC,https://bokra.net/Article-1565958,وزير الطاقة الإسرائيلي: علينا مهاجمة عمق لبنان وبيروت نفسها,ISRAELI,LEBANON,"Beirut, Beyrouth, Lebanon",-6.41025641025641,190
2025-03-22 21:30:00.000000 UTC,https://bokra.net/Article-1565955,نتنياهو: فتح التحقيق بشأن قطر جاء بهدف منع إقالة رئيس الشاباك وليس العكس,ISRAEL,CHANCELLOR,Israel,-6.90909090909091,112
2025-03-22 21:30:00.000000 UTC,https://www.aljazeera.net/news/2025/3/22/%D9%86%D8%AA%D9%86%D9%8A%D8%A7%D9%87%D9%88-%D8%A8%D8%A7%D8%B1-%D9%84%D9%86-%D9%8A%D8%A8%D9%82%D9%89-%D8%B1%D8%A6%D9%8A%D8%B3%D8%A7-%D9%84%D9%84%D8%B4%D8%A7%D8%A8%D8%A7%D9%83-%D9%88%D9%84%D8%AF%D9%8A,نتنياهو: بار لن يبقى رئيسا للشاباك ولدي حقائق ستزعزعكم,ISRAEL,QATAR,"Gaza, Israel (general), Israel",-3.97553516819572,71
2025-03-22 21:45:00.000000 UTC,https://www.kuna.net.kw/ArticleDetails.aspx?id=3223583&language=ar,كونا : وزير الخارجية الأردني يؤكد تضامن بلاده المطلق مع لبنان في مواجهة الاعتداءات الإسرائيلية - الشؤون السياسية,LEBANESE,LEBANON,Lebanon,-1.48148148148148,90
2025-03-22 21:45:00.000000 UTC,https://www.kuna.net.kw/ArticleDetails.aspx?id=3223582&language=ar,كونا : وزيرا خارجيتي السعودية وإيران يبحثان هاتفيا تطورات المنطقة - الشؤون السياسية,IRAN,,Iran,5.63380281690141,41
2025-03-22 21:45:00.000000 UTC,https://www.kuna.net.kw/ArticleDetails.aspx?id=3223584&language=ar,كونا : وزيرا خارجيتي مصر وإريتريا: نرفض مشاركة أي دولة غير مشاطئة على البحر الأحمر في أمنه وحوكمته - الشؤون السياسية,,EGYPT,"Wizarat Al Kharijiyah, Al Qahirah, Egypt",1.19521912350597,40
2025-03-22 21:45:00.000000 UTC,https://www.saidaonline.com/301451,عقب الغارات... وزير إسرائيلي: علينا أن نهاجم بقوة في بيروت نفسها! | صيدا اون لاين,ISRAEL,ISRAELI,"Gaza, Israel (general), Israel",-9.90566037735851,112
2025-03-22 22:00:00.000000 UTC,http://www.elbrqnews.com/New-News/291584.html,رئيس وزراء قطر يبحث مع نظيره اللبناني انسحاب القوات الإسرائيلية من لبنان,QATAR,ISRAELI,Lebanon,-1.97368421052632,874
2025-03-22 22:00:00.000000 UTC,https://palinfo.com/news/2025/03/22/944517/,وفد من حماس يلتقي وزير الخارجية التركي في أنقرة,TURKEY,PALESTINIAN,"Ankara, Ankara, Turkey",-6.13207547169808,51
2025-03-22 22:00:00.000000 UTC,https://www.elfagr.org/5139442,وزير الطاقة الإسرائيلي: علينا مهاجمة عمق لبنان وبيروت نفسها,ISRAELI,LEBANON,"Beirut, Beyrouth, Lebanon",-6.86274509803921,190
2025-03-22 22:30:00.000000 UTC,https://www.raya.ps/news/1191860.html,عشرات آلاف الإسرائيليين يتظاهرون ضد حكومة نتنياهو,ISRAELI,GOVERNMENT,"Jerusalem, Israel (general), Israel",-5.98290598290599,141
2025-03-22 22:30:00.000000 UTC,https://www.raya.ps/news/1191859.html,أنقرة.. وفد من حركة حماس يلتقي بوزير الخارجية التركي,TURKEY,ISRAEL,"Ankara, Ankara, Turkey",-5.6338028169014,51
2025-03-22 22:45:00.000000 UTC,https://www.alwatanvoice.com/arabic/news/2025/03/23/1544115.html,نتنياهو: رونين بار لن يبقى رئيساً للشاباك ولدي حقائق ستزعزعكم,ISRAEL,QATAR,Qatar,-3.14465408805032,15
2025-03-22 23:15:00.000000 UTC,https://www.kuna.net.kw/ArticleDetails.aspx?id=3223592&language=ar,كونا : رئيس الوزراء القطري يدين الغارات الاسرائيلية على جنوب لبنان - الشؤون السياسية,LEBANESE,QATAR,Lebanon,-2.57731958762887,41
2025-03-22 23:30:00.000000 UTC,http://www.elbrqnews.com/New-News/291717.html,وزير الإعلام اللبناني: حريصون على استتباب الأمن في الجنوب,ISRAEL,LEBANON,Lebanon,-1.68539325842697,871
2025-03-22 23:45:00.000000 UTC,http://www.elbrqnews.com/New-News/291744.html,وزير خارجية العراق: لسنا جزءاً من «محور المقاومة»,PALESTINIAN,ISRAEL,"Baghdad, Baghdad, Iraq",-2.56916996047431,80
2025-03-22 23:45:00.000000 UTC,http://www.elbrqnews.com/New-News/291742.html,وزير إسرائيلي يقترح قطع المياه عن غزة,MINIST,GAZA,"Gaza, Israel (general), Israel",-9.90099009900992,20
2025-03-22 23:45:00.000000 UTC,https://sudanile.com/%D8%A7%D9%84%D8%AD%D9%83%D9%88%D9%85%D8%A9-%D8%AA%D8%B1%D8%AD%D8%A8-%D8%A8%D9%85%D8%A8%D8%A7%D8%AF%D8%B1%D8%A9-%D8%A7%D9%84%D8%B3%D8%B9%D9%88%D8%AF%D9%8A%D8%A9-%D9%84%D8%AF%D8%B9%D9%85-%D8%A8%D8%B1/,الحكومة ترحب بمبادرة السعودية لدعم برامج إعادة بناء ما دمرته الحرب - سودانايل,GOVERNMENT,SAUDI ARABIA,"Gaza, Israel (general), Israel",1.55440414507772,51
2025-03-22 23:45:00.000000 UTC,https://www.arabnet5.com/news/2/568153/%E6%D2%ED%D1-%C7%E1%CF%DD%C7%DA-%E3%D5%D1-%CA%E3%CA%E1%DF-%E3%E4%D9%E6%E3%C9-%CA%D3%E1%ED%CD-%E3%CA%D8%E6%D1%C9-%E1%CA%C3%E3%ED%E4-%CD%CF%E6%CF%E5%C7-%C7%E1%C7%D3%CA%D1%C7%CA%ED%CC%ED%C9,: وزير الدفاع: مصر تمتلك منظومة تسليح متطورة لتأمين حدودها الاستراتيجية | عرب نت 5,MINIST,,Egypt,0.50251256281407,20
2025-03-23 00:15:00.000000 UTC,http://www.elbrqnews.com/New-News/291752.html,رئيس وزراء قطر يبحث مع نظيره اللبناني انسحاب القوات الإسرائيلية من لبنان,QATAR,ISRAELI,Israel,-2.61437908496732,874
2025-03-23 00:15:00.000000 UTC,https://www.khabaragency.net/news229073.html,إسرائيل.. الآلاف يتظاهرون ضد حكومة نتنياهو والمعارضة تهدد بشل الاقتصاد | وكالة خبر للأنباء,GOVERNMENT,,"Gaza, Israel (general), Israel",-7.21649484536087,141
2025-03-23 00:30:00.000000 UTC,https://www.aljazeera.net/news/2025/3/23/%D9%88%D8%B2%D9%8A%D8%B1-%D8%A5%D8%B3%D8%B1%D8%A7%D8%A6%D9%8A%D9%84%D9%8A-%D9%8A%D9%82%D8%AA%D8%B1%D8%AD-%D9%82%D8%B7%D8%B9-%D8%A7%D9%84%D9%85%D9%8A%D8%A7%D9%87-%D8%B9%D9%86-%D8%BA%D8%B2%D8%A9,وزير إسرائيلي يقترح قطع المياه عن غزة,MINIST,GAZA,"Beirut, Beyrouth, Lebanon",-7.99999999999999,20
2025-03-23 00:30:00.000000 UTC,https://www.albawabhnews.com/5173246,رئيس وزراء قطر يبحث مع نظيره اللبناني انسحاب القوات الإسرائيلية من لبنان,LEBANON,QATAR,Qatar,-2.11267605633803,90
2025-03-23 00:45:00.000000 UTC,https://www.sarayanews.com/article/999126/%D9%88%D8%B2%D9%8A%D8%B1-%D8%A5%D8%B3%D8%B1%D8%A7%D8%A6%D9%8A%D9%84%D9%8A-%D9%8A%D9%82%D8%AA%D8%B1%D8%AD-%D9%82%D8%B7%D8%B9-%D8%A7%D9%84%D9%85%D9%8A%D8%A7%D9%87-%D8%B9%D9%86-%D8%BA%D8%B2%D8%A9,وكالة سرايا : وزير إسرائيلي يقترح قطع المياه عن غزة,ISRAELI,GAZA,"Gaza, Israel (general), Israel",-9.5238095238095,20
2025-03-23 01:15:00.000000 UTC,http://arabic.news.cn/20250322/8dd4bd98f9e7420e901085a8a53bfd78/c.html,رئيس الوزراء اللبناني يحذر من تجدد العمليات العسكرية على الحدود الجنوبية,UNITED NATIONS,LEBANESE,Israel,-5.73770491803279,256
2025-03-23 02:00:00.000000 UTC,https://bokra.net/Article-1565939,التجمع مستمر في طرح مبادرته للحوار الوطنيّ ويلتقي الإسلاميّة الجنوبيّة ورئيس بلديّة أم الفحم سمير محاميد,,COMMUNITY,Israel,-4.10958904109589,42
2025-03-23 02:45:00.000000 UTC,https://www.elwatannews.com/news/details/8057873,فريدة الشوباشي: الرئيس السيسي أكد على أهمية الفن والقوى النا - الوطن,EGYPT,,Egypt,9.5959595959596,40
2025-03-23 03:00:00.000000 UTC,https://www.emaratalyoum.com/local-section/other/2025-03-23-1.1930786,رئيس الدولة والرئيس المصري يبحثان في القاهرة تعزيز العلاقات,CAIRO,EGYPTIAN,"Cairo, Al Qahirah, Egypt",4.52674897119342,40
2025-03-23 03:30:00.000000 UTC,https://www.alwatan.com.sa/article/1162732,ولي العهد ورئيس وزراء بريطانيا يبحثان تطورات الأوضاع في غزة,UNITED KINGDOM,GAZA,Gaza Strip,6.41025641025641,40
2025-03-23 04:00:00.000000 UTC,http://www.misr5.com/uncategorized/18.html,لجان البرلمان تستأنف عملها اليوم.. التشريعية تناقش خدمات الشهر العقاري.. والعاملة تدرس مشاكل العاملين بالشركة القابضة لمياه الشرب والصرف والصناعة تبحث في مشروعات إصلاح السفن,,MAYOR,"Muhafazat Al Qalyubiyah, Al Qalyubiyah, Egypt",-0.15847860538827,20
2025-03-23 04:00:00.000000 UTC,https://www.shorouknews.com/news/view.aspx?cdate=23032025&id=5386ba68-a93f-4d62-9d0e-432c514c12f7,مظاهرات في إسرائيل احتجاجا على إقالة رئيس الشاباك,PRISONER,ISRAELI,Israel,-6.83229813664596,841
2025-03-23 04:00:00.000000 UTC,http://www.misr5.com/uncategorized/26.html,تحدٍ للمحكمة العليا.. نتنياهو يصر على إقالة رئيس الشاباك رغم الغضب الشعبي,PROTESTER,ISRAEL,"Gaza, Israel (general), Israel",-9.05077262693157,112
2025-03-23 04:30:00.000000 UTC,https://www.tayyar.org/News/Lebanon/657912/_guid=657912,الوضع الحدودي مع سوريا وتوقع زيارة وزير الدفاع لدمشق,DAMASCUS,MINIST,"Damascus, Dimashq, Syria",-3.2258064516129,40
2025-03-23 04:30:00.000000 UTC,https://www.hespress.com/%D8%B1%D8%AD%D9%84%D8%A9-%D8%A7%D9%84%D9%88%D8%B2%D9%8A%D8%B1-%D8%A7%D9%84%D8%B1%D9%87%D9%88%D9%86%D9%8A-%D8%A5%D9%84%D9%89-%D8%A7%D9%84%D8%AD%D8%AC%D9%91-%D8%AA%D9%85%D8%AC%D9%8A%D8%AF-%D9%84%D9%80-1532269.html,"رحلة الوزير الرهوني إلى الحجّ.. تمجيد لـ""فرانكو"" و""الحماية الإسبانية""",,EGYPT,Egypt,0.0866551126516502,46
2025-03-23 05:30:00.000000 UTC,https://arabic.cnn.com/middle-east/article/2025/03/23/istanbul-mayor-testifies-in-court-as-protesters-across-turkey-defy-ban-on-gatherings,تركيا.. رئيس بلدية إسطنبول أكرم إمام أوغلو يدلي بشهادته أمام المحكمة,ISTANBUL,DEMONSTRATOR,"Istanbul, Istanbul, Turkey",-3.5483870967742,128
2025-03-23 05:30:00.000000 UTC,https://www.dostor.org/5009811,احتجاجات عارمة ضد نتنياهو وقرار إقالة رئيس الشاباك,GOVERNMENT,PRISONER,Israel,-6.97674418604651,160
2025-03-23 05:45:00.000000 UTC,https://www.mtv.com.lb/News/%D9%85%D8%AD%D9%84%D9%8A%D8%A7%D8%AA/1558851/%D9%88%D8%B2%D9%8A%D8%B1-%D9%84%D8%A8%D9%86%D8%A7%D9%86%D9%8A-%D8%A5%D9%84%D9%89-%D8%AF%D9%85%D8%B4%D9%82-%D9%82%D8%B1%D9%8A%D8%A8%D8%A7-,وزير لبناني إلى دمشق قريباً,MINIST,DAMASCUS,Syria,-1.21212121212122,40
2025-03-23 06:15:00.000000 UTC,http://www.elbrqnews.com/New-News/291847.html,تركيا.. رئيس بلدية إسطنبول يدلي بشهادته أمام المحكمة بينما يتحدى المتظاهرون في جميع أنحاء الدولة القوانين - الأول نيوز,PROSECUTOR,TURKEY,"Istanbul, Istanbul, Turkey",-3.35365853658537,20
2025-03-23 06:15:00.000000 UTC,https://www.shorouknews.com/news/view.aspx?cdate=23032025&id=5c90a9d8-acb3-4535-bb7e-82c7e9e16cc1,تركيا.. الادعاء يطالب بسجن رئيس بلدية إسطنبول انتظارا لمحاكمته,POLICE,IMAM,"Istanbul, Istanbul, Turkey",-10.7023411371237,90
2025-03-23 06:15:00.000000 UTC,https://www.shorouknews.com/news/view.aspx?cdate=23032025&id=9118a53f-0082-4ebd-b708-b72d37197990,حكومة الاحتلال الإسرائيلي تعترف بـ13 مستوطنة بالضفة وتنشئ إدارة للهجرة من غزة,ISRAELI,SETTLEMENT,"Gaza, Israel (general), Israel",-0.88757396449704,54
2025-03-23 06:15:00.000000 UTC,https://www.nile.eg/%D9%88%D8%B2%D9%8A%D8%B1-%D8%A7%D9%84%D8%AE%D8%A7%D8%B1%D8%AC%D9%8A%D8%A9-%D9%8A%D9%84%D8%AA%D9%82%D9%89-%D8%A7%D9%84%D9%8A%D9%88%D9%85-%D9%85%D9%85%D8%AB%D9%84%D8%A9-%D8%A7%D9%84%D8%B4%D8%A6%D9%88,النيل – قناة مصر الإخبارية | وزير الخارجية يلتقى اليوم ممثلة الشئون الخارجية للاتحاد الأوروبى,MINIST,ISLAMIC,"Arab League, Al Qahirah, Egypt",1.8018018018018,40
2025-03-23 06:30:00.000000 UTC,https://www.vetogate.com/5374319,استعدادات أمنية أمام مقر محاكمة رئيس بلدية إسطنبول أكرم إمام أوغلو (فيديو),POLICE,DEMONSTRATOR,"Izmir, Izmir, Turkey",-7.03703703703704,190
2025-03-23 07:15:00.000000 UTC,https://www.aljazeera.net/news/2025/3/23/20-%D8%B4%D9%87%D9%8A%D8%AF%D8%A7-%D8%A8%D8%BA%D8%A7%D8%B1%D8%A7%D8%AA-%D8%B9%D9%84%D9%89-%D8%BA%D8%B2%D8%A9-%D9%88%D8%AD%D9%83%D9%88%D9%85%D8%A9-%D9%86%D8%AA%D9%86%D9%8A%D8%A7%D9%87%D9%88,20 شهيدا بغارات على غزة وحكومة نتنياهو تقر مواصلة التصعيد,HAMAS,GAZA,"Gaza, Israel (general), Israel",-7.39371534195933,186
2025-03-23 07:15:00.000000 UTC,https://cedarnews.net/1669/,محتجون في تركيا يتظاهرون “من أجل العدالة” بعد اعتقال رئيس بلدية إسطنبول,AUTHORITIES,ISTANBUL,"Istanbul, Istanbul, Turkey",-6.04490500863558,42
2025-03-23 08:15:00.000000 UTC,http://www.misr5.com/uncategorized/140.html,وكيلة الشيوخ: الرئيس السيسي يولي أهمية كبيرة لدعم المرأة وتعزيز مكانتها كشريك في بناء الدولة,PRESIDENT,EGYPT,Egypt,4.86223662884927,26
2025-03-23 08:15:00.000000 UTC,https://www.aljazeera.net/family/2025/3/23/%D8%A7%D9%84%D8%A7%D8%AF%D8%B9%D8%A7%D8%A1-%D8%A7%D9%84%D8%AA%D8%B1%D9%83%D9%8A-%D9%8A%D8%B7%D8%A7%D9%84%D8%A8-%D8%A8%D8%B3%D8%AC%D9%86-%D8%B1%D8%A6%D9%8A%D8%B3-%D8%A8%D9%84%D8%AF%D9%8A%D8%A9,محكمة تركية تقضي بسجن رئيس بلدية إسطنبول,TURKEY,PRISON,"Istanbul, Istanbul, Turkey",-10.1639344262295,20
2025-03-23 08:15:00.000000 UTC,https://www.nile.eg/%D9%88%D8%B2%D9%8A%D8%B1-%D8%A7%D9%84%D8%AE%D8%A7%D8%B1%D8%AC%D9%8A%D8%A9-%D9%88%D8%A7%D9%84%D9%87%D8%AC%D8%B1%D8%A9-%D9%8A%D9%84%D8%AA%D9%82%D9%89-%D9%85%D8%B9-%D8%A7%D9%84%D8%B5%D8%AD%D9%81%D9%8A,النيل – قناة مصر الإخبارية | وزير الخارجية والهجرة يلتقى مع الصحفيين المعتمدين بوزارة الخارجية وقادة الفكر والرأى,JOURNALIST,MINISTRY,Egypt,1.15830115830116,40
2025-03-23 08:15:00.000000 UTC,http://www.elbrqnews.com/New-News/291924.html,وزير المواصلات والاتصالات: منظومة تقنية متطورة للأرصاد الجوية وتحسين التنبؤات المناخية,KING,BAHRAIN,Bahrain,6.61375661375661,51
2025-03-23 08:30:00.000000 UTC,https://www.dostor.org/5009932,برلمانية: توجيهات الرئيس السيسي بمراجعة الأعمال الدرامية هدفها التصدي لتشويه الصورة الحقيقية لمصر,PRESIDENT,EGYPT,Egypt,2.72373540856031,10
2025-03-23 08:45:00.000000 UTC,https://www.nna-leb.gov.lb/ar/%D8%B3%D9%8A%D8%A7%D8%B3%D8%A9/767705,الوكالة الوطنية للإعلام - الديار: العدو يتذرع بصواريخ مجهولة لتوسيع اعتداءاته ووضع لبنان تحت النار الرئيس عون يحذّر من ضرب مشروع انقاذ لبنان وحزب الله ينفي علاقته ويقف خلف الدولة تعيين حاكم مصرف لبنان ينتظر الحسم الداخلي والخارجي... ووزير الدفاع الى دمشق قريبا؟,LEBANESE,LEBANESE,"Beirut, Beyrouth, Lebanon",-4.85093481556342,194
2025-03-23 09:00:00.000000 UTC,http://www.elbrqnews.com/New-News/291960.html,تركيا.. صدور حكم بحق رئيس بلدية إسطنبول أكرم إمام أوغلو والمعارضة تهاجم أردوغان - الأول نيوز,JUDICIARY,,"Istanbul, Istanbul, Turkey",-7.27802037845706,111
2025-03-23 09:00:00.000000 UTC,http://www.elbrqnews.com/New-News/291981.html,وزارة الري تحتفل باليوم العالمي للمياه بحضور وزيرا الأوقاف والتعليم,EUROPEAN UNION,EGYPT,"Cairo, Al Qahirah, Egypt",3.14207650273224,60
2025-03-23 09:00:00.000000 UTC,http://www.misr5.com/uncategorized/169.html,البرلمان يواصل اليوم مناقشة مشروع قانون العمل الجديد,WORKER,,Egypt,-1.0126582278481,72
2025-03-23 09:00:00.000000 UTC,http://www.elbrqnews.com/New-News/291956.html,وزير شؤون البلديات والزراعة والسفير الأميركي يشاركان في فعالية تشجير بالسفارة الأمريكية,EMBASSY,ACTOR,"Manama, Al Manamah, Bahrain",7.08661417322835,50
2025-03-23 09:15:00.000000 UTC,https://sabq.org/world/d3nex7s21t,"اعتقال ""أوغلو"" يُثير الاحتجاجات في تركيا.. والمعارضة تحاول استغلالها في الانتخابات",ANKARA,,"Ankara, Ankara, Turkey",-11.2643678160919,234
2025-03-23 09:15:00.000000 UTC,http://www.elbrqnews.com/New-News/292015.html,تعيين AECOM لتكون المخطط الرئيسي لمشروع المدينة الرقمية لشركة Beyon,COMPANY,,Bahrain,5.69105691056911,42
2025-03-23 09:15:00.000000 UTC,https://www.dostor.org/5009929,«قُتِلَ في غارة جوية».. مَن هو أسامة طبش رئيس جهاز مخابرات حماس؟,MILITARY INTELLIGENCE,HAMAS,"Gaza, Israel (general), Israel",-4.20168067226891,42
2025-03-23 09:15:00.000000 UTC,http://www.elbrqnews.com/New-News/292007.html,القضاء التركي يقرر حبس رئيس بلدية إسطنبول على ذمة التحقيق,ISTANBUL,TURKEY,"Istanbul, Istanbul, Turkey",-17.1428571428571,100
2025-03-23 09:30:00.000000 UTC,http://www.elbrqnews.com/New-News/292047.html,رئيس الوزراء العراقي يترأس اجتماعا لمتابعة إجراءات إصلاح مصرفي الرافدين والرشيد,IRAQI,MESOPOTAMIA,Iraq,0.0,42
2025-03-23 09:45:00.000000 UTC,http://www.misr5.com/uncategorized/217.html,رئيس النواب يحيل 7 اتفاقيات دولية ومشروعي قانونين إلى اللجان النوعية,CORPORATION,EGYPT,"Bani Suwayf, Bani Suwayf, Egypt",3.2345013477089,43
2025-03-23 09:45:00.000000 UTC,https://pnn.ps/news/703842,تظاهرات حاشدة في تركيا دعما لرئيس بلدية إسطنبول الموقوف,RIOT POLICE,TURKEY,"Ankara, Ankara, Turkey",-7.90960451977401,173
2025-03-23 09:45:00.000000 UTC,http://www.misr5.com/uncategorized/213.html,الرئيس السيسي يهنئ نظيره التونسي بيوم الاستقلال والأمين العام لجامعة الدول العربية بعيد التأسيس,PRESIDENT,UNIVERSITY,"Cairo, Al Qahirah, Egypt",5.30973451327434,51
2025-03-23 09:45:00.000000 UTC,http://www.misr5.com/uncategorized/209.html,نواب وأحزاب: المرأة في عهد الرئيس السيسي تعيش أزهى عصورها بتمكين غير مسبوق,PRESIDENT,EGYPT,Egypt,4.71464019851117,51
2025-03-23 09:45:00.000000 UTC,https://www.shorouknews.com/news/view.aspx?cdate=23032025&id=df8738b1-a1fa-4ef0-b16a-c6be3b638b3a,وزير النقل يتابع جاهزية المرحلة الأولى من الأتوبيس الترددي: منع الميكروباصات على الدائري بعد تشغيل المشروع,MINIST,,"Suez, As Suways, Egypt",-0.5720823798627,70
2025-03-23 09:45:00.000000 UTC,http://www.misr5.com/uncategorized/210.html,انطلاق الجلسة العامة للبرلمان لاستكمال مناقشة مشروع قانون العمل الجديد,HOUSE OF REPRESENTATIVES,CHANCELLOR,Egypt,-0.8130081300813,22
2025-03-23 09:45:00.000000 UTC,https://26sep.net/index.php/global/100397-2025-03-23-08-48-34,سجن رئيس بلدية إسطنبول والاحتجاجات تعم تركيا,GAZA,ISTANBUL,"Gaza, Israel (general), Israel",-5.44554455445544,141
2025-03-23 09:45:00.000000 UTC,https://pnn.ps/news/703856,والدة أسير إسرائيلي: الحكومة تخلت عن 24 شخصا أحياء وعادت للقتال,HAMAS,,"Gaza, Israel (general), Israel",-9.61538461538462,84
2025-03-23 09:45:00.000000 UTC,https://www.alriyadh.com/2124315,القيادة تهنئ رئيس جمهورية باكستان الإسلامية بذكرى اليوم الوطني لبلاده,RIYADH,PAKISTAN,Qatar,14.3835616438356,51
2025-03-23 10:00:00.000000 UTC,https://www.alwatanvoice.com/arabic/news/2025/03/23/1544117.html,حكومة نتنياهو تقرر مواصلة التصعيد على قطاع غزة وإقامة مديرية لتهجير سكانه,MILITARY,,"Tall As Sultan, West Bank (general), West Bank",-4.22535211267606,100
2025-03-23 10:00:00.000000 UTC,https://maqar.com/archives/707091,وزير العمل: لن يكون هناك عامل وطن غير أردني مع نهاية العام الحالي - صحيفة المقر,JORDANIAN,,"Aqaba, Al ‘Aqabah, Jordan",1.64765525982256,143
2025-03-23 10:00:00.000000 UTC,http://www.misr5.com/uncategorized/248.html,حكومة الاحتلال تقرر إنشاء إدارة لشؤون الخروج الطوعي لسكان غزة,ISRAEL,,"Gaza, Israel (general), Israel",-7.19696969696969,841
2025-03-23 10:00:00.000000 UTC,https://arabic.cnn.com/middle-east/article/2025/03/23/turkey-court-jails-istanbul-mayor-imamoglu-pending-trial-cnn-turk,تركيا.. صدور حكم بحق رئيس بلدية إسطنبول أكرم إمام أوغلو,,LIBYAN,"Istanbul, Istanbul, Turkey",-7.25689404934688,110
2025-03-23 10:15:00.000000 UTC,https://www.albayan.ae/news/uae/34955,أحمد بن سعيد يؤكد التزام دبي الراسخ بالاستدامة من خلال تعزيز السياسات الرئيسية,DUBAI,,"Dubai, Dubayy, United Arab Emirates",2.87769784172662,50
2025-03-23 10:30:00.000000 UTC,https://www.vetogate.com/5374488,النواب يوافق على مجموع مواد مشروع قانون العمل والحكومة تجهز تعديلات إضافية,TRADE UNION,,Egypt,4.5643153526971,12
2025-03-23 10:30:00.000000 UTC,https://www.dostor.org/5010138,الرئيس وصناعة القيمة,PRESIDENT,,Egypt,3.38409475465313,11
2025-03-23 10:30:00.000000 UTC,https://www.dostor.org/5010132,وزيرة التضامن: الأم المصرية رمز العطاء والدولة مستمرة فى دعمها وتمكينها,SECRETARY OF STATE,EGYPTIAN,"Wadi Al Jadid, Janub Sina', Egypt",5.69620253164557,51
2025-03-23 10:30:00.000000 UTC,https://www.vetogate.com/5374492,وزيرة التضامن: اختيار الأمهات المثاليات على مستوى الجمهورية وفقا لمعايير دقيقة,MINISTRY,,Egypt,5.3030303030303,51
2025-03-23 10:45:00.000000 UTC,http://www.misr5.com/uncategorized/290.html,البرلمان يرفض مقترح للنائب عاطف المغاوري بسبب وكالات الاستخدام: تمنح العامل نصف الأجر,PARLIAMENT,,Egypt,0.97719869706841,20
2025-03-23 10:45:00.000000 UTC,https://alfajertv.com/news/worldnews/677327.html,القضاء التركي يأمر بسجن رئيس بلدية إسطنبول المعارض - تلفزيون الفجر,RIOT POLICE,TURKEY,"Istanbul, Istanbul, Turkey",-8.7378640776699,173
2025-03-23 10:45:00.000000 UTC,https://www.nile.eg/%D8%B1%D8%A6%D9%8A%D8%B3-%D8%A7%D9%84%D9%86%D9%88%D8%A7%D8%A8-%D9%8A%D8%AD%D9%8A%D9%84-%D9%85%D8%B4%D8%B1%D9%88%D8%B9%D9%89-%D9%82%D8%A7%D9%86%D9%88%D9%86%D9%8A%D9%86-%D9%887-%D9%82%D8%B1%D8%A7%D8%B1,النيل – قناة مصر الإخبارية | رئيس النواب يحيل مشروعى قانونين و7 قرارات باتفاقيات دولية للجان المختصة,EGYPT,CORPORATION,"Cairo, Al Qahirah, Egypt",3.90625,42
2025-03-23 10:45:00.000000 UTC,https://www.wafa.ps/Pages/Details/117551,الرئيس في يوم المياه العالمي: العطش سلاح آخر خطير في يد الاحتلال لتهجير أبناء شعبنا,PALESTINIAN,,"Gaza, Israel (general), Israel",-5.63847429519071,871
2025-03-23 10:45:00.000000 UTC,http://www.elbrqnews.com/New-News/292270.html,رئيس جامعة كفر الشيخ يشارك في اجتماع الأعلى للجامعات,MINIST,,Saudi Arabia,3.66748166259168,90
2025-03-23 10:45:00.000000 UTC,http://www.elbrqnews.com/New-News/292256.html,"رئيس ""صناعة النواب"": الانضمام لمؤشر ""جاهزية الأعمال"" سيعزز من تنافسية الاقتصاد",EGYPT,,"Wizarat Al Istithmar, Al Qahirah, Egypt",4.27807486631016,84
2025-03-23 10:45:00.000000 UTC,http://www.misr5.com/uncategorized/288.html,البرلمان يوافق على مشروع قانون العمل في المجموع ويرجأ الموافقة النهائية لجلسة لاحقة,GOVERNMENT,PARLIAMENT,Egypt,2.07612456747404,20
2025-03-23 10:45:00.000000 UTC,https://www.dostor.org/5010128,المستشارة القضائية الإسرائيلية: الحكومة تريد أن تكون فوق القانون,GOVERNMENT,,"Cairo, Al Qahirah, Egypt",-5.0,110
2025-03-23 11:00:00.000000 UTC,https://www.dostor.org/5010146,وزيرة التضامن: أكثر من 75٪ من المستفيدين من الدعم النقدي سيدات,MINISTRY,,Egypt,9.19117647058825,50
2025-03-23 11:00:00.000000 UTC,http://www.misr5.com/uncategorized/332.html,«منافس أردوغان في الانتخابات الرئاسية».. القضاء التركي يأمر بسجن رئيس بلدية إسطنبول أمام أوغلو,IMAM,TURKISH,"Istanbul, Istanbul, Turkey",-3.81526104417671,173
2025-03-23 11:00:00.000000 UTC,https://www.vetogate.com/5374496,الحكومة تدرس مقترحًا لمواجهة أزمة «استمارة 6» وإجبار العامل على الاستقالة,GOVERNMENT,EGYPT,Egypt,-4.56942003514938,20
2025-03-23 11:00:00.000000 UTC,http://www.misr5.com/uncategorized/333.html,وزير الصحة أمام البرلمان: هناك سقف دستوري لا يمكن تخطيه أثناء نظر مشروع قانون المسؤولية الطبية,REPRESENTATIVES,UNIONS,Egypt,1.05263157894737,12
2025-03-23 11:15:00.000000 UTC,http://www.misr5.com/uncategorized/354.html,علاقات أخوية وثيقة.. تفاصيل لقاء الرئيس السيسي والشيخ محمد بن زايد,PRESIDENT,UNITED ARAB EMIRATES,"Diwan Ar Riasah, Abu Z¸aby, United Arab Emirates",2.95081967213115,51
2025-03-23 11:15:00.000000 UTC,https://www.vetogate.com/5374521,رئيس النواب: الدساتير المتعاقبة كفلت التزام الدولة بتقديم الخدمات الصحية للمواطنين,CRIMINAL,EGYPT,Egypt,3.125,14
2025-03-23 11:15:00.000000 UTC,https://www.elfagr.org/5139593,رئيس جامعة أسيوط يشارك في اجتماع المجلس الأعلى للجامعات بجامعة القاهرة,COLLEGE,,"Al Wadi Al Jadid, Al Wadi al Jadid, Egypt",3.37837837837838,20
2025-03-23 11:30:00.000000 UTC,http://www.misr5.com/uncategorized/364.html,رئيس النواب: آن الأوان أن يكون لمصر تشريع منظم للمسئولية الطبية يحفظ حقوق والتزامات مقدمي الخدمة الطبية ويضمن سلامة المريض,HOUSE OF REPRESENTATIVES,,Egypt,2.60545905707196,42
2025-03-23 11:30:00.000000 UTC,https://slaati.com/2025/03/23/p2656958.html,القضاء التركي يصدر حكمًا بسجن رئيس بلدية إسطنبول إمام أوغلو,TURKEY,,"Istanbul, Istanbul, Turkey",-9.85221674876843,874
2025-03-23 11:30:00.000000 UTC,http://www.misr5.com/uncategorized/367.html,رئيس الوزراء يتابع عددًا من ملفات العمل المشتركة بين وزارتي المالية والبترول,,EGYPT,"Riasat Majlis Al Wuzara, Al Jizah, Egypt",4.22535211267605,51
2025-03-23 11:30:00.000000 UTC,https://alwasat.ly/news/international/471143,القضاء التركي يأمر رسميا بسجن رئيس بلدية اسطنبول أكرم إمام أوغلو,TURKISH,GOVERNMENT,"Istanbul, Istanbul, Turkey",-5.57377049180328,120
2025-03-23 11:45:00.000000 UTC,https://www.dostor.org/5010263,نائب وزير التموين يتفقد المخابز والمجمعات في القاهرة,MINISTRY,,"Cairo, Al Qahirah, Egypt",-4.4496487119438,20
2025-03-23 11:45:00.000000 UTC,https://bokra.net/Article-1565973,القضاء التركي يأمر رسميًا بسجن رئيس بلدية اسطنبول المعارض,TURKISH,TURKEY,"Istanbul, Istanbul, Turkey",-9.2,90
2025-03-23 11:45:00.000000 UTC,https://www.shorouknews.com/news/view.aspx?cdate=23032025&id=335a0053-5457-41d6-8bd2-d3824cdc58ee,رئيس الأعلى للإعلام ووزير الثقافة يجتمعان مع رؤساء لجنة الثقافة والإعلام بالنواب والشركة المتحدة,MEDIA,COMPANY,Egypt,0.95602294455067,43
2025-03-23 11:45:00.000000 UTC,https://www.shorouknews.com/news/view.aspx?cdate=23032025&id=3ec25dd5-2e4a-4952-b36b-f26434f5f192,رئيس مجلس النواب للأطقم الطبية: أنتم أصحاب رسالة سامية.. والتاريخ شاهد على حجم مواقفكم,UNIONS,HOUSE OF REPRESENTATIVES,Egypt,3.33333333333333,12
2025-03-23 11:45:00.000000 UTC,https://www.vetogate.com/5374545,وزيرة التنمية المحلية: وراء كل أم مثالية قصة عظيمة وتضحيات,MINISTRY,,"Muhafazat Dumyat, Dumyat, Egypt",10.828025477707,51
2025-03-23 12:00:00.000000 UTC,https://alanbatnews.net/article/453765,وزير الخارجية يشارك في اجتماع اللجنة الوزارية العربية الإسلامية المعنية بغزة,EGYPT,EXPATRIATE,"Arab League, Al Qahirah, Egypt",-1.9047619047619,42
2025-03-23 12:00:00.000000 UTC,https://www.vetogate.com/5374551,وزيرة التضامن تكرم الأمهات المثاليات لعام 2025 (صور),SECRETARY OF STATE,,"Mersa Matruh, Matru?, Egypt",5.08474576271186,51
2025-03-23 12:00:00.000000 UTC,https://imn.iq/archives/116818,رئيس الوزراء يوجه بالإسراع بعملية إصلاح مصرفي الرافدين والرشيد وفق المعايير الدولية | شبكة الإعلام العراقي,CABINET,BANK,Iraq,0.869565217391308,46
2025-03-23 12:00:00.000000 UTC,https://www.dostor.org/5010307,"رئيس ""الأعلى للإعلام"" ووزير الثقافة يجتمعان مع الشركة المتحدة و""إعلام البرلمان""",MINIST,COMPANY,Egypt,0.96339113680154,40
2025-03-23 12:00:00.000000 UTC,http://www.misr5.com/uncategorized/414.html,"جلسة للتاريخ.. الحكومة والنقابة والبرلمان يحتفون ببدء مناقشات ""المسؤولية الطبية"".. والأغلبية تقترح تخفيض غرامة الأخطاء الطبيية استجابة للأطقم الصحية..صور",PARLIAMENT,,Egypt,-2.50447227191413,51
2025-03-23 12:00:00.000000 UTC,https://imn.iq/archives/116766,‌‏محكمة تركية تحكم بحبس أكرم إمام أوغلو رئيس بلدية اسطنبول | شبكة الإعلام العراقي,MAYOR,ISTANBUL,Iraq,-11.4285714285714,42
2025-03-23 12:15:00.000000 UTC,https://www.albawabhnews.com/5173437,رئيس جامعة قناة السويس يتفقد معهد الاستزراع السمكي لمتابعة سير العمل,SUEZ CANAL,EGYPT,"Suez Canal, As Suways, Egypt",5.27859237536657,90
2025-03-23 12:15:00.000000 UTC,http://www.elbrqnews.com/New-News/292463.html,وزيرة التضامن تشهد حفل تكريم الأمهات المثاليات لعام 2025,CHANCELLOR,,"Damietta, Dumyat, Egypt",6.41261993682193,13
2025-03-23 12:15:00.000000 UTC,https://www.albawabhnews.com/5173417,نائب وزير التموين يحرر محضرا لمخبز يتلاعب بوزن الرغيف بالقاهرة,MINIST,CAIRO,"Cairo, Al Qahirah, Egypt",-1.79948586118252,60
2025-03-23 12:15:00.000000 UTC,https://arabic.euronews.com/my-europe/2025/03/23/turkish-court-sentences-imamoglu-opposition-claims-political-motivation,القضاء التركي يصدر حكماً بسجن إمام أوغلو والمعارضة تتهم الحكومة بالسعي لإقصائه,THE OPPOSITION,GOVERNMENT,"Istanbul, Istanbul, Turkey",-8.61723446893792,112
2025-03-23 12:30:00.000000 UTC,https://www.vetogate.com/5374583,السيسي ووزير خارجية إريتريا يبحثان سبل استعادة استقرار السودان وحماية البحر الأحمر,MINIST,SUDAN,Egypt,5.23560209424084,40
2025-03-23 12:30:00.000000 UTC,https://www.shorouknews.com/news/view.aspx?cdate=23032025&id=95d4a358-388a-44e1-a719-73b5cd219b40,نائب وزير التموين يتفقد الأسواق بالقاهرة.. ويوجه بتشديد الرقابة على السلع الأساسية,MINIST,CAIRO,"Cairo, Al Qahirah, Egypt",-3.09597523219814,90
2025-03-23 12:30:00.000000 UTC,http://www.misr5.com/uncategorized/453.html,حماس تستنكر دعوة وزير مالية الاحتلال لتوسيع الاستيطان بالضفة الغربية,HAMAS,,West Bank,-12.3287671232877,111
2025-03-23 12:45:00.000000 UTC,https://el-balad.com/94688,الرئيس السيسي ووزير خارجية إريتريا يناقشان الأوضاع في القرن الأفريقي,EGYPT,AFRICA,Egypt,4.91803278688525,40
2025-03-23 12:45:00.000000 UTC,http://www.elbrqnews.com/New-News/292606.html,وزير الداخلية: الأمن الذي تنعم به البحرين ركيزة أساسية للمشاريع السياحية والاستثمارية والمضي قدما بتحقيق أهداف التنمية المستدامة,BAHREIN,KING,Bahrain,8.46394984326019,51
2025-03-23 12:45:00.000000 UTC,https://www.elfagr.org/5139633,وزير النقل: تشغيل 100 أتوبيس ترددي على الدائري.. وزمن التقاطر 3 دقائ,CAIRO,MINIST,"Cairo, Al Qahirah, Egypt",-1.40105078809107,70
2025-03-23 13:00:00.000000 UTC,https://www.dostor.org/5010399,وزير الكهرباء يزور شركة نظم القوى الكهربائية في جولة مفاجئة,MINIST,COMPANY,Egypt,4.06091370558376,42
2025-03-23 13:00:00.000000 UTC,http://www.elbrqnews.com/New-News/292643.html,رئيس جامعة قناة السويس يتفقد معهد الاستزراع السمكي,SUEZ CANAL,EDUCATIONAL INSTITUTION,"Ismailia, Al Isma‘iliyah, Egypt",5.26315789473684,90
2025-03-23 13:00:00.000000 UTC,https://www.nile.eg/%D9%88%D8%B2%D9%8A%D8%B1%D8%AA%D8%A7-%D8%A7%D9%84%D8%AA%D8%B6%D8%A7%D9%85%D9%86-%D9%88%D8%A7%D9%84%D8%AA%D9%86%D9%85%D9%8A%D8%A9-%D8%A7%D9%84%D9%85%D8%AD%D9%84%D9%8A%D8%A9-%D9%88%D8%B1%D8%A6%D9%8A,النيل – قناة مصر الإخبارية | وزيرتا التضامن والتنمية المحلية ورئيس القومى للمرأة تكرمن الأمهات المثاليات لعام 2025,,CHANCELLOR,"Damietta, Dumyat, Egypt",6.15808823529412,43
2025-03-23 13:15:00.000000 UTC,https://www.dostor.org/5010417,رئيس جامعة قناة السويس يتفقد معهد الاستزراع السمكي لمتابعة سير العمل,UNIVERSITY,,"Ismailia, Al Isma‘iliyah, Egypt",4.71976401179941,42
2025-03-23 13:15:00.000000 UTC,https://www.dostor.org/5010414,الرئيس الفلسطينى: لن نسمح بتصفية القضية الفلسطينية بصمودنا وثباتنا على أرض وطننا,ISRAEL,,"Cairo, Al Qahirah, Egypt",-4.12371134020618,120
2025-03-23 13:15:00.000000 UTC,https://www.aljazeera.net/news/2025/3/23/%D8%AD%D9%83%D9%88%D9%85%D8%A9-%D8%BA%D8%B2%D8%A9-%D8%AA%D8%AD%D8%B0%D8%B1-%D9%85%D9%86-%D9%83%D8%A7%D8%B1%D8%AB%D8%A9-%D8%A5%D9%86%D8%B3%D8%A7%D9%86%D9%8A%D8%A9-%D9%85%D8%B9,حكومة غزة تحذر من كارثة إنسانية مع ارتفاع معدلات الجوع والعطش,ISRAEL,,"Gaza, Israel (general), Israel",-9.95370370370369,12
2025-03-23 13:30:00.000000 UTC,https://www.vetogate.com/5374651,توجيه عاجل من وزير الصحة لتخفيف تكدس المواطنين والزحام بالمعامل المركزية,MINIST,,"Wizarat As Sihhah, Al Qahirah, Egypt",0.696130043044863,90
2025-03-23 13:30:00.000000 UTC,http://www.misr5.com/uncategorized/524.html,برلمانية الحزب المصري الديموقراطي: الطب «مهنة راقية» ونكن لها كل الاحترام والتقدير,EGYPTIAN,,"Wizarat As Sihhah, Al Qahirah, Egypt",0.499957416456412,42
2025-03-23 13:30:00.000000 UTC,https://www.kuna.net.kw/ArticleDetails.aspx?id=3223634&Language=ar,كونا : نائب رئيس الأركان العامة يبحث مع الملحق العسكري السعودي لدى البلاد موضوعات مشتركة - عام,ARMY,,Saudi Arabia,2.06185567010309,26
2025-03-23 13:45:00.000000 UTC,https://www.tayyar.org/News/Lebanon/657980/_guid=657980,وزير الزراعة يعلن حالة طوارئ... لهذا السبب,HANI,LEBANON,"Deir El Qamar, Mont-Liban, Lebanon",-1.16959064327485,43
2025-03-23 13:45:00.000000 UTC,https://www.shfanews.net/post/205668,قطر غيت ، فضيحة تهز إسرائيل ومستقبل حكومة نتنياهو على المحك ، بقلم : المهندس غسان جابر - شبكة فلسطين للأنباء - شفا,QATAR,HAMAS,"Doha, Ad Daw?ah, Qatar",-8.14249363867689,110
2025-03-23 13:45:00.000000 UTC,https://www.shorouknews.com/news/view.aspx?cdate=23032025&id=f516a750-f7fb-47a2-b9c4-4e10e871b054,وزيرة التضامن الاجتماعي: كل أم مثالية.. عنوان لصبر شعب وكرامة وطن ومستقبل نستحقه,SECRETARY OF STATE,,"Suez, As Suways, Egypt",6.33213859020311,51
2025-03-23 13:45:00.000000 UTC,https://kitabat.com/news/%D8%AD%D9%88%D9%84-%D8%A5%D9%82%D8%A7%D9%84%D8%A9-%D8%B1%D8%A6%D9%8A%D8%B3-%D8%A7%D9%84%D8%B4%D8%A7%D8%A8%D8%A7%D9%83-%D9%88%D8%A7%D9%84%D8%AD%D8%B1%D8%A8-%D8%A7%D9%84%D8%A3%D9%87%D9%84%D9%8A/,"حول إقالة رئيس ""الشاباك"" والحرب الأهلية .. ""نتانياهو"" يهز إسرائيل بما يعزم من حقائق – كتابات",PROTESTER,POLICE,"Gaza, Israel (general), Israel",-4.51612903225806,140
2025-03-23 14:00:00.000000 UTC,http://www.elbrqnews.com/New-News/292710.html,وزير الخارجية يصل إلى القاهرة لترؤس اجتماع اللجنة الوزارية بشأن التطورات في غزة,MINIST,,"Cairo, Al Qahirah, Egypt",1.11111111111111,46
2025-03-23 14:00:00.000000 UTC,https://www.nna-leb.gov.lb/ar/%D9%85%D8%AA%D9%81%D8%B1%D9%82%D8%A7%D8%AA/767781,الوكالة الوطنية للإعلام - وزير الزراعة أعلن حالة طوارئ زراعية بيئية لحماية الغابات في لبنان,MINIST,,"Deir El Qamar, Mont-Liban, Lebanon",-0.47058823529412,26
2025-03-23 14:00:00.000000 UTC,https://www.albawabhnews.com/5173466,رئيس جامعة قناة السويس يتفقد معهد الاستزراع السمكي,UNIVERSITY,EGYPT,"Ismailia, Al Isma‘iliyah, Egypt",5.34124629080119,90
2025-03-23 14:15:00.000000 UTC,https://www.okaz.com.sa/news/local/2189739,وزير الخارجية يصل إلى القاهرة لترؤس اجتماع اللجنة الوزارية بشأن التطورات في غزة,MINIST,,"Cairo, Al Qahirah, Egypt",1.14942528735632,46
2025-03-23 14:15:00.000000 UTC,https://www.dostor.org/5010488,مسؤولة السياسة الأوروبية: ندعم حل الدولتين ونشيد بالجهود العربية لإعادة إعمار غزة,EUROPEAN,GAZA,"Gaza, Israel (general), Israel",4.25531914893617,84
2025-03-23 14:15:00.000000 UTC,https://www.dostor.org/5010498,خطة الإعمار على قائمة المناقشات.. تفاصيل استقبال رئيس الوزراء لنظيره الفلسطيني,GAZA,,Gaza Strip,1.18110236220473,40
2025-03-23 14:15:00.000000 UTC,https://alahalygate.com/archives/260598,برلمانية: توجيهات الرئيس السيسي بمراجعة الأعمال الدرامية جاءت للتصدي لتشويه الصورة الحقيقية لمصر - جريدة الأهالي المصرية,EGYPT,EGYPT,Egypt,2.42914979757085,10
2025-03-23 14:15:00.000000 UTC,http://www.elbrqnews.com/world/292766.html,وزير الخارجية يصل القاهرة لترؤس اجتماع اللجنة الوزارية بشأن غزة,MINIST,,"Cairo, Al Qahirah, Egypt",1.14942528735632,46
2025-03-23 14:30:00.000000 UTC,https://www.shorouknews.com/news/view.aspx?cdate=23032025&id=4a94b97b-fa7d-4068-9007-50997d3fb05f,وزير الخارجية يرحب بدعم الاتحاد الأوروبي للخطة العربية لإعادة إعمار غزة,MINIST,EUROPEAN UNION,Lebanon,2.18446601941747,51
2025-03-23 14:30:00.000000 UTC,http://www.misr5.com/uncategorized/575.html,وزير الخارجية: «مصر ترفض التصعيد في الساحل السوري وقتل المدنيين الأبرياء»,EGYPT,SYRIAN,"Gaza, Israel (general), Israel",-5.32544378698225,120
2025-03-23 14:30:00.000000 UTC,https://www.alriyadh.com/2124318,القضاء التركي يأمر رسميا بسجن رئيس بلدية اسطنبول المعارض,ISTANBUL,IMAM,"Izmir, Izmir, Turkey",-8.36236933797909,111
2025-03-23 14:30:00.000000 UTC,http://www.elbrqnews.com/New-News/292826.html,وزير الخارجية: السبيل الوحيد لإطلاق سراح جميع المحتجزين بغزة هو العودة لمائدة التفاوض,MINIST,,Egypt,0.040935672514625,84
2025-03-23 14:30:00.000000 UTC,http://www.elbrqnews.com/New-News/292830.html,رئيس الوزراء يلتقى نظيره الفلسطيني لبحث عدد من الملفات المشتركة,MINIST,PALESTINIAN,Egypt,2.5,42
2025-03-23 14:30:00.000000 UTC,https://www.elwatannews.com/news/details/8058093,مدبولي يبحث مع رئيس الوزراء الفلسطيني خطة مصر لإعادة إعمار ق - الوطن,EGYPT,PALESTINIAN,"Gaza, Israel (general), Israel",0.9478672985782,51
2025-03-23 14:30:00.000000 UTC,http://www.misr5.com/uncategorized/577.html,الرئيس السيسي يؤكد إلتزام مصر وأريتريا بالعمل على دعم الصومال,PRESIDENT,EGYPT,Egypt,5.34124629080119,50
2025-03-23 14:30:00.000000 UTC,https://pnn.ps/news/703886,"محللو اعلام عبري : من ""الولاء للدولة"" إلى ""الطاعة لنتنياهو"": إقالة رئيس الشاباك واختبار العليا",MILITARY,ISRAEL,Israel,-4.60526315789474,10
2025-03-23 14:30:00.000000 UTC,http://www.misr5.com/uncategorized/591.html,رئيس الوزراء ونظيره الفلسطينى يبحثان تطورات الجهود الجارية للحفاظ على وقف إطلاق النار وإعادة إعمار قطاع غزة,PALESTINIAN,EGYPT,Gaza Strip,0.78328981723238,43
2025-03-23 14:30:00.000000 UTC,https://www.nile.eg/%D8%B1%D8%A6%D9%8A%D8%B3-%D8%A7%D9%84%D9%88%D8%B2%D8%B1%D8%A7%D8%A1-%D9%8A%D8%A4%D9%83%D8%AF-%D9%84%D9%86%D8%B8%D9%8A%D8%B1%D9%87-%D8%A7%D9%84%D9%81%D9%84%D8%B3%D8%B7%D9%8A%D9%86%D9%89-%D8%AF%D8%B9,النيل – قناة مصر الإخبارية | رئيس الوزراء يؤكد لنظيره الفلسطينى دعم مصر الثابت للأشقاء الفلسطينيين وجهود إعادة إعمار قطاع غزة,EGYPT,ISRAEL,Gaza Strip,1.46520146520147,51
2025-03-23 14:30:00.000000 UTC,http://www.elbrqnews.com/New-News/292797.html,وزير الخارجية يعرب عن رفض مصر التام للتصعيد في الساحل السوري,FOREIGN MINIST,EGYPT,Syria,-4.81927710843374,10
2025-03-23 14:30:00.000000 UTC,http://www.misr5.com/uncategorized/587.html,وزير الخارجية: يجب التركيز على الحلول التي تضمن بقاء السودان موحدا ومستقرا,EGYPT,SYRIAN,Syria,4.86111111111111,51
2025-03-23 14:30:00.000000 UTC,https://pnn.ps/news/703872,وزيرر الطاقة الإسرائيلي سيقترح على الحكومة قطع المياه عن قطاع غزة،,ISRAELI,GOVERNMENT,"Beirut, Beyrouth, Lebanon",-7.5949367088608,20
2025-03-23 14:30:00.000000 UTC,https://www.elwatannews.com/news/details/8058087,وزير الخارجية: مصر حققت إنجازا كبيرا بمنع الهجرة غير الشرعية - الوطن,,EUROPEAN UNION,Egypt,5.0,51
2025-03-23 14:45:00.000000 UTC,https://www.vetogate.com/5374700,رئيس الوزراء يترأس اجتماع المجموعة الوزارية للتنمية الصناعية,,MINIST,"Farouk, Bur Sa‘id, Egypt",1.20481927710844,40
2025-03-23 15:00:00.000000 UTC,https://www.nna-leb.gov.lb/ar/%D9%85%D8%AA%D9%81%D8%B1%D9%82%D8%A7%D8%AA/767785,الوكالة الوطنية للإعلام - وداع مهيب لهدى شديد في كاتدرائية مار جرجس ومرقص مثل رئيس الجمهورية ورئيسي المجلس والحكومة الرقيم البطريركي: انطفأت شمعة عمرها بهدوء وسكينة مشاركة المسيح مرّتين في آلامه آملة أن يشركها في مجد قيامته,,HOSPITAL,"Ehden, Liban-Nord, Lebanon",2.44379276637341,36
2025-03-23 15:00:00.000000 UTC,https://www.elfagr.org/5139751,وزير الخارجية والهجرة يجرى مشاورات سياسية مع الممثلة العليا للشئون الخارجية والسياسة الأمنية للاتحاد الأوروبي,EGYPT,REFUGEE,Lebanon,0.22421524663677,43
2025-03-23 15:00:00.000000 UTC,https://www.elfagr.org/5139752,عاجل| رئيس الوزراء يستقبل نظيره الفلسطيني لبحث جهود إعادة إعمار غزة,PALESTINIAN,ISRAEL,Gaza Strip,1.19047619047619,40
2025-03-23 15:15:00.000000 UTC,http://www.misr5.com/uncategorized/611.html,وزير الخارجية: نرحب بدعم الاتحاد الأوروبي للخطة العربية لإعادة إعمار غزة,MINIST,ISRAEL,Lebanon,2.71398747390397,51
2025-03-23 15:15:00.000000 UTC,http://www.elbrqnews.com/New-News/292902.html,محلل سياسي تركي لـ”السبيل”: هذا ما جرى في قضية رئيس بلدية إسطنبول,ISTANBUL,TURKEY,"Istanbul, Istanbul, Turkey",-7.39130434782609,173
2025-03-23 15:15:00.000000 UTC,https://www.albawabhnews.com/5173553,مسؤولة السياسة الخارجية الأوروبية: مصر شريك استراتيجي ونثمن جهودها لاستقرار المنطقة,EUROPEAN,,"Cairo, Al Qahirah, Egypt",0.66225165562914,10
2025-03-23 15:15:00.000000 UTC,http://www.elbrqnews.com/New-News/292933.html,وزير المواصلات والاتصالات يستقبل سفير المملكة العربية السعودية لدى مملكة البحرين,BAHRAIN,KING,Saudi Arabia,8.0,51
2025-03-23 15:15:00.000000 UTC,https://alwasat.ly/news/arabic/471200,رئيس الوزراء المصري يبحث مع نظيره الفلسطيني وقف إطلاق النار وإعادة إعمار غزة,EGYPT,PALESTINIAN,"Gaza, Israel (general), Israel",0.0,51
2025-03-23 15:30:00.000000 UTC,http://www.misr5.com/uncategorized/631.html,وزير الخارجية: السبيل الوحيد لإطلاق سراح جميع المحتجزين هو العودة لمائدة التفاوض والالتزام باتفاق غزة,EGYPTIAN,EUROPEAN,"Jerusalem, Israel (general), Israel",0.0,40
2025-03-23 15:30:00.000000 UTC,https://alanbatnews.net/article/453777,وزير العمل في جلسة حوارية في بلدية غرب اربد,WORKER,,"Aqaba, Al ‘Aqabah, Jordan",1.79977502812148,120
2025-03-23 15:45:00.000000 UTC,http://www.misr5.com/uncategorized/651.html,الحكومة ونقابة الأطباء والنواب الأغلبية والمعارضة والمستقلين يشيدون بالبرلمان ولجنة الصحة على ما تم في مشروع قانون المسئولية الطبية..صور,STUDENT,DOCTOR,"Alexandria, Al Iskandariyah, Egypt",-1.45991882293252,14
2025-03-23 16:00:00.000000 UTC,https://www.3yonnews.com/1938446,وزير الخارجية السعودي يصل القاهرة ليترأس اجتماع اللجنة الوزارية بشأن غزة,MINIST,,"Riyadh, Ar Riya?, Saudi Arabia",-2.33463035019456,46
2025-03-23 16:00:00.000000 UTC,https://www.alnilin.com/13371181.htm,شاهد بالفيديو.. بعد تحريرهم القنصلية المصرية بالخرطوم.. جنود الجيش السوداني يرفعون العلم المصري ويوجهون الشكر لحكومة وشعب المحروسة على استضافة أهاليهم ويهتفون: (نحنا مبسوطين أوي) - النيلين,CONSULATE,KHARTOUM,Egypt,4.62962962962963,42
2025-03-23 16:00:00.000000 UTC,https://www.3yonnews.com/1938441,وزير الخارجية يصل القاهرة لترؤس اجتماع اللجنة الوزارية بشأن التطورات في قطاع غزة,IRANIAN,,Iran,1.06007067137809,90
2025-03-23 16:15:00.000000 UTC,http://www.elbrqnews.com/New-News/292988.html,وزير خارجية السعودية يصل القاهرة لترؤس اجتماع اللجنة الوزارية بشأن غزة,,EUROPEAN,"Gaza, Israel (general), Israel",1.01010101010101,46
2025-03-23 16:15:00.000000 UTC,https://www.kuna.net.kw/ArticleDetails.aspx?id=3223640&Language=ar,كونا : نائب وزير الخارجية يترأس اجتماعا لمجلس السلكين الدبلوماسي والقنصلي - الشؤون السياسية,FOREIGN MINIST,,Kuwait,4.91803278688525,90
2025-03-23 16:15:00.000000 UTC,http://www.elbrqnews.com/New-News/292992.html,نقل البرلمان توصي بزيادة حصة البوتمين لمحافظة لقاهرة لإصلاح كوبري الصنايع,PARLIAMENT,CAIRO,"Giza, Al Jizah, Egypt",2.85714285714285,20
2025-03-23 16:30:00.000000 UTC,https://imn.iq/archives/116825,خطوة استراتيجية وطاقة إنتاجية.. وزير الصناعة يضع الحجر الأساس لمشروع الأسمدة النيتروجينية بالبصرة | شبكة الإعلام العراقي,GOVERNMENT,,"Ali Ahmad, Sala? ad Din, Iraq",2.76338514680484,50
2025-03-23 16:30:00.000000 UTC,https://www.dostor.org/5010595,وزير الاتصالات: نواصل قيادة التحول الرقمي وتعزيز الابتكار التكنولوجي في المشروعات الخضراء,CITIZEN,,"Wizarat Al Kharijiyah, Al Qahirah, Egypt",4.15094339622641,40
2025-03-23 16:45:00.000000 UTC,https://www.elwatannews.com/news/details/8058137,رئيس الوزراء يشارك في فعاليات إعلان الفائزين بالمبادرة الوطن - الوطن,ENVOY,,"Wizarat At Takhtit, Al Qahirah, Egypt",3.3205619412516,71
2025-03-23 16:45:00.000000 UTC,https://elnashra.com/news/show/1715875/%D9%86%D9%82%D9%84-%D8%B1%D8%A6%D9%8A%D8%B3-%D8%A8%D9%84%D8%AF%D9%8A%D8%A9-%D8%A7%D8%B3%D8%B7%D9%86%D8%A8%D9%88%D9%84-%D8%A5%D9%84%D9%89-%D8%A7%D9%84%D8%B3%D8%AC%D9%86,نقل رئيس بلدية اسطنبول إلى السجن,MAYOR,PRISON,"Istanbul, Istanbul, Turkey",-13.3858267716535,130
2025-03-23 17:00:00.000000 UTC,https://slaati.com/2025/03/23/p2657050.html,وزير الخارجية يقود اجتماعًا وزاريًا في القاهرة لبحث مستجدات غزة,EGYPT,ISRAEL,"Cairo, Al Qahirah, Egypt",1.16279069767442,40
2025-03-23 17:00:00.000000 UTC,https://www.saidaonline.com/301476,السفير الفرنسي أمضى أمسية رمضانية مميزة في صيدا وجال برفقة رئيس البلدية في رحاب المدينة القديمة وتناول السحور بمشاركة وزراء ونواب وشخصيات | صيدا اون لاين,FRENCH,LEBANON,"Mar Elias, Beyrouth, Lebanon",4.48179271708684,42
2025-03-23 17:00:00.000000 UTC,https://alahalygate.com/archives/260683,نقل البرلمان توصي بزيادة حصة البوتمين لمحافظة القاهرة لإصلاح طبقة الرصف لكوبري الصنايع - جريدة الأهالي المصرية,,HOUSE OF REPRESENTATIVES,"Cairo, Al Qahirah, Egypt",2.51256281407035,20
2025-03-23 17:00:00.000000 UTC,https://alahalygate.com/archives/260699,ممثلو الهيئات البرلمانية يشيدون بمشروع المسئولية الطبية بعد إدخال تعديلات لجنة الصحة واستجابة للنقابات الطبية المهنية - جريدة الأهالي المصرية,CHANCELLOR,HOUSE OF REPRESENTATIVES,Egypt,-1.49925037481259,42
2025-03-23 17:00:00.000000 UTC,https://www.bawabatii.com/news324086.html,وزير خارجية مصر يحذر: التوتر في البحر الأحمر يسبب ضررا كبيرا وعسكرته لا تخدم أي طرف,ISLAMIC,MINIST,"Cairo, Al Qahirah, Egypt",-6.37254901960784,40
2025-03-23 17:15:00.000000 UTC,https://www.vetogate.com/5374769,رئيس جامعة القناة يتفقد الورش التعليمية ويؤكد دعم الصناعات التكميلية (صور),,UNIVERSITY,"Suez Canal, As Suways, Egypt",4.94845360824742,43
2025-03-23 17:15:00.000000 UTC,https://palinfo.com/news/2025/03/23/944633/,حكومة الاحتلال تحجب الثقة عن المستشارة القضائية وسط غليان الشارع الإسرائيلي,MINIST,,"Jerusalem, Israel (general), Israel",-8.03571428571428,173
2025-03-23 17:15:00.000000 UTC,https://www.shorouknews.com/news/view.aspx?cdate=23032025&id=cb875299-f54c-4906-b7f4-fe04c5e6348a,الحكومة الإسرائيلية تؤيد إقالة المدعية العامة خلال تصويت بحجب الثقة,GOVERNMENT,ISRAEL,"Jerusalem, Israel (general), Israel",-6.11111111111114,133
2025-03-23 17:30:00.000000 UTC,https://www.elfagr.org/5139823,الأمن المائي وحل الدولتين واستقرار المنطقة.. نقاط رئيسية للمشاورات بين مصر والاتحاد الأوروبي,PREACHER,HAMAS,"Suez Canal, As Suways, Egypt",-0.68359375,841
2025-03-23 17:30:00.000000 UTC,https://www.shorouknews.com/news/view.aspx?cdate=23032025&id=dc28706a-330d-4dad-867e-2359189687e0,عصام خليل عقب فوزه برئاسة حزب المصريين الأحرار: مستعدون للمشاركة في الانتخابات.. ولا نمانع الدخول في تحالفات,EGYPTIAN,,Egypt,5.45808966861599,13
2025-03-23 17:45:00.000000 UTC,http://www.elbrqnews.com/New-News/293122.html,وزير الصحة يعقد اجتماعاً بشأن مشروع إنشاء شبكة وطنية متكاملة للباثولوجيا الرقمية,,MINIST,"Wizarat As Sihhah, Al Qahirah, Egypt",-0.55555555555556,46
2025-03-23 17:45:00.000000 UTC,http://www.elbrqnews.com/New-News/293136.html,دعم من المملكة المتحدة للاجئين في الأردن حملته وزيرة بريطانية,JORDAN,UNITED KINGDOM,Jordan,-2.13903743315508,51
2025-03-23 17:45:00.000000 UTC,https://el-balad.com/94718,وزير الخارجية يجري مشاورات مع الممثلة العليا للاتحاد الأوروبي حول العلاقات المشتركة,EGYPT,LEBANESE,Lebanon,2.32558139534884,51
2025-03-23 17:45:00.000000 UTC,https://alresalah.ps/post/301777/%D8%A7%D9%84%D8%B1%D8%B3%D8%A7%D9%84%D8%A9-%D8%AA%D9%81%D8%AA%D9%82%D8%AF-%D8%A3%D9%88%D9%84-%D8%B1%D8%A6%D9%8A%D8%B3-%D8%AA%D8%AD%D8%B1%D9%8A%D8%B1-%D8%B5%D8%A7%D8%BA-%D8%AD%D8%B1%D9%88%D9%81%D9%87%D8%A7,الرسالة تفتقد أول رئيس تحرير صاغ حروفها,ISRAEL,,Israel,-1.70542635658915,1822
2025-03-23 17:45:00.000000 UTC,https://www.dostor.org/5010685,فوزي: وزير الخارجية أكد للممثلة العليا للاتحاد الأوروبي على ضرورة العودة للإطار التفاوضي,EGYPT,,Israel,-7.87878787878788,120
2025-03-23 18:00:00.000000 UTC,http://www.elbrqnews.com/New-News/293192.html,الحكومة: إجازة عيد الفطر تمتد للأربعاء 2 أبريل إذا وافق 31 مارس أول أيام شوال,WORKER,MINIST,"Wizarat At Takhtit, Al Qahirah, Egypt",3.17361111111111,43
2025-03-23 18:00:00.000000 UTC,https://www.aljazeeramubasher.net/news/2025/3/23/%D9%88%D8%B2%D9%8A%D8%B1-%D8%A7%D9%84%D8%AE%D8%A7%D8%B1%D8%AC%D9%8A%D8%A9-%D8%A7%D9%84%D9%85%D8%B5%D8%B1%D9%8A-%D8%AA%D9%88%D8%A7%D9%81%D9%82-%D8%B9%D9%84%D9%89-%D9%84%D8%AC%D9%86%D8%A9,وزير الخارجية المصري: توافق على لجنة فلسطينية لإدارة قطاع غزة لمدة 6 أشهر (فيديو),GAZA,ISRAEL,Egypt,0.0,30
2025-03-23 18:00:00.000000 UTC,https://www.shfanews.net/post/205688,رئيس المخابرات العامة اللواء ماجد فرج يلتقي مسؤولي اللجان الشعبية في المخيمات - شبكة فلسطين للأنباء - شفا,INTELLIGENCE,PALESTINE,Israel,7.05128205128205,40
2025-03-23 18:00:00.000000 UTC,https://www.shfanews.net/post/205673,المستشارة القضائية : حكومة نتنياهو تسعى أن تكون فوق القانون - شبكة فلسطين للأنباء - شفا,ISRAEL,ISRAEL,"Jerusalem, Israel (general), Israel",-6.35838150289018,112
2025-03-23 18:00:00.000000 UTC,http://www.elbrqnews.com/New-News/293178.html,وزير قطاع الأعمال العام يترأس اجتماع الجمعية العامة للشركة القابضة للتشييد والتعمير,MINIST,,"Alexandria, Al Iskandariyah, Egypt",4.0590405904059,70
2025-03-23 18:30:00.000000 UTC,https://www.almanar.com.lb/13288189,نقل رئيس بلدية إسطنبول إلى السجن واستمرار الاحتجاجات,ISTANBUL,,"Istanbul, Istanbul, Turkey",-5.47169811320755,20
2025-03-23 18:30:00.000000 UTC,https://www.kuna.net.kw/ArticleDetails.aspx?id=3223656&Language=ar,كونا : وزير الخارجية المصري يؤكد ضرورة احتواء تصعيد الاحتلال الإسرائيلي الحالي في غزة - الشؤون السياسية,EGYPTIAN,REFUGEE,"Wizarat Al Kharijiyah, Al Qahirah, Egypt",0.24630541871921,43
2025-03-23 18:30:00.000000 UTC,https://alanbatnews.net/article/453808,رئيس الوزراء يثني على مبادرة شركة الفوسفات بتخصيص 40 مليون دينار ضمن المسؤولية المجتمعية لدعم قطاعيّ الصحة والتعليم,COMMUNITY,,Jordan,3.31412103746398,70
2025-03-23 18:30:00.000000 UTC,https://www.kuna.net.kw/ArticleDetails.aspx?id=3223662&Language=ar,كونا : رئيس الوزراء المصري: خطة إعمار غزة ستشهد مزيدا من التنسيق مع الأطراف الإقليمية والدولية - الشؤون السياسية,EGYPT,EGYPT,"Gaza, Israel (general), Israel",-0.43103448275862,100
2025-03-23 18:30:00.000000 UTC,https://alwasat.ly/news/international/471213,وزير الدفاع الأوكراني: بدء المحادثات الأميركية - الأوكرانية في السعودية,UKRAINE,SAUDI ARABIA,"Riyadh, Ar Riya?, Saudi Arabia",1.36529037180503,40
2025-03-23 18:30:00.000000 UTC,https://www.elwatannews.com/news/details/8058184,رئيس «الحركة الوطنية»: مصر تعيش حالة من الأمن والاستقرار بفض - الوطن,EGYPTIAN,EGYPT,"Mecca, Makkah, Saudi Arabia",7.46606334841626,51
2025-03-23 18:30:00.000000 UTC,https://www.almanar.com.lb/13288233,الرئيس عون وباسيل يشاركان في قداس بكنيسة مار يوسف في حارة حريك,LEBANON,,"Haret Hreik, Mont-Liban, Lebanon",0.40816326530612,20
2025-03-23 18:45:00.000000 UTC,https://www.dostor.org/5010742,المشاركات فى لقاء «المرأة المصرية»: الرئيس السيسى استمع لكل المداخلات بترحيب.. واقترح حلولًا للعديد من الأزمات,PRESIDENT,EGYPTIAN,"Muhafazat Suhaj, Suhaj, Egypt",4.24211070874289,10
2025-03-23 18:45:00.000000 UTC,https://pnn.ps/news/703891,الحكومة الإسرائيلية توافق بالإجماع على طلب حجب الثقة عن غالي بيهاراف ميارا,DEMONSTRATOR,,"Jerusalem, Israel (general), Israel",-5.66037735849056,120
2025-03-23 18:45:00.000000 UTC,http://www.misr5.com/uncategorized/769.html,مصر تستضيف اجتماعاً للجنة الوزارية العربية الإسلامية المعنية بغزة مع مسؤولة السياسة الخارجية الأوروبية,BUSINESS,,"Jerusalem, Israel (general), Israel",-0.80645161290322,130
2025-03-23 18:45:00.000000 UTC,https://www.elfagr.org/5139846,المشاط: الحكومة تبذل جهودًا متسقة ومتكاملة استعدادًا للمؤتمر الدولي الرابع لتمويل التنمية بأسبانيا,EGYPT,,"Wizarat At Takhtit, Al Qahirah, Egypt",3.59911406423034,71
2025-03-23 18:45:00.000000 UTC,http://www.misr5.com/uncategorized/770.html,الوزير فوزي: قوانين المسئولية الطبية معمول بها في جميع الدول المتقدمة وحان الوقت لكي يكون لمصر قانونها الخاص,GOVERNMENT,HOUSE OF REPRESENTATIVES,Egypt,1.21858339680122,90
2025-03-23 19:00:00.000000 UTC,https://www.emaratalyoum.com/local-section/other/2025-03-23-1.1930846,تحديد موعد وآلية صرف مكافأة الأداء لموظفي حكومة دبي,WORKER,,"Dubai, Dubayy, United Arab Emirates",8.09968847352025,50
2025-03-23 19:00:00.000000 UTC,https://alyaoum24.com/1955269.html,القضاء التركي يأمر بحبس رئيس بلدية إسطنبول على ذمة التحقيق في قضايا فساد,TURKISH,ISTANBUL,"Istanbul, Istanbul, Turkey",-6.84931506849315,1014
2025-03-23 19:15:00.000000 UTC,https://khabaragency.net/news229090.html,البيت الأبيض: إبادة قيادات حوثية رئيسية في هجماتنا | وكالة خبر للأنباء,MILITARY,,"Tehran, Tehran, Iran",-5.12820512820513,1384
2025-03-23 19:30:00.000000 UTC,http://www.misr5.com/uncategorized/795.html,أول مرة تحصل في مصر.. حسين لبيب رئيس نادي الزمالك يهاجم الأهلي بسبب أزمة ملف زيزو,EGYPT,,"Zamalek, Al Jizah, Egypt",-0.36630036630036,13
2025-03-23 19:30:00.000000 UTC,https://www.elfagr.org/5139871,عاجل- رئيس الوزراء يؤكد دعم مصر للفلسطينيين وجهود إعادة إعمار غزة,PALESTINIAN,EGYPT,"Gaza, Israel (general), Israel",1.49812734082397,43
2025-03-23 19:45:00.000000 UTC,https://qudspress.com/187542/,ماهدف لقاء رئيس مخابرات السلطة الفلسطينية بمسؤولي اللجان الشعبية في المخيمات؟ - وكالة قدس برس للأنباء,SECURITY FORCE,,"Gaza, Israel (general), Israel",-8.95833333333337,20
2025-03-23 20:00:00.000000 UTC,https://www.dostor.org/5010716,وزير البترول يعلنها قريبا.. تفاصيل مدرسة التعدين الأولى في مصر,COMPANY,,"Marsa Alam, Al Ba?r al A?mar, Egypt",4.95689655172414,57
2025-03-23 20:00:00.000000 UTC,https://www.vetogate.com/5374868,وزير إسرائيلي سابق فى تصريح مثير للجدل: نتنياهو يعانى من حالة نفسية وفقد القدرة العقلية,PRESIDENT,,Israel,-2.20264317180617,12
2025-03-23 20:00:00.000000 UTC,http://www.misr5.com/uncategorized/823.html,قرار رسمي من رئيس الوزراء قبل عيد الفطر 2025 ينفذ في جميع المحافظات يسعد المواطنين | ما القصة؟,CITIZEN,,Egypt,1.21212121212122,72
2025-03-23 20:15:00.000000 UTC,http://www.elbrqnews.com/New-News/293446.html,وزير الدفاع الأوكراني يعلن انطلاق المحادثات بين واشنطن وكييف بالرياض,RIYADH,UKRAINIAN,"Riyadh, Ar Riya?, Saudi Arabia",0.0,40
2025-03-23 20:15:00.000000 UTC,https://stepagency-sy.net/2025/03/23/%D8%A7%D9%84%D8%A7%D8%AA%D8%AD%D8%A7%D8%AF-%D8%A7%D9%84%D8%A3%D9%88%D8%B1%D9%88%D8%A8%D9%8A-%D9%8A%D8%AA%D8%B9%D9%87%D8%AF-%D8%A8%D8%AF%D8%B9%D9%85-%D8%B3%D9%88%D8%B1%D9%8A%D8%A7-%D9%85%D8%B3%D8%A4/,"الاتحاد الأوروبي يتعهد بدعم سوريا.. مسؤولة السياسة الخارجية تقدم ""وعداً"" من مصر | وكالة ستيب نيوز",EUROPEAN UNION,SYRIA,Syria,2.27272727272727,51
2025-03-23 20:15:00.000000 UTC,http://www.elbrqnews.com/New-News/293454.html,زعيم حزب المعارضة في تركيا: 14.85 مليون صوتوا لدعم ترشح رئيس بلدية إسطنبول المحتجز للرئاسة,TURKEY,ISTANBUL,"Istanbul, Istanbul, Turkey",-8.1196581196581,111
2025-03-23 20:15:00.000000 UTC,http://www.elbrqnews.com/New-News/293451.html,رئيس جامعة المنوفية يشارك الأطقم الطبية بالمستشفيات الجامعية ومعهد الكبد مائدة الإفطار,EGYPT,HOSPITAL,"Kulliyat At Tibb, Al Qahirah, Egypt",5.10752688172043,51
2025-03-23 20:45:00.000000 UTC,https://www.vetogate.com/5374885,نتنياهو يبحث مع وزير خارجية أمريكا استئناف العدوان على غزة,ISRAEL,UNITED STATES,"Gaza, Israel (general), Israel",-4.81195756991321,51
2025-03-23 20:45:00.000000 UTC,https://www.albayan.ae/news/middle-east/35062,رئيس الوزراء الإسرائيلي يبحث مع روبيو استئناف العمليات القتالية في غزة,BUSINESS,GAZA,Gaza Strip,-5.26315789473684,190
2025-03-23 20:45:00.000000 UTC,https://www.vetogate.com/5374869,وزير السياحة: ⁠بيع 25 ألف تذكرة لمعرض رمسيس وذهب الفراعنة بطوكيو,ASWAN,,"Abu Simbel, Aswan, Egypt",4.6692607003891,20
2025-03-23 20:45:00.000000 UTC,http://www.elbrqnews.com/New-News/293492.html,وفاة نائب وزير الخارجية السابق الكويتي خالد الجارالله,KUWAIT,,Lebanon,0.8,80
2025-03-23 21:00:00.000000 UTC,https://alanbatnews.net/article/453811,وزير الخارجية يتلقى اتصالا هاتفيا من نظيره الإيراني,MINIST,IRANIAN,Syria,-6.33802816901408,41
2025-03-23 21:15:00.000000 UTC,http://www.elbrqnews.com/New-News/293534.html,وزير السياحة والآثار يترأس اجتماع مجلس إدارة المجلس الأعلى للآثار,,MINIST,"Abydos, Al Wadi al Jadid, Egypt",5.07099391480731,43
2025-03-23 21:15:00.000000 UTC,http://www.elbrqnews.com/New-News/293555.html,وزير الخارجية يشارك في اجتماع اللجنة العربية الاسلامية المشتركة مع المفوضية السامية للاتحاد الأوروبي,ISLAMIC,GAZA,Bahrain,-4.02144772117963,18
2025-03-23 21:15:00.000000 UTC,https://www.alahednews.com.lb/article.php?id=80731&cid=114,حكومة نتنياهو تحجب الثقة عن مستشارتها القضائية,SETTLER,,Israel,-6.66666666666666,110
2025-03-23 21:30:00.000000 UTC,https://www.bawabatii.com/news324113.html,الرئيس العليمي: الغارات لن تقضي على الحوثي وإيران تقف وراء تهديدات البحر الأحمر وهذا السبيل الحيد لإعادة بناء اليمن,YEMEN,DJIBOUTI,"Sanaa, San‘a', Yemen",-0.19305019305019,332
2025-03-23 21:30:00.000000 UTC,http://www.elbrqnews.com/New-News/293600.html,وزير التموين يحضر احتفالية توقيع الشراكة بين شركة كاونسل ماسترز وكارفور مصر,COMPANY,MINIST,"Alamein, Matru?, Egypt",8.17941952506596,43
2025-03-23 21:30:00.000000 UTC,https://www.mena.org.eg:443/news/dbcall/table/webnews/id/11113150,مساعد وزير الخارجية يحث الجالية بجنوب فرنسا على المشاركة في مؤتمر,CONSULATE,MARSEILLE,"Wizarat Al Kharijiyah, Al Qahirah, Egypt",-0.7843137254902,60
2025-03-23 21:30:00.000000 UTC,https://www.mena.org.eg:443/news/dbcall/table/webnews/id/11111995,مجلس السفراء العرب ببريطانيا ووزير شئون الشرق الأوسط البريطاني يشيدون بنتائج القمة العربية الاستثنائية - Welcome to Middle East News Agency,UNITED KINGDOM,GAZA,"Gaza, Israel (general), Israel",8.56031128404669,51
2025-03-23 21:30:00.000000 UTC,https://www.dostor.org/5010889,برلماني: المرأة المصرية أثبتت أنها قادرة على تحمل المسئولية,HOUSE OF REPRESENTATIVES,PRESIDENT,Egypt,-2.07253886010362,10
2025-03-23 21:45:00.000000 UTC,http://www.misr5.com/uncategorized/890.html,«أحمد موسى»: مئات الآلاف يتظاهرون في اسطنبول احتجاجا على اعتقال رئيس البلدية,ISTANBUL,,Iran,-4.76190476190477,141
2025-03-23 21:45:00.000000 UTC,http://www.misr5.com/uncategorized/887.html,الرئيس والدراما,EGYPT,MEDIA,Egypt,-3.91304347826087,12
2025-03-23 21:45:00.000000 UTC,http://www.elbrqnews.com/New-News/293641.html,وزير المالية: حرص البحرين على مواصلة تطوير البنية التحتية وتنفيذ المشاريع التنموية,KUWAIT,,Kuwait,4.55840455840456,71
2025-03-23 22:00:00.000000 UTC,https://alwasat.ly/news/international/471245,بلدية إسطنبول: 15 مليون ناخب أدلوا بأصواتهم في الانتخابات التمهيدية للمعارضة التركية,VOTER,TURKEY,"Istanbul, Istanbul, Turkey",-3.38983050847458,14
2025-03-23 22:00:00.000000 UTC,http://www.elbrqnews.com/New-News/293687.html,زعيم المعارضة التركي: 14.85 مليون صوتوا لترشح رئيس بلدية إسطنبول المحتجز للرئاسة التركية,TURKISH,IMAM,"Ihsanoglu, Zonguldak, Turkey",-7.17213114754095,111
2025-03-23 22:00:00.000000 UTC,https://www.wafa.ps/Pages/Details/117588,اللجنة التنفيذية لمنظمة التحرير تعقد اجتماعا برئاسة الرئيس,PALESTINIAN,,"Jerusalem, Israel (general), Israel",-4.3338683788122,40
2025-03-23 22:00:00.000000 UTC,https://www.shorouknews.com/news/view.aspx?cdate=23032025&id=6387f1f4-361c-49e6-a544-b605e2319bd0,وزير التموين يشهد توقيع شراكة لتوسيع منافذ التجارة الحديثة في العلمين الجديدة,EGYPT,,"Alamein, Matru?, Egypt",7.94044665012407,51
2025-03-23 22:15:00.000000 UTC,https://www.vetogate.com/5374951,بسبب تحقيقات تحويل قطر أموالا لمكتب نتنياهو، مشاجرة بين رئيس الشاباك وبن غفير,QATAR,ISRAELI,Qatar,-4.19426048565121,71
2025-03-23 22:15:00.000000 UTC,https://www.shorouknews.com/news/view.aspx?cdate=23032025&id=6f116f2e-e7b5-48b8-8720-788c80fe5ca5,وزيرة التخطيط: نعمل على تحقيق التنمية المستدامة بمختلف المحافظات,VILLAGE,,"Wizarat At Takhtit, Al Qahirah, Egypt",3.90625,51
2025-03-23 22:15:00.000000 UTC,https://www.shfanews.net/post/205744,اللجنة التنفيذية لمنظمة التحرير تعقد اجتماعا برئاسة الرئيس عباس - شبكة فلسطين للأنباء - شفا,PRESIDENT,ISRAEL,"Unrwa, Gaza Strip (general), Gaza Strip",-4.17335473515249,46
2025-03-23 22:15:00.000000 UTC,https://www.shorouknews.com/news/view.aspx?cdate=23032025&id=6b5e35eb-00aa-473d-a339-362c6301b6da,تركيا: حزب المعارضة الرئيسي يختار إمام أوغلو منافس أردوغان المسجون مرشحا للرئاسة,IMAM,,"Istanbul, Istanbul, Turkey",-1.08303249097473,14
2025-03-23 22:15:00.000000 UTC,https://www.shorouknews.com/news/view.aspx?cdate=23032025&id=360fff4b-cbbb-4e3d-a8ce-b327b9b3838c,وزير الاتصالات: التكنولوجيا الرقمية أكثر الأدوات تأثيرًا وقدرةً على مجابهة التحديات المجتمعية وفي مقدمتها التغير المناخي,,MINIST,"Wizarat Al Kharijiyah, Al Qahirah, Egypt",4.5531197301855,13
2025-03-23 22:15:00.000000 UTC,https://www.shorouknews.com/news/view.aspx?cdate=23032025&id=e8951786-5f8e-4790-a39f-45bee47bfd53,وزيرة التخطيط: إعداد خطة التنمية الاقتصادية والاجتماعية كل 3 سنوات بدءًا من العام المالي 2026-2027,MINISTRY,EGYPT,"Wizarat At Takhtit, Al Qahirah, Egypt",3.08510638297872,71
2025-03-23 22:30:00.000000 UTC,https://cedarnews.net/1877/,شنكر: الحكومة اللبنانية تُفضل أن تُواصل إسرائيل عملياتها ضد الحزب على أن تُجري عملياتها بنفسها,ISRAEL,LEBANON,"Beirut, Beyrouth, Lebanon",-1.30890052356021,42
2025-03-23 22:30:00.000000 UTC,https://cedarnews.net/1775/,حصيلة قتلى غزة تفوق 50 ألفاً، ومسؤولة السياسة الخارجية الأوروبية تتوجه لإسرائيل والضفة الغربية للحث على استئناف الهدنة,EUROPEAN,ISRAEL,"Gaza, Israel (general), Israel",-6.33484162895927,42
2025-03-23 22:45:00.000000 UTC,https://www.shorouknews.com/news/view.aspx?cdate=23032025&id=f87f71d8-41ae-4a2a-a0e0-4dc7aa1c58be,بيع 25 ألف تذكرة خلال الأسبوع الأول من افتتاح وزير السياحة والآثار لمعرض رمسيس وذهب الفراعنة بطوكيو,MINIST,,"Abydos, Al Wadi al Jadid, Egypt",4.69667318982388,51
2025-03-23 22:45:00.000000 UTC,http://www.elbrqnews.com/New-News/293724.html,وزير الاتصالات: التكنولوجيا الرقمية أداة محورية لمواجهة التحديات وعلى رأسها التغير المناخي,EGYPT,AFRICA,"Wizarat Al Ittisalat, Al Qahirah, Egypt",3.55191256830601,100
2025-03-23 23:00:00.000000 UTC,https://alanbatnews.net/article/453828,وفد لبناني برئاسة وزير الدفاع يزور سوريا لبحث التنسيق الأمني وضبط الحدود,SYRIA,MINIST,Syria,-0.78740157480315,43
2025-03-23 23:00:00.000000 UTC,https://almasdaronline.com/articles/313754,الرئيس العليمي: الغارات الجوية وحدها لن تنهي تهديد الحوثيين للملاحة البحرية,IRANIAN,,"Sanaa, San‘a', Yemen",-3.28767123287672,20
2025-03-23 23:00:00.000000 UTC,https://www.kuna.net.kw/ArticleDetails.aspx?id=3223680&language=ar,كونا : المبعوث الامريكي: رسالة الرئيس ترامب الى المرشد الايراني محاولة لتجنب العمل العسكري - الشؤون السياسية,IRANIAN,,"Tehran, Tehran, Iran",2.87081339712919,90
2025-03-23 23:00:00.000000 UTC,https://sahifa.alkhabarnow.net/news/93432/%D9%81%D8%B1%D9%86%D8%B3%D8%A7-%D8%AA%D9%86%D8%AF%D8%AF-%D8%A8%D8%A7%D8%AD%D8%AA%D8%AC%D8%A7%D8%B2-%D8%B1%D8%A6%D9%8A%D8%B3-%D8%A8%D9%84%D8%AF%D9%8A%D8%A9-%D8%A5%D8%B3%D8%B7%D9%86%D8%A8%D9%88%D9%84/,فرنسا تندد باحتجاز رئيس بلدية إسطنبول: مساس بالديمقراطية - الخبر اليمني,TURKEY,REPRESENTATIVES,"Istanbul, Istanbul, Turkey",-10.0719424460431,110
2025-03-23 23:15:00.000000 UTC,https://www.alsahwa-yemen.net/p-83308,العليمي: الغارات غير كافية لإنهاء التهديد الحوثي ويجب دعم الحكومة لاستكمال التحرير,IRAN,,Yemen,-6.18556701030931,20
2025-03-23 23:30:00.000000 UTC,https://khabaragency.net/news229131.html,غضب واسع في تركيا بعد حبس أوغلو في يوم ترشيحه للانتخابات الرئاسية | وكالة خبر للأنباء,,CITIZEN,"Ozal, Malatya, Turkey",-4.33255269320843,51
2025-03-23 23:30:00.000000 UTC,https://www.lebanondebate.com/news/690553,بغارة على مستشفى ناصر... إسرائيل تغتال رئيس حكومة حماس البديل,ISRAEL,GOVERNMENT,"Khan Yunis, Gaza Strip (general), Gaza Strip",-5.77617328519855,186
2025-03-23 23:30:00.000000 UTC,https://alyaoum24.com/1955313.html,استمرار الاحتجاجات في تركيا مع نقل رئيس بلدية اسطنبول إلى السجن,,TURKEY,"Ankara, Ankara, Turkey",-5.75657894736842,42
2025-03-24 00:15:00.000000 UTC,http://www.elbrqnews.com/New-News/293838.html,إبراهيم الراشد يتولى القيادة كرئيس تنفيذي لبنك المنشآت الصغيرة والمتوسطة في المملكة العربية السعودية,BANK,,Saudi Arabia,6.83760683760683,71
2025-03-24 00:15:00.000000 UTC,https://www.khabaragency.net/news229131.html,غضب واسع في تركيا بعد حبس أوغلو في يوم ترشيحه للانتخابات الرئاسية | وكالة خبر للأنباء,TURKEY,TURKISH,"Istanbul, Istanbul, Turkey",-4.33255269320843,71
2025-03-24 00:30:00.000000 UTC,https://www.elwatannews.com/news/details/8058313,وزير الاتصالات: التكنولوجيا الرقمية هي الأداة الأكثر تأثيرًا - الوطن,,MINIST,"Wizarat Al Kharijiyah, Al Qahirah, Egypt",4.85268630849221,13
2025-03-24 00:30:00.000000 UTC,https://26sep.net/index.php/local/100452-2025-03-23-23-44-58,حكومة التغيير تحمّل أمريكا مسؤولية جرائمها بحق المدنيين,YEMENI,,Yemen,-6.93430656934308,180
2025-03-24 00:30:00.000000 UTC,https://elaph.com/Web/News/2025/03/1564116.html,مسؤولة السياسة الخارجية الأوروبية تتوجه لإسرائيل والضفة الغربية للحث على استئناف الهدنة,EUROPEAN,ISRAEL,"Gaza, Israel (general), Israel",-5.76,42
2025-03-24 01:15:00.000000 UTC,https://alfajertv.com/news/palnews/677364.html,اللجنة التنفيذية لمنظمة التحرير تعقد اجتماعا برئاسة الرئيس - تلفزيون الفجر,ISRAEL,MAHMOUD ABBAS,"Gaza, Israel (general), Israel",-4.20032310177706,46
2025-03-24 01:30:00.000000 UTC,https://www.sbs.com.au/language/arabic/ar/article/gaza-death-toll-surpasses-50-000-as-israel-orders-further-evacuations/fsuyk25bw,غارة إسرائيلية تستهدف مستشفى في غزة والرئيس الأمريكي يسحب التصاريح الأمنية من كامالا وكلينتون,LEBANON,MILITARY,"Gaza, Israel (general), Israel",-5.17241379310345,190
2025-03-24 01:30:00.000000 UTC,https://alrai.com/article/10872105/%D9%83%D8%AA%D8%A7%D8%A8/%D8%A7%D9%84%D9%81%D9%88%D8%B3%D9%81%D8%A7%D8%AA-%D9%88%D8%A7%D9%84%D8%AD%D9%83%D9%88%D9%85%D8%A9%D9%85%D8%A7%D8%B0%D8%A7-%D8%A8%D8%B9%D8%AF-,«الفوسفات» والحكومة..ماذا بعد ؟,COMPANY,,Jordan,4.41558441558441,10
2025-03-24 01:45:00.000000 UTC,https://www.shorouknews.com/news/view.aspx?cdate=24032025&id=5852feb1-8670-45cf-9b13-ef8c7bb12a2c,وزيرا خاجية الأردن وإيران يبحثان التطورات في الشرق الأوسط,,JORDAN,Jordan,-5.40540540540541,41
2025-03-24 02:00:00.000000 UTC,https://www.kuna.net.kw/ArticleDetails.aspx?id=3223680,كونا : المبعوث الامريكي: رسالة الرئيس ترامب الى المرشد الايراني محاولة لتجنب العمل العسكري - الشؤون السياسية,IRANIAN,IRAN,"Tehran, Tehran, Iran",2.87081339712919,10
2025-03-24 02:00:00.000000 UTC,https://www.almontasaf.net/news118365.html,"الخارجية الفرنسية تدين اعتقال رئيس بلدية إسطنبول وتصفه بـ""انتهاك خطير للديمقراطية"" | المنتصف نت",AUTHORITIES,TURKEY,"Istanbul, Istanbul, Turkey",-13.0268199233717,42
2025-03-24 02:00:00.000000 UTC,https://www.dostor.org/5010948,وزير التموين: توسع شبكة المنافذ التجارية الحديثة يحد من الممارسات الاحتكارية,MINIST,,"Alamein, Matru?, Egypt",7.73480662983425,70
2025-03-24 02:30:00.000000 UTC,http://www.elbrqnews.com/New-News/293893.html,عدد أيام إجازة عيد الفطر 2025 للقطاع الخاص والحكومة,,WORKER,Egypt,7.62711864406779,42
2025-03-24 02:45:00.000000 UTC,http://arabic.people.com.cn/n3/2025/0324/c31662-20292922.html,وزيرا خارجية الأردن وإيران يبحثان تطورات الأوضاع في المنطقة,,OMAN,Iran,-7.12250712250712,41
2025-03-24 03:15:00.000000 UTC,https://www.alnilin.com/13371212.htm,القضاء التركي يأمر رسميا بسجن رئيس بلدية اسطنبول المعارض - النيلين,ISTANBUL,IMAM,"Istanbul, Istanbul, Turkey",-7.30769230769231,111
2025-03-24 03:30:00.000000 UTC,https://www.alwatan.com.sa/article/1162818,وزير الخارجية يصل القاهرة لترؤس اجتماع اللجنة الوزارية بشأن التطورات في قطاع غزة,,MINIST,"Cairo, Al Qahirah, Egypt",1.14942528735632,46
2025-03-24 03:45:00.000000 UTC,https://www.dostor.org/5011061,تفاصيل اشتباك بن غفير ورئيس الشاباك الإسرائيلى رونين بار,ISRAELI,MINIST,Israel,-4.70914127423822,111
2025-03-24 04:00:00.000000 UTC,https://www.aljazeera.net/opinions/2025/3/24/%D8%A7%D9%84%D8%AA%D8%A7%D8%B1%D9%8A%D8%AE-%D8%A7%D9%84%D8%A5%D8%B3%D9%84%D8%A7%D9%85%D9%8A-%D9%88%D8%AA%D8%B9%D9%82%D9%8A%D8%AF%D8%A7%D8%AA-%D8%A7%D9%84%D8%B3%D9%8A%D8%A7%D8%B3%D8%A9,التاريخ الإسلامي وتعقيدات السياسة.. كتب لا بد من قراءتها,ISLAM,RELIGION,Egypt,-0.79176563737134,120
2025-03-24 04:00:00.000000 UTC,http://arabic.peopledaily.com.cn/n3/2025/0324/c31662-20292922.html,وزيرا خارجية الأردن وإيران يبحثان تطورات الأوضاع في المنطقة,IRAN,,"Wizarat As Sihhah, Al Qahirah, Egypt",-7.12250712250712,40
2025-03-24 05:45:00.000000 UTC,https://www.dostor.org/5011086,دينا جدامي: نشعر بالفخر لتكريم الرئيس السيسي لنا فى يوم المرأة,PRESIDENT,,Egypt,6.63507109004739,110
2025-03-24 06:30:00.000000 UTC,https://www.saidaonline.com/301495,إصرار رسمي على إجراء الانتخابات البلدية في موعدها ومعارك اللوائح بدأت | صيدا اون لاين,,LEBANON,"Baalbek, Mohafazat Baalbek-Hermel, Lebanon",-1.44546649145861,190
2025-03-24 06:30:00.000000 UTC,https://www.saidaonline.com/301492,"لهذه الاسباب عادت الحكومة الى ""نغمة"" شطب الودائع... | صيدا اون لاين",LEBANESE,,Lebanon,-1.50862068965518,71
2025-03-24 07:30:00.000000 UTC,https://mansheet.net/120049/%D8%B1%D8%AD%D9%84%D8%A9-%D8%B4%D8%AC%D8%A7%D8%B9%D8%A9-%D9%85%D8%B9-%D8%A7%D9%84%D8%B3%D8%B1%D8%B7%D8%A7%D9%86-%D9%88%D8%B2%D9%8A%D8%B1-%D8%A7%D9%84%D8%AA%D9%85%D9%88%D9%8A%D9%86-%D8%A7%D9%84%D8%B3/,رحلة شجاعة مع السرطان.. وزير التموين السابق يتحدث عن معاناته من الصداع إلى العلاج الكيماوي – جريدة مانشيت,EGYPT,PROFESSOR,"Al Qasr Al Ayni, Al Qahirah, Egypt",-4.46428571428571,43
2025-03-24 07:30:00.000000 UTC,https://www.nile.eg/%D9%84%D9%88%D9%85%D9%88%D9%86%D8%AF-%D8%A7%D9%84%D9%81%D8%B1%D9%86%D8%B3%D9%8A%D8%A9-%D8%AE%D8%A7%D9%85%D9%86%D8%A6%D9%89-%D8%A7%D9%84%D8%B9%D9%82%D8%A8%D8%A9-%D8%A7%D9%84%D8%B1%D8%A6%D9%8A%D8%B3,النيل – قناة مصر الإخبارية | لوموند الفرنسية: خامنئى العقبة الرئيسية أمام المفاوضات مع الولايات المتحدة,A US,IRAN,"Nowruz, Esfahan, Iran",-7.14285714285715,120
2025-03-24 07:30:00.000000 UTC,https://mansheet.net/120031/%D8%B1%D8%A6%D9%8A%D8%B3-%D8%A7%D9%84%D9%88%D8%B2%D8%B1%D8%A7%D8%A1-%D9%8A%D8%B9%D9%84%D9%86-%D8%AA%D9%81%D8%A7%D8%B5%D9%8A%D9%84-%D8%A5%D8%AC%D8%A7%D8%B2%D8%A9-%D8%B9%D9%8A%D8%AF-%D8%A7%D9%84%D9%81/,رئيس الوزراء يعلن تفاصيل إجازة عيد الفطر الجديدة للعاملين بالدولة – جريدة مانشيت,WORKER,MINIST,Egypt,3.26797385620915,43
2025-03-24 07:45:00.000000 UTC,https://www.albiladpress.com/news/2025/6006/arab-and-world/908321.html,محام إسرائيلي يدافع عن رئيس الفلبين السابق بالجنائية الدولية,INTERNATIONAL CRIMINAL COURT,ISRAEL,Israel,-7.30337078651685,100
2025-03-24 07:45:00.000000 UTC,https://www.26sep.net/index.php/newspaper/26locals/100481-2025-03-24-05-38-07,وزير الشؤون الاجتماعية يلتقي ممثلة صندوق الأمم المتحدة للسكان باليمن,UNITED NATIONS,YEMEN,Yemen,2.77777777777778,71
2025-03-24 08:00:00.000000 UTC,https://www.albayan.ae/news/uae/foreign-affairs/35157,تنفيذاً لتوجيهات رئيس الدولة .. الإمارات تُخصص 64.5 مليون دولار لمستشفى المقاصد في القدس الشرقية,,CHIEF OF STATE,"Jerusalem, Israel (general), Israel",5.40037243947858,51
2025-03-24 08:00:00.000000 UTC,https://www.elwatannews.com/news/details/8058352,وزير البترول يشهد الجمعية العامة لشركة الشرق الأوسط للصهاريج - الوطن,COMPANY,,Egypt,3.92670157068063,50
2025-03-24 08:15:00.000000 UTC,http://www.elbrqnews.com/New-News/294017.html,رئيس مركز كرداسة يحرر محضرا ضد مالك صفحة على فيس بوك,POLICE,NEIGHBORHOOD,"Giza, Al Jizah, Egypt",2.04081632653062,40
2025-03-24 08:30:00.000000 UTC,http://arabic.peopledaily.com.cn/n3/2025/0324/c31660-20293072.html,مؤسس ورئيس مجموعة طلال أبو غزالة العالمية: الصين تلعب دورا حيويا في الاقتصاد العالمي,CAIRO,XI JINPING,"Cairo, Al Qahirah, Egypt",4.56553755522828,43
2025-03-24 08:45:00.000000 UTC,https://www.dostor.org/5011197,"رابطة ""الطيارين"" تكرم وزير الطيران المدني في إفطارها السنوي",EGYPT,COMPANY,Egypt,5.23690773067332,43
2025-03-24 08:45:00.000000 UTC,http://www.elbrqnews.com/New-News/294029.html,وزير الري: إنجاز 78% من المسار الناقل لمحطة الدلتا الجديدة,,MINISTRY,"Of Canal, Al Bu?ayrah, Egypt",0.61919504643963,40
2025-03-24 09:00:00.000000 UTC,https://www.dostor.org/5011187,"عضو بـ""الشيوخ"": زيارة رئيس الإمارات لمصر تعكس عمق الشراكة الاستراتيجية بين البلدين",,EGYPT,Lebanon,0.35087719298245,42
2025-03-24 09:00:00.000000 UTC,https://pnn.ps/news/703909,"تغلغل الكهانية في الشرطة: نتنياهو يتهم رئيس الشاباك بمحاولة ""إسقاط حكومة اليمين""",POLICE,SETTLER,"Jerusalem, Israel (general), Israel",-4.17457305502846,190
2025-03-24 09:15:00.000000 UTC,https://www.elfagr.org/5140048,نتنياهو يتهم رئيس الشاباك بفتح تحقيق ضد بن غفير دون إذنه وسط تصاعد الأزمة السياسية في إسرائيل,POLITICIAN,,Israel,-7.4468085106383,42
2025-03-24 09:30:00.000000 UTC,https://www.dostor.org/5011196,رئيس مدينة كرداسة يتهم شخصًا بالتشهير به عبر فيسبوك,STUDENT,,"Giza, Al Jizah, Egypt",-7.54716981132076,20
2025-03-24 09:30:00.000000 UTC,https://alahalygate.com/archives/260718,نواب وحكومة.. قالوا عن مشروع قانون المسئولية الطبية وسلامة المريض - جريدة الأهالي المصرية,EGYPT,COMMUNITY,Egypt,1.13821138211382,42
2025-03-24 09:30:00.000000 UTC,http://www.elbrqnews.com/New-News/294131.html,"اتهام شخص بالتشهير برئيس مدينة كرداسة عبر ""فيسبوك"".. والنيابة تحقق",DETECTIVE,,"Giza, Al Jizah, Egypt",-5.70175438596491,20
2025-03-24 09:30:00.000000 UTC,https://www.shorouknews.com/news/view.aspx?cdate=24032025&id=f908bd5f-7023-43d6-87f2-b843ede0dd15,وزير الخارجية الإسرائيلي: الحرب ستتوقف غدا بشرطين - بوابة الشروق,HAMAS,,"Tel Aviv, Tel Aviv, Israel",-0.67114093959732,71
2025-03-24 09:45:00.000000 UTC,https://www.elfagr.org/5140040,وزير النقل يعلن إطلاق أول إنتاج محلي للمكونات الداخلية لعربات النوم,MINIST,WORKER,"Al Kulliyah Al Harbiyah, Al Qahirah, Egypt",4.32330827067669,51
2025-03-24 09:45:00.000000 UTC,http://www.misr5.com/uncategorized/1109.html,رئيس البرلمان يستنكر غياب وزير الصحة عن مناقشات مشروع قانون المسؤولية الطبية,HOUSE OF REPRESENTATIVES,,"Wizarat As Sihhah, Al Qahirah, Egypt",0.26525198938992,40
2025-03-24 09:45:00.000000 UTC,http://www.misr5.com/uncategorized/1096.html,انطلاق الجلسة العامة للبرلمان لاستكمال مناقشة مشروع قانون المسؤولية الطبية,HOUSE OF REPRESENTATIVES,CHANCELLOR,Egypt,1.44092219020173,22
2025-03-24 09:45:00.000000 UTC,http://www.misr5.com/uncategorized/1112.html,البرلمان يوافق على مقترح للنائب طلعت عبد القوي بشأن المادة الثانية بمشروع قانون المسؤولية الطبية,HOUSE OF REPRESENTATIVES,,Egypt,5.08474576271191,20
2025-03-24 10:00:00.000000 UTC,https://www.dostor.org/5011299,وزير التعليم العالي: خطة للتوسع في إنشاء رافد تكنولوجي ودولي لكل جامعة حكومية,STUDENT,,"Bani Suwayf, Bani Suwayf, Egypt",4.98891352549889,70
2025-03-24 10:00:00.000000 UTC,https://alwasat.ly/news/international/471253,نتنياهو يتهم رئيس «الشاباك» بفتح تحقيق حول بن غفير دون إذنه,MINIST,CRIMINAL,Israel,-4.10958904109589,20
2025-03-24 10:15:00.000000 UTC,http://www.elbrqnews.com/New-News/294177.html,رئيس حزب الجيل: حديثه ملئ الأكاذيب والمغالطات ويستهدف تهديد الدولة المصرية,GAZA,,Gaza Strip,-7.53295668549902,43
2025-03-24 10:15:00.000000 UTC,https://www.tayyar.org/News/Business/658077/_guid=658077,تركيا تحظر بيع الأسهم على المكشوف بعد سجن رئيس بلدية إسطنبول,MAYOR,TURKEY,"Istanbul, Istanbul, Turkey",-0.9009009009009,100
2025-03-24 10:15:00.000000 UTC,https://www.dostor.org/5011343,الرئيس السيسى يتسلم أوراق اعتماد 23 سفيرا جديدا,,PRESIDENT,Egypt,14.4796380090498,42
2025-03-24 10:15:00.000000 UTC,https://www.tayyar.org/News/World/658073/_guid=658073,باريس احتجاز رئيس بلدية اسطنبول يعد مساسا بالديموقراطية,MINISTRY,IMAM,"Istanbul, Istanbul, Turkey",-9.3645484949833,110
2025-03-24 10:30:00.000000 UTC,https://www.nile.eg/%D9%88%D8%B2%D9%8A%D8%B1-%D8%A7%D9%84%D8%B1%D9%89-%D9%8A%D9%86%D8%A7%D9%82%D8%B4-%D9%85%D9%82%D8%AA%D8%B1%D8%AD%D8%A7%D8%AA-%D8%A7%D9%84%D9%87%D9%8A%D9%83%D9%84-%D8%A7%D9%84%D8%A5%D8%AF%D8%A7%D8%B1,النيل – قناة مصر الإخبارية | وزير الرى يناقش مقترحات الهيكل الإدارى لمشروع الدلتا الجديدة,MINIST,,"Of Canal, Al Bu?ayrah, Egypt",0.53050397877984,20
2025-03-24 10:30:00.000000 UTC,https://alhourriah.org/article/154072,لجنة برلمانية إسرائيلية تصادق على بناء مطار في النقب قرب قطاع غزة,ISRAEL,,"Tel Aviv, Tel Aviv, Israel",1.28755364806867,31
2025-03-24 10:45:00.000000 UTC,http://www.misr5.com/uncategorized/1187.html,مسؤولة السياسة الخارجية الأوروبية: أوروبا ستبقى داعمة لأمن إسرائيل,ISRAEL,,Egypt,0.79365079365079,30
2025-03-24 10:45:00.000000 UTC,http://www.misr5.com/uncategorized/1148.html,وزير التعليم العالي يستعرض خطة عمل الوزارة لإنشاء رافد تكنولوجي ودولي لكل جامعة حكومية,ASHUR,,"Cairo University, Al Jizah, Egypt",4.90928495197439,80
2025-03-24 10:45:00.000000 UTC,http://www.misr5.com/uncategorized/1152.html,بعد إعلانها رسميًا.. الحكومة تصدر قرارها بشأن موعد إجازة عيد الفطر 2025 للموظفين باليوم والتاريخ,WORKER,,Egypt,12.0401337792642,43
2025-03-24 10:45:00.000000 UTC,https://www.kuna.net.kw/ArticleDetails.aspx?id=3223704,كونا : سمو أمير البلاد يستقبل رئيس مجلس الوزراء بالإنابة لأداء وزير الكهرباء والماء اليمين الدستورية - الديوان الأميري,CABINET,,Kuwait,9.32203389830508,42
2025-03-24 10:45:00.000000 UTC,http://www.misr5.com/uncategorized/1168.html,الرئيس السيسي يستقبل أوراق اعتماد 23 سفيراً جديداً في مصر,EGYPT,PRESIDENT,Egypt,17.3913043478261,42
2025-03-24 10:45:00.000000 UTC,http://www.misr5.com/uncategorized/1166.html,وزير الإسكان: كل الدعم للوصول إلى رؤية محددة لتصدير العقار المصري,,EGYPTIAN,"Wizarat Al Iskan, Al Qahirah, Egypt",2.72108843537415,51
2025-03-24 11:00:00.000000 UTC,https://www.elfagr.org/5140089,وزير التعليم العالي يترأس اجتماع مجلس أمناء جامعة بني سويف الأهلية,ASHUR,GOVERNMENT,"Bani Suwayf, Bani Suwayf, Egypt",5.01672240802676,51
2025-03-24 11:00:00.000000 UTC,http://www.elbrqnews.com/New-News/294331.html,وزير المكتب السلطاني يستقبل سفيري بنجلاديش وسوريا,MINIST,BANGLADESH,Oman,8.94308943089431,43
2025-03-24 11:00:00.000000 UTC,https://www.elwatannews.com/news/details/8058366,وزير البترول: وضع آبار الغاز الجديدة ضمن مرحلة تنمية منطقة غ - الوطن,MINISTRY,EGYPT,"Nile Delta, Egypt (general), Egypt",2.26244343891403,61
2025-03-24 11:00:00.000000 UTC,https://www.elwatannews.com/news/details/8058435,وزير التعليم العالي يشيد بنجاح تجربة الجامعات الأهلية المنبث - الوطن,MINIST,,"Bani Suwayf, Bani Suwayf, Egypt",4.99286733238231,51
2025-03-24 11:00:00.000000 UTC,https://mansheet.net/120203/%D8%B1%D8%A6%D9%8A%D8%B3-%D8%A7%D9%84%D9%88%D8%B2%D8%B1%D8%A7%D8%A1-%D9%8A%D8%B9%D9%84%D9%86-%D8%B9%D9%86-%D8%A7%D9%84%D9%85%D8%B4%D8%B1%D9%88%D8%B9%D8%A7%D8%AA-%D8%A7%D9%84%D9%81%D8%A7%D8%A6%D8%B2/,رئيس الوزراء يعلن عن المشروعات الفائزة في الدورة الثالثة للمبادرة الوطنية للمشروعات الخضراء الذكية – جريدة مانشيت,ENVOY,,"Wizarat At Takhtit, Al Qahirah, Egypt",3.28068043742406,71
2025-03-24 11:00:00.000000 UTC,https://mansheet.net/120221/%D8%B1%D8%A6%D9%8A%D8%B3-%D8%A7%D9%84%D9%88%D8%B2%D8%B1%D8%A7%D8%A1-%D9%8A%D8%A4%D9%83%D8%AF-%D8%B6%D8%B1%D9%88%D8%B1%D8%A9-%D8%AA%D9%81%D8%B9%D9%8A%D9%84-%D8%BA%D8%B1%D9%81-%D8%A7%D9%84%D8%A3%D8%B2/,رئيس الوزراء يؤكد ضرورة تفعيل غرف الأزمات وتعزيز الجهود لمواجهة البناء المخالف – جريدة مانشيت,MINIST,,Yemen,3.31564986737401,42
2025-03-24 11:00:00.000000 UTC,http://www.elbrqnews.com/New-News/294317.html,الرئيس السيسى يتسلم أوراق اعتماد 23 سفيرا جديدا أبرزهم ألمانيا وماليزيا,PRESIDENT,GERMANY,Egypt,14.1592920353982,43
2025-03-24 11:15:00.000000 UTC,http://www.misr5.com/uncategorized/1196.html,الرئيس السيسي يتسلم أوراق اعتماد 23 سفيرا جديدا لدى مصر,AMBASSADOR,EGYPT,Egypt,16.0804020100502,51
2025-03-24 11:15:00.000000 UTC,http://www.elbrqnews.com/New-News/294387.html,"""العزاوي"": الانتخابات المقبلة بالعراق تشهد عودة الصدر.. والسوداني مرشح لدورة ثانية",,IRAQ,"Baghdad, Baghdad, Iraq",-2.41691842900302,40
2025-03-24 11:15:00.000000 UTC,https://www.vetogate.com/5375213,"وزير الشئون النيابية يكشف آليات مواجهة البلاغات الكاذبة في ""المسئولية الطبية""",EGYPTIAN,EGYPT,Egypt,-7.69230769230765,40
2025-03-24 11:15:00.000000 UTC,https://www.albayan.ae/news/middle-east/35187,وزير الدفاع اللبناني يزور دمشق لبحث ضبط الحدود,MINIST,DAMASCUS,"Damascus, Dimashq, Syria",-5.68862275449102,42
2025-03-24 11:15:00.000000 UTC,http://www.misr5.com/uncategorized/1221.html,وزير الخارجية الإسرائيلي: لسنا ملزمين بإدخال المساعدات لغزة إذا كانت حماس ستستفيد منها,EUROPEAN UNION,EGYPT,"Gaza, Israel (general), Israel",-1.54241645244216,51
2025-03-24 11:30:00.000000 UTC,https://www.nna-leb.gov.lb/ar/%D9%85%D8%AA%D9%81%D8%B1%D9%82%D8%A7%D8%AA/767944,"الوكالة الوطنية للإعلام - رئيس منظمة ""فرسان مالطا"" في كندا: عملنا في لبنان إنساني بعيد من السياسة",CANADA,,"Bekaa, Béa, Lebanon",1.04761904761905,60
2025-03-24 11:30:00.000000 UTC,http://www.elbrqnews.com/New-News/294417.html,وزير التعليم العالي يترأس اجتماع مجلس أمناء جامعة بني سويف الأهلية,ASHUR,,"Bani Suwayf, Bani Suwayf, Egypt",4.70974808324206,80
2025-03-24 11:30:00.000000 UTC,https://www.nna-leb.gov.lb/ar/%D8%A7%D9%83%D8%B3/767957,الوكالة الوطنية للإعلام - مخزومي: توجهت الى الحكومة بسؤالٍ للكشف عن هوية مطلقي الصواريخ والجهة التي تقف وراءهم,LEBANON,,Lebanon,-5.07246376811594,181
2025-03-24 11:30:00.000000 UTC,https://www.saidaonline.com/301498,الخروقات تُرجّح تأجيل الانتخابات في الجنوب | صيدا اون لاين,PRESIDENT,LEBANESE,Lebanon,0.0,71
2025-03-24 11:30:00.000000 UTC,https://www.shorouknews.com/news/view.aspx?cdate=24032025&id=1dcb8b4d-bf38-4f23-860e-61b433d7e4b0,الرئيس السيسي يتسلم أوراق اعتماد 23 سفيراً جديداً لدى مصر,PRESIDENT,,Egypt,14.6919431279621,51
2025-03-24 11:45:00.000000 UTC,https://www.vetogate.com/5375230,القصة الكاملة لإصابة علي المصيلحي بسرطان الرئة.. أول ظهور لوزير التموين يثير الجدل.. آلامه بدأت بالصداع وانتهت بصدمة المرض.. والنشطاء: ملامحه متغيرة ربنا يشفيه,,HOSPITAL,"Al Qasr Al Ayni, Al Qahirah, Egypt",-6.22743682310469,20
2025-03-24 11:45:00.000000 UTC,https://www.dostor.org/5011455,وزير الكهرباء يستقبل سفير بريطانيا لبحث التعاون والشراكة فى مجالات الطاقة المتجددة والهيدروجين الأخضر,MINIST,UNITED KINGDOM,"Cairo, Al Qahirah, Egypt",8.48214285714285,43
2025-03-24 12:00:00.000000 UTC,http://www.misr5.com/uncategorized/1267.html,رئيس اقتصادية النواب يستعرض تقرير اتفاقية توسيع نطاق عمليات البنك الأوروبي لإعادة الإعمار والتنمية,HOUSE OF REPRESENTATIVES,EUROPEAN,Egypt,3.36134453781513,42
2025-03-24 12:00:00.000000 UTC,http://www.misr5.com/uncategorized/1269.html,البرلمان العربي: الصمت الدولي تجاه جرائم إسرائيل في غزة يمثل أكبر تهديد للمواثيق العالمية المعنية بحقوق الإنسان,ISRAEL,GAZA,"Arab League, Al Qahirah, Egypt",-3.63636363636363,12
2025-03-24 12:00:00.000000 UTC,http://www.misr5.com/uncategorized/1270.html,البرلمان يوافق على تعديل اتفاقية توسيع نطاق عمليات البنك الأوروبي لإعادة الإعمار والتنمية,BANK,SAMARKAND,Egypt,3.18720645054575,40
2025-03-24 12:00:00.000000 UTC,https://www.dostor.org/5011454,الحكومة تعلن موعد إجازة عيد الفطر وشم النسيم 2025.. تعرف على التفاصيل,EGYPT,,"Dar Al Ifta Al Misriyah, Al Qahirah, Egypt",7.14285714285714,36
2025-03-24 12:00:00.000000 UTC,https://www.dostor.org/5011417,الهضيبي: حديث الرئيس السيسي بمثابة خارطة طريق واضحة لمستقبل تمكين المرأة,PRESIDENT,,Egypt,5.5045871559633,50
2025-03-24 12:15:00.000000 UTC,http://www.misr5.com/uncategorized/1290.html,بمناسبة عيد الفطر.. وزير التعليم يصدر قرارا بمنح المدارس إجازة أسبوعًا,,SCHOOL,"Dar Al Ifta Al Misriyah, Al Qahirah, Egypt",6.33333333333333,42
2025-03-24 12:15:00.000000 UTC,http://www.elbrqnews.com/New-News/294466.html,رئيس الوزراء يناقش مخرجات اللجنة الاستشارية لتنمية الصادرات,,MINIST,"Cairo, Al Qahirah, Egypt",5.01567398119123,40
2025-03-24 12:15:00.000000 UTC,https://www.dostor.org/5011458,البرلمان العربى: الصمت الدولى على جرائم الاحتلال فى غزة تهديد لمواثيق حقوق الإنسان,PARLIAMENT,EGYPT,"Arab League, Al Qahirah, Egypt",-3.07262569832402,51
2025-03-24 12:15:00.000000 UTC,http://www.misr5.com/uncategorized/1294.html,وزير الكهرباء: العمل على زيادة مشاركة الشركات البريطانية فى مشروعات الكهرباء,UNITED KINGDOM,,"Cairo, Al Qahirah, Egypt",8.31600831600831,43
2025-03-24 12:30:00.000000 UTC,http://www.elbrqnews.com/New-News/294551.html,رابطة الطيارين تكرم وزير الطيران المدني في حفل إفطارها السنوي,MINIST,COMPANY,Egypt,5.2060737527115,42
2025-03-24 12:30:00.000000 UTC,https://www.dostor.org/5011486,وزيرى ينفى اكتشاف مدينة عملاقة مخفية تحت هضبة الجيزة,MINIST,GIZA,"Cairo, Al Qahirah, Egypt",-2.25563909774436,120
2025-03-24 12:30:00.000000 UTC,https://www.raya.ps/news/1191948.html,الرئيس في يوم المياه العالمي: العطش سلاح آخر خطير في يد الاحتلال لتهجير أبناء شعبنا,PALESTINIAN,,"Gaza, Israel (general), Israel",-5.57868442964196,871
2025-03-24 12:45:00.000000 UTC,https://www.aljazeera.net/news/2025/3/24/%D8%AD%D8%B2%D8%A8-%D8%A7%D9%84%D8%B4%D8%B9%D8%A8-%D9%8A%D8%B9%D9%84%D9%86-%D8%A5%D9%85%D8%A7%D9%85-%D8%A3%D9%88%D8%BA%D9%84%D9%88-%D9%85%D8%B1%D8%B4%D8%AD%D8%A7,حزب الشعب يعلن إمام أوغلو مرشحا رسميا للانتخابات الرئاسية التركية,PRESIDENT,TURKEY,"Belek, Diyarbakir, Turkey",-3.79746835443038,120
2025-03-24 12:45:00.000000 UTC,https://www.shorouknews.com/news/view.aspx?cdate=24032025&id=17adf64b-dfbe-4452-8703-2667a5bd6924,نائب رئيس حزب المؤتمر: محاولات تصفية القضية الفلسطينية تمثل خطرا على الأمن القومي المصري,PALESTINIAN,,Egypt,-6.62824207492791,120
2025-03-24 12:45:00.000000 UTC,http://www.elbrqnews.com/New-News/294588.html,وزيرة النقل: الحكومة ستعيد النظر بتراخيص تطبيقات النقل الذكية,GOVERNMENT,,Oman,1.04166666666667,14
2025-03-24 12:45:00.000000 UTC,https://www.aljazeeramubasher.net/news/politics/2025/3/24/%D8%A8%D8%B9%D8%AF-%D8%A3%D9%86%D8%A8%D8%A7%D8%A1-%D8%A5%D8%AC%D8%B1%D8%A7%D8%A1-%D8%AA%D8%AD%D9%82%D9%8A%D9%82-%D8%B3%D8%B1%D9%8A-%D8%A8%D8%B4%D8%A3%D9%86-%D8%A8%D9%86-%D8%BA%D9%81%D9%8A%D8%B1,بعد أنباء إجراء تحقيق سري بشأن بن غفير.. نتنياهو يهاجم رئيس الشاباك والمعارضة تحذر من كارثة,,POLITICIAN,"Gaza, Israel (general), Israel",-5.26315789473684,43
2025-03-24 12:45:00.000000 UTC,https://www.aljazeera.net/politics/2025/3/24/%D8%AE%D8%A8%D9%8A%D8%B1%D8%A9-%D9%82%D8%A7%D9%86%D9%88%D9%86%D9%8A%D8%A9-%D8%A3%D9%85%D9%8A%D8%B1%D9%83%D9%8A%D8%A9-%D9%84%D9%84%D8%AC%D8%B2%D9%8A%D8%B1%D8%A9-%D9%86%D8%AA,خبيرة قانونية أميركية للجزيرة نت: ترامب يفكك البنية التحتية للحكومة الأميركية بأكملها,WASHINGTON,AUTHORITIES,"Gaza, Israel (general), Israel",-4.08163265306123,173
2025-03-24 12:45:00.000000 UTC,https://alanbatnews.net/article/453857,وزير الخارجية الجهود الأردنية لوقف الاعتداءات الإسرائيلية لم تتوقف ولم تنقطع,JORDAN,ISRAELI,Egypt,-5.75539568345324,871
2025-03-24 12:45:00.000000 UTC,https://www.aljazeeramubasher.net/news/politics/2025/3/24/%D9%82%D8%AA%D9%84%D9%88%D8%A7-80-%D8%B7%D9%81%D9%84%D8%A7-%D8%AE%D9%84%D8%A7%D9%84-51-%D8%AF%D9%82%D9%8A%D9%82%D8%A9-%D9%86%D8%A7%D8%A6%D8%A8-%D8%A8%D8%B1%D9%8A%D8%B7%D8%A7%D9%86%D9%8A,“قتلوا 80 طفلا خلال 51 دقيقة”.. نائب بريطاني يهاجم إسرائيل ووزير الخارجية يتفاعل (شاهد),MEDIA,BRITISH,"Gaza, Israel (general), Israel",-7.03812316715542,332
2025-03-24 13:00:00.000000 UTC,http://www.elbrqnews.com/New-News/294606.html,الكويت.. وزير الأشغال العامة توقع عقد مشروع انشاء وانجاز وصيانة الطرق والبنية التحتية بمنطقة شرق الرقة,POPULATION,,Kuwait,0.39370078740158,27
2025-03-24 13:00:00.000000 UTC,https://el-balad.com/94807,وزير التعليم يصدر قرارا بمنح المدارس إجازة أسبوعا بمناسبة عيد الفطر,,WORKER,"Gaza, Israel (general), Israel",4.49438202247191,42
2025-03-24 13:00:00.000000 UTC,https://el-balad.com/94800,وزير التعليم العالي يشيد بنجاح تجربة الجامعات الأهلية المنبثقة عن الجامعات الحكومية,ASHUR,EGYPT,"Bani Suwayf, Bani Suwayf, Egypt",5.35931790499392,51
2025-03-24 13:00:00.000000 UTC,http://www.elbrqnews.com/New-News/294648.html,وزير الكهرباء يستقبل سفير بريطانيا بالقاهرة لبحث سبل دعم وتعزيز التعاون والشراكة,MINIST,CAIRO,"Cairo, Al Qahirah, Egypt",8.86363636363636,40
2025-03-24 13:45:00.000000 UTC,https://www.kuna.net.kw/ArticleDetails.aspx?id=3223732&Language=ar,كونا : وزير العدل يصدر قرارا بوجوب إثبات الدفع عبر التحويل المصرفي لتعزيز شفافية المعاملات العقارية - عام,MINIST,NASSER,Kuwait,1.61290322580645,84
2025-03-24 13:45:00.000000 UTC,https://www.kuna.net.kw/ArticleDetails.aspx?id=3223730&language=ar,كونا : وزير الخارجية التركي يزور واشنطن غدا الثلاثاء - الشؤون السياسية,ANKARA,,"Ankara, Ankara, Turkey",1.85185185185185,51
2025-03-24 13:45:00.000000 UTC,https://www.kuna.net.kw/ArticleDetails.aspx?id=3223723&Language=ar,كونا : وزير الدفاع يبحث مع السفير الإيطالي لدى البلاد موضوعات مشتركة - عام,ABDULLAH,,Kuwait,5.20833333333333,51
2025-03-24 13:45:00.000000 UTC,http://www.elbrqnews.com/New-News/294697.html,طلاب جامعة قناة السويس الوافدون يشاركون في حفل الإفطار السنوي بالقاهرة بحضور وزير التعليم العالي,STUDENT,,Syria,5.48926014319809,42
2025-03-24 14:00:00.000000 UTC,https://www.vetogate.com/5375341,رئيس الوزراء يستعرض خطوات واجراءات الاستغلال الأمثل لمبني قصر القطن بالإسكندرية,MINISTRY,,"Alexandria, Al Iskandariyah, Egypt",0.92592592592592,12
2025-03-24 14:00:00.000000 UTC,https://bokra.net/Article-1566056,إسرائيل تكثف سياسة التهجير القسري والاعتقالات بالضفة الغربية,ISRAELI,CITIZEN,"Jerusalem, Israel (general), Israel",-8.22122571001495,110
2025-03-24 14:00:00.000000 UTC,https://bokra.net/Article-1565505,د.عامر الهزيّل لبكرا: في زمن ترامب، وكأن إسرائيل دولته وهو رئيسها,HAMAS,PRISONER,Israel,-1.99600798403193,30
2025-03-24 14:00:00.000000 UTC,https://www.vetogate.com/5375327,وزير خارجية الاحتلال: لا نريد مواجهة تركيا في سوريا أو بأي مكان,SYRIA,SECURITY OFFICIAL,Syria,-1.78571428571429,40
2025-03-24 14:15:00.000000 UTC,https://alahalygate.com/archives/260814,وزير التموين يصدر قرارًا بتعيين أيمن إسماعيل رئيسًا لمجلس إدارة الشركة القابضة للصناعات الغذائية - جريدة الأهالي المصرية,CITIZEN,COMPANY,"Cairo, Al Qahirah, Egypt",2.35690235690236,40
2025-03-24 14:15:00.000000 UTC,https://www.nna-leb.gov.lb/ar/%D8%B3%D9%8A%D8%A7%D8%B3%D8%A9/767993,"الوكالة الوطنية للإعلام - نقاش في اللجان المشتركة حول اقتراحات القوانين المطروحة والبعض وصف اقتراح تعديل قانون الانتخاب ب""التهريبة"" و""لبنان القوي"" يحبذ ""الأرثوذكسي"" .. وقرار بالتريث الى حين أرسال ملاحظات الافرقاء بو صعب : وضع جدول الأعمال من صلاحيات رئيس المجلس حسن خليل : استكمال للطائف ولا نفرض إرادتنا على أحد",MINISTRY,,Lebanon,0.4390779363337,12
2025-03-24 14:15:00.000000 UTC,https://alahalygate.com/archives/260768,مستشفيات الحكومة و صيدليات التأمين الصحى خاوية من الأدوية والمستلزمات الطبية - جريدة الأهالي المصرية,HOSPITAL,,"Minya, Al Minya, Egypt",-7.53228120516499,114
2025-03-24 14:15:00.000000 UTC,https://www.nna-leb.gov.lb/ar/%D8%B3%D9%8A%D8%A7%D8%B3%D8%A9/768006,الوكالة الوطنية للإعلام - لقاءات ديبلوماسية للوزير سلامة محورها تفعيل العلاقات مع المغرب والنروج وأوستراليا,LEBANON,MINIST,Lebanon,7.59075907590759,43
2025-03-24 14:30:00.000000 UTC,http://www.elbrqnews.com/New-News/294813.html,وزير الكهرباء : يستقبل سفير بريطانيا بالقاهرة لبحث سبل التعاون بين البلدين,UNITED KINGDOM,EGYPT,"Cairo, Al Qahirah, Egypt",8.55855855855856,40
2025-03-24 14:30:00.000000 UTC,http://www.elbrqnews.com/New-News/294780.html,"رئيس جامعة المنوفية يعقد اجتماع لجنة قبول الهدايا والتبرعات ""أون لاين""",UNIVERSITY,,Egypt,6.46766169154228,46
2025-03-24 14:30:00.000000 UTC,http://www.elbrqnews.com/New-News/294767.html,وزيرى ينفى اكتشاف مدينة عملاقة مخفية تحت هضبة الجيزة,MINIST,GIZA,"Giza, Al Jizah, Egypt",-2.8169014084507,120
2025-03-24 14:30:00.000000 UTC,https://www.almanar.com.lb/13290884,الرئيس سلام: المدخل الطبيعي للإصلاح المالي يبدأ برفع السرية المصرفية,GOVERNMENT,,Lebanon,2.61194029850746,36
2025-03-24 14:45:00.000000 UTC,https://www.shorouknews.com/news/view.aspx?cdate=24032025&id=864e2cda-76c5-4732-ad9c-d9a301e03253,رئيس الوزراء يناقش مُخرجات اللجنة الاستشارية لتنمية الصادرات في عدة قطاعات.. ما النتائج؟,EGYPT,EXPORTER,"Minya, Al Minya, Egypt",3.19303338171262,43
2025-03-24 14:45:00.000000 UTC,https://www.albawabhnews.com/5173904,طلاب جامعة قناة السويس الوافدون يشاركون في حفل الإفطار السنوي بالقاهرة بحضور وزير التعليم العالي,EGYPTIAN,STUDENT,"Cairo, Al Qahirah, Egypt",5.39215686274509,51
2025-03-24 14:45:00.000000 UTC,https://www.kuna.net.kw/ArticleDetails.aspx?id=3223738&language=ar,كونا : وزير الصحة اللبناني: مكافحة التبغ أولوية صحية واستثمار اقتصادي فعال في ان واحد - الصحة والبيئة,LEBANESE,,"Beirut, Beyrouth, Lebanon",0.536480686695279,50
2025-03-24 14:45:00.000000 UTC,https://www.kuna.net.kw/ArticleDetails.aspx?id=3223743&Language=ar,كونا : ألمانيا تنتقد سياسة الاحتلال الاستيطانية على 13 مستوطنة في الضفة الغربية - الشؤون السياسية,MINISTRY,BERLIN,Israel,-6.85714285714285,84
2025-03-24 14:45:00.000000 UTC,https://www.dostor.org/5011698,فريدة الشوباشي: الرئيس السيسي رد اعتبار المرأة المصرية على كل المستويات,PRESIDENT,,Egypt,1.12044817927171,36
2025-03-24 14:45:00.000000 UTC,https://www.alriyadh.com/2124475,أمير الشرقية يستقبل رئيس وأعضاء مجلس إدارة جمعية “طويق”,SAUDI ARABIA,INDUSTRY,"Ash Sharqiyah, ?a'il, Saudi Arabia",4.73186119873817,43
2025-03-24 14:45:00.000000 UTC,https://www.nile.eg/%D9%88%D8%B2%D9%8A%D8%B1-%D8%A7%D9%84%D8%A8%D8%AA%D8%B1%D9%88%D9%84-%D9%85%D9%86%D8%B7%D9%82%D8%A9-%D8%A7%D9%84%D8%B5%D8%AD%D8%B1%D8%A7%D8%A1-%D8%A7%D9%84%D8%BA%D8%B1%D8%A8%D9%8A%D8%A9-%D9%84%D8%A7,النيل – قناة مصر الإخبارية | وزير البترول: منطقة الصحراء الغربية لا تزال تتمتع بإمكانات كبيرة,MINIST,,"Kalabsha, Aswan, Egypt",4.02504472271914,90
2025-03-24 14:45:00.000000 UTC,http://www.misr5.com/uncategorized/1416.html,قرارًا وزاريًا بتعيين أيمن إسماعيل رئيسًا لمجلس إدارة الشركة القابضة للصناعات الغذائية,EGYPT,COMPANY,"Cairo, Al Qahirah, Egypt",6.08228980322003,90
2025-03-24 14:45:00.000000 UTC,https://www.aksalser.com/news/2025/03/24/%D8%A7%D9%84%D8%A5%D8%B9%D9%84%D8%A7%D9%85-%D8%A7%D9%84%D8%B1%D9%88%D8%B3%D9%8A-%D8%B1%D8%A6%D9%8A%D8%B3-%D8%A8%D9%84%D8%AF%D9%8A%D8%A9-%D8%A5%D8%B3%D8%B7%D9%86%D8%A8%D9%88%D9%84-%D8%A7%D9%84%D9%85/,الإعلام الروسي : رئيس بلدية إسطنبول المحتجز يشارك مناصريه “أخباراً جعلته سعيداً جداً” - عكس السير,NEWSPAPER,OFFICIAL SOURCE,"Istanbul, Istanbul, Turkey",-2.43902439024391,10
2025-03-24 15:00:00.000000 UTC,https://www.shorouknews.com/news/view.aspx?cdate=24032025&id=e05e1ebb-35e4-40e2-ae8a-723e354bb3e2,وزير الخارجية يترأس اجتماعا تنسيقيا استعدادا لاستضافة مصر اجتماع وزاري لعملية الخرطوم,MINIST,EGYPT,Egypt,-2.8735632183908,39
2025-03-24 15:15:00.000000 UTC,https://www.shorouknews.com/news/view.aspx?cdate=24032025&id=a6c8e5c9-9527-4300-b74b-4563f5d8f911,وزير النقل السنغالي: مصر من أكثر الدول التي نرغب في التعاون معها والاحتذاء بنموذج نجاحها,WORKER,,"Wizarat Al Kharijiyah, Al Qahirah, Egypt",6.28930817610063,70
2025-03-24 15:15:00.000000 UTC,http://www.elbrqnews.com/New-News/294863.html,بوتين يبحث هاتفيا مع رئيس الإمارات سبل حل الأزمة الأوكرانية وعودة العلاقات مع أمريكا,RUSSIAN,PRESIDENT,"Riyadh, Ar Riya?, Saudi Arabia",0.0,41
2025-03-24 15:15:00.000000 UTC,https://www.mena.org.eg:443/ar/news/dbcall/table/textnews/id/11114173,وزير الداخلية الموزمبيقي يشيد في لقاء مع سفير مصر بمابوتو بقوة ومتانة العلاقات بين البلدين - Welcome to Middle East News Agency,EGYPT,MOZAMBIQUE,"Cairo, Al Qahirah, Egypt",7.35294117647056,51
2025-03-24 15:15:00.000000 UTC,http://www.elbrqnews.com/New-News/294868.html,أيمن إسماعيل رئيسا لمجلس إدارة الشركة القابضة للصناعات الغذائية,,CITIZEN,"Cairo, Al Qahirah, Egypt",6.28803245436106,40
2025-03-24 15:30:00.000000 UTC,http://www.misr5.com/uncategorized/1478.html,أيمن إسماعيل رئيساً لمجلس إدارة الشركة القابضة للصناعات الغذائية,MINIST,COMPANY,"Cairo, Al Qahirah, Egypt",4.84988452655889,46
2025-03-24 15:30:00.000000 UTC,https://www.elwatannews.com/news/details/8058515,رئيس جامعة المنيا يشارك في فعاليات حفل الإفطار السنوي للطلاب - الوطن,EGYPT,,"Minya, Al Minya, Egypt",4.95867768595041,50
2025-03-24 15:30:00.000000 UTC,http://www.misr5.com/uncategorized/1479.html,وزيرا الإسكان والأوقاف يبحثان دعم المشروعات القومية لتحسين جودة حياة المواطنين,,EGYPT,"Wizarat Al Awqaf, Al Qahirah, Egypt",8.0168776371308,43
2025-03-24 15:30:00.000000 UTC,https://jo24.net/article/527541,حزب الشعب يعلن إمام أوغلو مرشحا رسميا للانتخابات الرئاسية التركية,PRESIDENT,TURKEY,Jordan,-3.35731414868105,120
2025-03-24 15:30:00.000000 UTC,https://www.shorouknews.com/news/view.aspx?cdate=24032025&id=65e40154-ee3f-43d7-ad2a-fc3e7fd41f96,بعد تصريحات رئيس الوزراء.. هل يتولى القطاع الخاص إدارة المدارس الفنية قريبا؟,,EGYPTIAN,"Minya, Al Minya, Egypt",3.70860927152318,43
2025-03-24 15:30:00.000000 UTC,https://kuwaitnews.com/103644/,بدر ناصر الخرافي رئيساً لمجلس إدارة بورصة الكويت,COMPANY,DEPUTY,Egypt,5.46875,43
2025-03-24 15:30:00.000000 UTC,https://www.nna-leb.gov.lb/ar/%D8%A5%D9%82%D8%AA%D8%B5%D8%A7%D8%AF/768029,الوكالة الوطنية للإعلام - الهيئات الإقتصادية تعقد إجتماعا موسعا مع وزير الزراعة بحث في سبل النهوض بالقطاع وزيادة إنتاجيته خدمةً للأمن الغذائي والإقتصاد الوطني والإستقرار الإجتماعي,MINIST,,Syria,3.19148936170213,46
2025-03-24 15:30:00.000000 UTC,http://www.elbrqnews.com/New-News/294931.html,رئيس الوزراء يشهد توقيع اتفاقية مع مؤسسة التمويل الدولية لتقديم الخدمات الاستشارية في قطاع المطارات,WORLD BANK,,Egypt,2.90176151634034,71
2025-03-24 15:45:00.000000 UTC,https://www.dostor.org/5011793,رئيس الوزراء يشهد اتفاقية توسيع نطاق مشاركة القطاع الخاص في المطارات المصرية,WORLD BANK,EGYPT,Egypt,3.00187617260788,71
2025-03-24 16:00:00.000000 UTC,https://www.dostor.org/5011696,"قرار وزاري بتعيين أيمن إسماعيل رئيسًا لـ""القابضة للصناعات""",COMPANY,EGYPT,Egypt,7.80780780780781,40
2025-03-24 16:30:00.000000 UTC,http://www.misr5.com/uncategorized/1529.html,رئيس الوزراء يستعرض ملامح اتفاق الخدمات الاستشارية لتوسيع نطاق مُشاركة القطاع الخاص,CORPORATION,DEPUTY,"Cairo, Al Qahirah, Egypt",5.0185873605948,43
2025-03-24 16:30:00.000000 UTC,https://assabeel.net/21717,الملك يستقبل رئيس تيار الحكمة العراقي عمار الحكيم - السبيل,ISRAELI,GAZA,Iraq,5.68181818181818,871
2025-03-24 16:45:00.000000 UTC,http://www.elbrqnews.com/New-News/295070.html,ملك الأردن خلال لقائه رئيس تيار الحكمة الوطني بالعراق: ضرورة وقف الهجمات الإسرائيلية على غزة,,IRAQ,Jordan,-3.57142857142857,43
2025-03-24 16:45:00.000000 UTC,https://www.vetogate.com/5375435,وزير الطيران: الاتفاق مع مؤسسة التمويل الدولية خطوة مهمة لتطوير قطاع المطارات,EGYPT,CORPORATION,"Cairo, Al Qahirah, Egypt",5.10396975425331,30
2025-03-24 16:45:00.000000 UTC,https://www.albawabhnews.com/5173754,وزير الزراعة يتفقد مشروع استصلاح 650 ألف فدان بشرق العوينات.. خبراء: المشروع يعزز الاكتفاء الذاتي لكنه يواجه تحديات مائية ومناخية,,CABINET,"Wizarat Az Ziraah, Al Jizah, Egypt",2.89694649755684,43
2025-03-24 17:30:00.000000 UTC,https://www.shorouknews.com/news/view.aspx?cdate=24032025&id=d3a79ef5-bcf4-4567-889c-4dd9e0c01908,وزير الخارجية والمبعوث الأمريكي للشرق الأوسط يبحثان تثبيت اتفاق وقف إطلاق النار بغزة,QATAR,,Qatar,2.33465376099481,841
2025-03-24 17:30:00.000000 UTC,http://www.elbrqnews.com/New-News/295117.html,سياسة إسرائيل الداخلية تقضي على «وقف إطلاق النار» في غزة,POLITICIAN,PALESTINIAN,"Gaza, Israel (general), Israel",-5.99343185550083,841
2025-03-24 17:45:00.000000 UTC,https://www.dostor.org/5011938,"وزير الخارجية يبحث مع ""ويتكوف"" التهدئة وتثبيت اتفاق وقف اطلاق النار في غزة",QATAR,ISRAEL,"Cairo, Al Qahirah, Egypt",2.25563909774436,84
2025-03-24 17:45:00.000000 UTC,https://www.aljazeera.net/opinions/2025/3/24/%D9%87%D9%84-%D9%8A%D9%85%D9%83%D9%86-%D9%84%D8%A3%D9%83%D8%B1%D9%85-%D8%A5%D9%85%D8%A7%D9%85-%D8%A3%D9%88%D8%BA%D9%84%D9%88-%D8%A3%D9%86-%D9%8A%D9%83%D9%88%D9%86-%D9%85%D8%B1%D8%B4%D8%AD%D8%A7,هل يمكن أن يصبح أكرم إمام أوغلو رئيساً لتركيا؟,ISTANBUL,UNIVERSITY,"Istanbul, Istanbul, Turkey",-4.76190476190476,20
2025-03-24 17:45:00.000000 UTC,https://www.dostor.org/5011930,وزير الخارجية والمبعوث الأمريكي للمنطقة يتبادلان الرؤى والتقييمات بشأن غزة,QATAR,,Qatar,2.35294117647059,841
2025-03-24 17:45:00.000000 UTC,https://www.shorouknews.com/news/view.aspx?cdate=24032025&id=aa50f17c-15d6-4694-9bc6-6b6271df3f49,التجديد لسامية سامي رئيسا للإدارة المركزية للشركات لمدة عام بوزارة السياحة,COMPANIES,SAMI,Saudi Arabia,4.83870967741935,43
2025-03-24 17:45:00.000000 UTC,https://www.dostor.org/5011957,داونينغ ستريت: رئيس الوزراء ستارمر غير قلق بشأن تصريحات المبعوث الأمريكي,DOWNING STREET,BRITISH,"Riyadh, Ar Riya?, Saudi Arabia",1.77304964539007,13
2025-03-24 18:00:00.000000 UTC,https://www.kuna.net.kw/ArticleDetails.aspx?id=3223748&Language=ar,"كونا : وزير (التجارة) يصدر عدة إجراءات داخلية للتعامل مع ""شبهة السحوبات"" - اقتصاد",MINIST,,Kuwait,-5.3627760252366,60
2025-03-24 18:15:00.000000 UTC,https://www.okaz.com.sa/news/politics/2189872,للتنسيق الأمني على الحدود بين البلدين.. وزير الدفاع اللبناني في سورية الأربعاء,MILITARY INTELLIGENCE,SYRIA,"Wizarat Ad Dakhiliyah, Masqat, Oman",-3.8135593220339,173
2025-03-24 18:15:00.000000 UTC,http://www.elbrqnews.com/New-News/295127.html,للتنسيق الأمني على الحدود بين البلدين.. وزير الدفاع اللبناني في سورية الأربعاء,MILITARY INTELLIGENCE,SYRIAN,Jordan,-3.77366853414652,173
2025-03-24 18:15:00.000000 UTC,https://www.alquds.com/ar/posts/155903,بن غفير يهاجم رئيس الشاباك ويتهمه بالسعي لانقلاب,JUDICIARY,,Israel,-4.89038785834739,14
2025-03-24 18:30:00.000000 UTC,https://alanbatnews.net/article/453872,وزير الخارجية التركي هاكان فيدان يبدأ غداً زيارة رسمية لواشنطن لبحث الملف السوري,TURKEY,,Syria,-1.72413793103448,36
2025-03-24 18:30:00.000000 UTC,http://www.elbrqnews.com/New-News/295222.html,وزير الاتصالات يبحث مع رئيسة بعثة الاتحاد الأوروبى لدى مصر تعزيز التعاون المشترك,EGYPT,EGYPT,"Giza, Al Jizah, Egypt",6.1965811965812,36
2025-03-24 18:30:00.000000 UTC,http://www.elbrqnews.com/New-News/295243.html,د. راند رزق: الدراما المصرية في طريقها للأفضل بفضل توجيهات الرئيس ووعي صُنّاعها,EGYPTIAN,PRESIDENT,"Cairo, Al Qahirah, Egypt",0.560224089635851,51
2025-03-24 19:00:00.000000 UTC,https://www.albawabhnews.com/5174057,طموح سياسى لا يتوقف.. سينيم ديديتاش.. الرئيسة القادمة لتركيا بعد أردوغان وخليفة أوغلو في انتخابات الرئاسة,,THE POOR,"Uskudar, Istanbul, Turkey",2.02797202797202,51
2025-03-24 19:00:00.000000 UTC,https://www.mena.org.eg:443/ar/news/dbcall/table/textnews/id/11114199,رئيس الوزراء يشهد توقيع اتفاقية مع مؤسسة التمويل الدولية لتقديم الخدمات الاستشارية لتوسيع نطاق مشاركة القطاع الخاص في قطاع المطارات - Welcome to Middle East News Agency,BUSINESS,,"Cairo, Al Qahirah, Egypt",2.80701754385965,50
2025-03-24 19:00:00.000000 UTC,https://www.mena.org.eg:443/ar/news/dbcall/table/textnews/id/11114336,وزير الخارجية يبحث هاتفيًا مع,,MINIST,"Cairo, Al Qahirah, Egypt",1.93798449612403,41
2025-03-24 19:00:00.000000 UTC,https://www.kuna.net.kw/ArticleDetails.aspx?id=3223760&Language=ar,كونا : وزير الخارجية العراقي يبحث مع أمين الجامعة العربية مستجدات الأوضاع في المنطقة - الشؤون السياسية,,IRAQI,"Baghdad, Baghdad, Iraq",1.18343195266273,41
2025-03-24 19:00:00.000000 UTC,https://www.alahednews.com.lb/article.php?id=80769&cid=113,وزير الصحة وسفير اليابان أعلنا إنجاز تجهيز عشرة مستشفيات حكومية بمعدات صديقة للبيئة,,JAPAN,"Marjayoun, Nabatî, Lebanon",2.69905533063428,51
2025-03-24 19:00:00.000000 UTC,https://www.albawabhnews.com/5174060,وزير الاتصالات يبحث مع رئيسة بعثة الاتحاد الأوروبي تعزيز التعاون في التحول الرقمي,CREATIVITY,AMBASSADOR,"Cairo, Al Qahirah, Egypt",9.46502057613169,26
2025-03-24 19:15:00.000000 UTC,https://www.shorouknews.com/news/view.aspx?cdate=24032025&id=66e1c170-6836-48a8-91d5-628773006955,وزير الاتصالات يبحث مع رئيسة بعثة الاتحاد الأوروبي تعزيز التعاون في مجالات التحول الرقمي والتعهيد,CREATIVITY,CAIRO,"Wizarat Al Ittisalat, Al Qahirah, Egypt",7.05394190871369,43
2025-03-24 19:15:00.000000 UTC,https://www.nile.eg/%D9%88%D8%B2%D9%8A%D8%B1-%D8%A7%D9%84%D8%AF%D9%81%D8%A7%D8%B9-%D8%A7%D9%84%D9%84%D8%A8%D9%86%D8%A7%D9%86%D9%89-%D9%8A%D8%B2%D9%88%D8%B1-%D8%AF%D9%85%D8%B4%D9%82-%D8%A7%D9%84%D8%A3%D8%B1%D8%A8%D8%B9,النيل – قناة مصر الإخبارية | وزير الدفاع اللبنانى يزور دمشق الأربعاء لبحث أزمة الحدود,SYRIA,MINIST,"Damascus, Dimashq, Syria",-5.97402597402597,40
2025-03-24 19:15:00.000000 UTC,https://www.vetogate.com/5375410,نائب رئيس الحزب الناصري: مصر ترفض مخطط إسرائيل لترحيل سكان غزة تحت مسمى التهجير الطوعي,EGYPT,,"Jerusalem, Israel (general), Israel",-3.57142857142857,120
2025-03-24 19:15:00.000000 UTC,http://www.misr5.com/uncategorized/1627.html,قرار رسمي من وزير التعليم يطبق في كل مدارس الجمهورية .. بشرى سارة لطلاب المدارس - أجازة أسبوع كامل بمناسبة عيد الفطر 2025 | مواعيد استئناف الدراسة وصلاة العيد,STUDENT,,"Cairo, Al Qahirah, Egypt",6.89655172413793,51
2025-03-24 19:15:00.000000 UTC,https://www.nile.eg/%D9%88%D8%B2%D9%8A%D8%B1-%D8%A7%D9%84%D8%AE%D8%A7%D8%B1%D8%AC%D9%8A%D8%A9-%D9%8A%D8%A8%D8%AD%D8%AB-%D9%87%D8%A7%D8%AA%D9%81%D9%8A%D9%8B%D8%A7-%D9%85%D8%B9-%D9%88%D9%8A%D8%AA%D9%83%D9%88%D9%81,"النيل – قناة مصر الإخبارية | وزير الخارجية يبحث هاتفيًا مع ""ويتكوف"" الجهود المشتركة لإطلاق سراح الرهائن والتوصل إلى التهدئة بغزة",,FOREIGN MINIST,Egypt,1.50943396226415,41
2025-03-24 19:30:00.000000 UTC,https://www.akhbarelyoum.dz/ar/200235/339460-2025-03-24-16-54-06,الرئيس تبّون: الخلاف مع فرنسا مُفتعل..,PALESTINIAN,ISRAEL,"Gaza, Israel (general), Israel",-0.97719869706841,20
2025-03-24 19:45:00.000000 UTC,https://www.vetogate.com/5375502,وزير الاتصالات يبحث مع رئيسة بعثة الاتحاد الأوروبى بمصر تعزيز التعاون المشترك,CREATIVITY,CAIRO,"Wizarat Al Ittisalat, Al Qahirah, Egypt",6.59340659340659,43
2025-03-24 20:00:00.000000 UTC,https://www.nna-leb.gov.lb/ar/%D8%B3%D9%8A%D8%A7%D8%B3%D8%A9/768084,الوكالة الوطنية للإعلام - وزير الداخلية استقبل 3 نواب ومحافظ بيروت واطلع على برامج عمل لجنة منع التعذيب التابعة للأمم المتحدة,MINIST,,"Arsal, Mohafazat Baalbek-Hermel, Lebanon",0.0,1822
2025-03-24 20:00:00.000000 UTC,https://www.elwatannews.com/news/details/8058625,وزيرة التنمية المحلية تعلن اعتماد الكتل والمتناثرات في 16 مح - الوطن,,CABINET,"Damietta, Dumyat, Egypt",-1.55844155844156,43
2025-03-24 20:15:00.000000 UTC,https://www.aljazeera.net/politics/2025/3/24/%D8%A7%D8%AA%D9%87%D8%A7%D9%85-%D8%A7%D9%84%D8%B4%D8%A7%D8%A8%D8%A7%D9%83-%D8%A8%D8%A7%D9%84%D8%AA%D8%AC%D8%B3%D8%B3-%D8%B9%D9%84%D9%89-%D8%AD%D9%83%D9%88%D9%85%D8%A9,اتهام الشاباك بالتجسس على حكومة نتنياهو,MEDIA,,"Jerusalem, Israel (general), Israel",-5.83732057416268,10
2025-03-24 20:15:00.000000 UTC,https://www.dostor.org/5011990,حكومة نتنياهو للمحكمة: إقالة رئيس الشاباك ضمن صلاحياتنا ولا تخضع للرقابة القضائية,GOVERNMENT,,"Cairo, Al Qahirah, Egypt",-9.2436974789916,110
2025-03-24 20:15:00.000000 UTC,https://www.aljazeera.net/politics/2025/3/24/%D9%85%D9%86%D9%87%D8%A7-%D8%AA%D8%B9%D8%A7%D9%81%D9%8A-%D8%B4%D8%B9%D8%A8%D9%8A%D8%A9-%D8%A7%D9%84%D9%84%D9%8A%D8%A8%D8%B1%D8%A7%D9%84%D9%8A%D9%8A%D9%86-%D8%AF%D9%88%D8%A7%D9%81%D8%B9,لماذا أعلنت كندا انتخابات مبكرة؟,PRESIDENT,,Israel,1.48809523809524,138
2025-03-24 20:15:00.000000 UTC,https://www.wafa.ps/Pages/Details/117665,الرئيس يستقبل مفوضة السياسة الخارجية في الاتحاد الأوروبي,UNITED NATIONS,ISRAEL,Israel,-0.32362459546925,51
2025-03-24 20:15:00.000000 UTC,http://www.elbrqnews.com/New-News/295431.html,محمد أبو شامة: هناك ثلاث أزمات كبرى تحاصر حكومة نتنياهو,GOVERNMENT,,"Cairo, Al Qahirah, Egypt",-7.58293838862559,43
2025-03-24 20:30:00.000000 UTC,https://www.shorouknews.com/news/view.aspx?cdate=24032025&id=552b2969-3e3a-42ce-b534-a8146d4edab3,رئيس وزراء فلسطين: ندعو المجتمع الدولي للتحرك لإنهاء الاحتلال ومساءلة إسرائيل,STUDENT,EUROPEAN,Gaza Strip,5.96026490066225,40
2025-03-24 20:45:00.000000 UTC,https://www.almontasaf.net/news118394.html,توقيف تسعة صحفيين خلال تغطية تظاهرات ضد اعتقال رئيس بلدية إسطنبول | المنتصف نت,PARTY LEADER,TURKEY,"Istanbul, Istanbul, Turkey",-8.17307692307688,84
2025-03-24 20:45:00.000000 UTC,https://www.saidaonline.com/301521,"انتخابات 2026: ""التيار"" يخوض معركة وجود فماذا عن ""الثنائي""؟ | صيدا اون لاين",,MINIST,"Beirut, Beyrouth, Lebanon",-0.95770151636073,190
2025-03-24 21:00:00.000000 UTC,http://www.elbrqnews.com/New-News/295519.html,عاجل.. وزير التعليم العالي: نستهدف إنشاء رافد تكنولوجي ودولى لكل جامعة حكومية,ASHUR,,"Muhafazat Bani Suwayf, Bani Suwayf, Egypt",4.73061760840999,40
2025-03-24 21:15:00.000000 UTC,https://www.kul-alarab.com/Article/1104401,النائب عودة يستجوب وزير الأمن بعد اختطاف المخرج الفلسطيني بلال حمدان على يد الجيش الإسرائيلي,STUDENT,SETTLER,Israel,-8.80829015544042,10
2025-03-24 21:15:00.000000 UTC,http://www.misr5.com/uncategorized/1713.html,مشاركات الوزير محمود فوزي بمناقشات المسؤولية الطبية: اعتبار اللجنة العليا الخبير الفني لجهات التحقيق والمحاكمة مكتسب حقيقي.. لن نقيد حق الشكوى مبدئيًا.. وسنترك الحكم للتجربة,MINIST,,Iraq,-3.63554757630162,40
2025-03-24 21:30:00.000000 UTC,https://www.albayan.ae/news/uae/dubai/35315,محمد بن راشد: الإعلام رسالة وسلطة وقوة لخير الشعوب إذا أحسنا توجيهها وشريك رئيس في التنمية,,MEDIA,"Dubai, Dubayy, United Arab Emirates",4.52961672473868,46
2025-03-24 21:45:00.000000 UTC,https://www.ami.mr/archives/224149,وزير الشؤون الاسلامية يستقبل السفير الفلسطيني المعتمد لدى بلادنا - الوكالة الموريتانية للأنباء,MINIST,PALESTINIAN,Israel,5.10948905109489,43
2025-03-24 21:45:00.000000 UTC,https://almadapaper.net/399486/,الوزير والبرلماني يتجولان بحمايات مسلحة في الشوارع.. كيف نثق بقدرة الدولة على حصر السلاح؟,MEDIA,,"Baghdad, Baghdad, Iraq",-2.9093931837074,873
2025-03-24 22:00:00.000000 UTC,https://www.alquds.com/ar/posts/155916,وزير الخارجية المصري يبحث مع ويتكوف تثبيت وقف النار في غزة,EGYPT,ENVOY,Gaza Strip,-4.31654676258993,41
2025-03-24 22:00:00.000000 UTC,https://www.aljazeera.net/news/2025/3/24/%D9%86%D8%AA%D9%86%D9%8A%D8%A7%D9%87%D9%88-%D9%8A%D9%88%D8%A7%D8%B5%D9%84-%D9%85%D8%B3%D8%A7%D8%B9%D9%8A%D9%87-%D9%84%D9%84%D8%AA%D8%AE%D9%84%D8%B5-%D9%85%D9%86-%D8%B1%D8%A6%D9%8A%D8%B3,نتنياهو يواصل مساعيه للتخلّص من رئيس الشاباك,MINIST,,"Gaza, Israel (general), Israel",-5.7660626029654,112
2025-03-24 22:15:00.000000 UTC,https://www.aljazeera.net/news/2025/3/25/%D8%B9%D8%A7%D8%AC%D9%84-%D9%88%D8%B2%D9%8A%D8%B1-%D8%AE%D8%A7%D8%B1%D8%AC%D9%8A%D8%A9-%D8%A5%D9%8A%D8%B1%D8%A7%D9%86-%D9%86%D8%AD%D8%B0%D8%B1-%D9%85%D9%86,عاجل | وزير خارجية إيران: نحذر من استغلال واشنطن قواعدها العسكرية والمجال الجوي لدول المنطقة للاعتداء على شعوبها,FOREIGN MINIST,,Iraq,-12.4260355029586,90
2025-03-24 22:30:00.000000 UTC,https://www.dostor.org/5012144,"""الحرازين"": الحكومة الإسرائيلية المتطرفة باتت أكثر وضوحًا في مخططها القائم على التهجير",MILITARY,PALESTINIAN,"Gaza, Israel (general), Israel",-4.77815699658703,100
2025-03-24 22:45:00.000000 UTC,https://www.aljazeeramubasher.net/news/politics/2025/3/25/%D8%B1%D8%A6%D9%8A%D8%B3-%D8%AA%D8%AD%D8%B1%D9%8A%D8%B1-%D8%B0%D8%A7-%D8%A3%D8%AA%D9%84%D8%A7%D9%86%D8%AA%D9%8A%D9%83-%D8%A5%D8%AF%D8%A7%D8%B1%D8%A9-%D8%AA%D8%B1%D8%A7%D9%85%D8%A8,رئيس تحرير ذا أتلانتيك: إدارة ترامب أضافتني إلى مجموعة “سرية للغاية” على سيغنال لمناقشة شن هجمات على الحوثيين,YEMEN,,"Gaza, Israel (general), Israel",-1.64158686730506,138
2025-03-24 23:15:00.000000 UTC,https://www.kuna.net.kw/ArticleDetails.aspx?id=3223786&Language=ar,كونا : بغداد تأمل في ان تسهم رسالة الرئيس الامريكي الى طهران بفتح قنوات حوار بينهما - الشؤون السياسية,IRAQI,PRESIDENT,"Baghdad, Baghdad, Iraq",-0.56497175141243,70
2025-03-24 23:15:00.000000 UTC,https://www.kuna.net.kw/ArticleDetails.aspx?id=3223778&language=ar,كونا : رئيس الوزراء الفلسطيني يطالب بمحاسبة الاحتلال الإسرائيلي على أفعاله - الشؤون السياسية,EUROPEAN UNION,ISRAEL,"Gaza, Israel (general), Israel",-6.2992125984252,26
2025-03-24 23:15:00.000000 UTC,https://pnn.ps/news/703952,غالي بيهاراف ميارا تطلب تأجيل رد المحكمة العليا بشأن تجميد إقالة رئيس الشاباك,MINIST,,"Tel Aviv, Tel Aviv, Israel",-5.3370786516854,831
2025-03-24 23:15:00.000000 UTC,https://www.kuna.net.kw/ArticleDetails.aspx?id=3223777&Language=ar,"كونا : الولايات المتحدة تحث الحكومة العراقية على ""كبح جماح"" الجماعات المسلحة ومحاسبتها - الشؤون السياسية",UNITED STATES,IRAQ,Iraq,-2.17391304347826,20
2025-03-24 23:30:00.000000 UTC,https://www.annaharkw.com/annahar/Article.aspx?id=1015467,وزير الدفاع اللبناني إلى دمشق الأربعاء لبحث ضبط الحدود,DAMASCUS,LEBANESE,Syria,-2.58620689655173,43
2025-03-25 00:15:00.000000 UTC,https://www.dostor.org/5012229,برلمانى يشيد يتوجيهات الرئيس السيسى خلال لقاء المرأة المصرية,PARLIAMENT,PRESIDENT,Egypt,3.31491712707182,51
2025-03-25 00:30:00.000000 UTC,https://www.aljazeera.net/video/networks/2025/3/25/%d9%84%d9%85%d8%a7%d8%b0%d8%a7-%d8%a3%d8%ab%d8%a7%d8%b1-%d9%88%d8%b2%d9%8a%d8%b1-%d8%a7%d9%84%d8%aa%d8%ac%d8%a7%d8%b1%d8%a9-%d8%a7%d9%84%d8%a3%d9%85%d9%8a%d8%b1%d9%83%d9%8a-%d8%ba%d8%b6%d8%a8,لماذا أثار وزير التجارة الأميركي غضب الكويتيين؟ ومغردون يردون,IRAQ,,Iraq,-4.89690721649485,22
2025-03-25 01:15:00.000000 UTC,https://bokra.net/Article-1566044,ايريس شترايك لبكرا: غياب الرئيسات في الشركات الحكومية يعد فضيحة يجب معالجتها,,COMPANIES,"Ashdod, HaDarom, Israel",0.0,43
2025-03-25 01:45:00.000000 UTC,https://www.dostor.org/5012150,برلماني: مشروع قانون المسئولية الطبية يحقق التوازن بين حقوق الأطباء والمرضى,HOUSE OF REPRESENTATIVES,,Egypt,5.77777777777778,40
2025-03-25 02:15:00.000000 UTC,https://www.shfanews.net/post/205863,الرئيس عباس يستقبل مفوضة السياسة الخارجية في الاتحاد الأوروبي - شبكة فلسطين للأنباء - شفا,UNITED NATIONS,PALESTINE,Israel,0.0,51
2025-03-25 02:45:00.000000 UTC,http://arabic.people.com.cn/n3/2025/0325/c31662-20293511.html,وزير النقل يعلن انضمام العراق رسميا إلى اتفاقية التير لأول مرة في تاريخه,IRAQ,MINIST,"Baghdad, Baghdad, Iraq",3.7037037037037,46
2025-03-25 04:00:00.000000 UTC,http://www.elbrqnews.com/New-News/295925.html,وزير الصحة يتفقد جاهزية المنشآت الصحية في العاصمة المقدسة,MINIST,,"Mecca, Makkah, Saudi Arabia",6.9090909090909,90
2025-03-25 04:15:00.000000 UTC,https://pnn.ps/news/703954,"شجار بين بن غفير وبار وتحذيرات من ""اعتقال رئيس الشاباك",TERRORIST,ISRAEL,"Tel Aviv, Tel Aviv, Israel",-7.87878787878788,172
2025-03-25 04:30:00.000000 UTC,https://www.dostor.org/5012303,الرئيس الفلسطيني: يجب الضغط الدولي على الاحتلال لوقف حرب الإبادة بغزة,ISRAELI,ARMY,West Bank,-7.73480662983428,190
2025-03-25 06:30:00.000000 UTC,http://arabic.news.cn/20250325/9b2b81f4ab164d3984e60880e915a733/c.html,وزير الخارجية الإيراني يطلع نظيره العراقي على مضمون رسالة الرئيس ترامب للقيادة الإيرانية,MINIST,,Iran,-3.125,90
2025-03-25 07:15:00.000000 UTC,http://zamnpress.com/news/138873,صدام علني بين رئيس الأركان ووزير الأمن في إسرائيل حول تحقيقات 7 أكتوبر,ISRAELI,,"Gaza, Israel (general), Israel",-3.9080459770115,40
2025-03-25 07:30:00.000000 UTC,https://www.dostor.org/5012179,"بحضور وزير الشئون النيابية.. تفاصيل مناقشات البرلمان حول ""تنظيم المسئولية الطبية""",MINIST,,Egypt,-3.70031978072179,40
2025-03-25 08:00:00.000000 UTC,https://www.shorouknews.com/news/view.aspx?cdate=25032025&id=c274492b-aa1e-4d91-90ee-e325bad78bce,وزير النقل والسفير الفرنسي يبحثان المخطط الزمني لإنشاء مجمع ألستوم الصناعي,FRENCH,FRANCE,"Alexandria, Al Iskandariyah, Egypt",0.85178875638842,40
2025-03-25 08:15:00.000000 UTC,http://www.misr5.com/uncategorized/1885.html,بعد تصديق الحكومة.. موعد وعدد أيام إجازة عيد الفطر 2025,EGYPT,WORKER,"Cairo, Al Qahirah, Egypt",6.63265306122449,42
2025-03-25 08:15:00.000000 UTC,http://www.misr5.com/uncategorized/1878.html,وزيرة فلسطينية: شعبنا لن يقبل بالتهجير من أرضه بأي شكل من الأشكال,CHINESE,PALESTINIAN,Israel,-1.62162162162163,120
2025-03-25 08:15:00.000000 UTC,http://www.misr5.com/uncategorized/1894.html,كامل الوزير يبحث مع السفير الفرنسي بالقاهرة بدء إنشاء مجمع الستوم الصناعي ببرج العرب,EGYPTIAN,MINIST,"Cairo, Al Qahirah, Egypt",0.88028169014084,40
2025-03-25 08:15:00.000000 UTC,https://www.albiladpress.com/news/2025/6007/bahrain/908505.html,وزير شؤون الكهرباء والماء: يوم الشباب البحريني فرصة للاحتفاء بإنجازات الشباب ودعمهم في كل المحافل,BAHRAIN,,Bahrain,8.14814814814815,51
2025-03-25 08:30:00.000000 UTC,https://www.vetogate.com/5375746,وزير البترول: زيادة الإنتاج توفر الطاقة لـ 120 مليون مصري وتساهم في نمو الاقتصاد,EGYPT,MAJOR GENERAL,Egypt,7.62331838565022,43
2025-03-25 08:30:00.000000 UTC,http://www.elbrqnews.com/New-News/296031.html,كامل الوزير يبحث مع السفير الفرنسي المخطط الزمني لإنشاء مجمع الستوم الصناعي ببرج العرب,MINIST,FRANCE,"Alexandria, Al Iskandariyah, Egypt",1.32669983416252,20
2025-03-25 08:45:00.000000 UTC,https://arabic.cnn.com/world/article/2025/03/25/germany-criticizes-turkiye-measures-imamoglu,ألمانيا تنتقد إجراءات الحكومة التركية ضد إمام أوغلو,TURKEY,EUROPEAN UNION,"Istanbul, Istanbul, Turkey",-7.18954248366013,46
2025-03-25 09:00:00.000000 UTC,http://www.elbrqnews.com/New-News/296090.html,بعد قرار وزير التعليم..اعرف عدد أيام إجازة عيد الفطر 2025 في المدارس,STUDENT,,Egypt,3.74149659863946,43
2025-03-25 09:00:00.000000 UTC,https://www.wafa.ps/Pages/Details/117696,البرلمان العربي يدين إعلان الاحتلال إنشاء وكالة لتهجير الشعب الفلسطيني من غزة,PARLIAMENT,,"Jerusalem, Israel (general), Israel",-7.00949885358667,111
2025-03-25 09:00:00.000000 UTC,https://www.nna-leb.gov.lb/ar/%D8%A7%D9%82%D9%84%D9%8A%D9%85%D9%8A%D8%A7%D8%AA/768133,الوكالة الوطنية للإعلام - البرلمان العربي يدين إعلان كيان الاحتلال إنشاء وكالة لتهجير الفلسطينيين من قطاع غزة والمصادقة على فصل 13 بؤرة استيطانية بالضفة الغربية,PARLIAMENT,PALESTINIAN,"Jerusalem, Israel (general), Israel",-6.65319725552643,10
2025-03-25 09:15:00.000000 UTC,https://www.kuna.net.kw/ArticleDetails.aspx?id=3223812&Language=ar,كونا : سمو ولي العهد يهنئ الرئيس اليوناني بذكرى استقلال بلاده - عام,CROWN PRINCE,GREEK,Kuwait,22.4137931034483,51
2025-03-25 09:30:00.000000 UTC,http://www.elbrqnews.com/New-News/296157.html,رئيس الحكومة اللبنانية يزور مدينة طرابلس لإطلاق خطة أمنية لتثبيت الهدوء والاستقرار,TRIPOLI,LEBANESE,Lebanon,2.22222222222222,43
2025-03-25 09:30:00.000000 UTC,http://www.elbrqnews.com/New-News/296195.html,سلام من سرايا طرابلس: زيارتنا للمدينة تؤكد حرص الحكومة اللبنانية على استدامة الأمن فيها,ISRAEL,LEBANESE,Israel,-1.61943319838057,194
2025-03-25 09:30:00.000000 UTC,https://www.vetogate.com/5375813,وزير إسرائيلي يناقش في واشنطن فرض الحكم العسكري على غزة,,ISRAELI,"Gaza, Israel (general), Israel",1.25786163522012,40
2025-03-25 09:45:00.000000 UTC,http://www.misr5.com/uncategorized/1950.html,وزيرا الأوقاف والإسكان يبحثان سبل التعاون المشترك,EGYPT,,"Wizarat Al Iskan, Al Qahirah, Egypt",9.34579439252336,51
2025-03-25 09:45:00.000000 UTC,http://www.misr5.com/uncategorized/1958.html,انطلاق الجلسة العامة للبرلمان لاستكمال مناقشة مشروع قانون المسؤولية الطبية,HOUSE OF REPRESENTATIVES,CHANCELLOR,Egypt,1.44092219020173,22
2025-03-25 09:45:00.000000 UTC,http://www.misr5.com/uncategorized/1967.html,حبس سنة وغرامة 50ألف جنيه.. البرلمان يقر عقوبة التعدي على مقدمي الخدمة الطبية,PARLIAMENT,,Egypt,-4.96803794205588,15
2025-03-25 10:00:00.000000 UTC,https://kitabat.com/news/%D8%A8%D8%B9%D8%AF-%D9%85%D9%88%D8%A7%D9%81%D9%82%D8%A9-%D8%AD%D9%83%D9%88%D9%85%D8%A9-%D8%A7%D9%84%D9%83%D9%8A%D8%A7%D9%86-%D8%A5%D8%B3%D8%B1%D8%A7%D8%A6%D9%8A%D9%84-%D8%AA%D8%AA%D9%88%D8%AC%D9%87/,بعد موافقة حكومة الكيان .. إسرائيل تتوجه لإنشاء مطار جديد قرب غزة – كتابات,,GAZA,Gaza Strip,-1.02564102564102,36
2025-03-25 10:00:00.000000 UTC,https://kitabat.com/news/%D8%A8%D9%83%D8%B1%D9%83%D9%88%D9%83-%D9%85%D9%81%D9%88%D8%B6%D9%8A%D8%A9-%D8%A7%D9%84%D8%A7%D9%86%D8%AA%D8%AE%D8%A7%D8%A8%D8%A7%D8%AA-%D8%AA%D9%83%D8%B4%D9%81-43-%D9%85%D8%B1%D9%83%D8%B2%D9%8B/,بكركوك .. مفوضية الانتخابات تكشف 43 مركزًا لتحديث سجل الناخبين و4 مدن يمنع النقل منها وإليها – كتابات,CITIZEN,KIRKUK,"Kirkuk, At Ta'mim, Iraq",-0.833333333333333,36
2025-03-25 10:00:00.000000 UTC,http://www.elbrqnews.com/New-News/296301.html,"وزير الإسكان يعقد اجتماعه الدوري لمتابعة موقف تنفيذ مشروعات ""حياة كريمة""",MINIST,,Egypt,2.31023102310231,46
2025-03-25 10:00:00.000000 UTC,https://bokra.net/Article-1566109,بعد تصريحات بن غفير .. تحذيرات من اعتقال رئيس الشاباك,,POLICE,Israel,-7.00876095118899,100
2025-03-25 10:00:00.000000 UTC,https://kitabat.com/news/%D8%A8%D9%85%D9%86-%D9%81%D9%8A%D9%87%D9%85-%D8%B5%D8%AD%D8%A7%D9%81%D9%8A%D9%88%D9%86-%D8%A7%D9%84%D8%B3%D9%84%D8%B7%D8%A7%D8%AA-%D8%A7%D9%84%D8%AA%D8%B1%D9%83%D9%8A%D8%A9-%D8%AA%D8%B9%D8%AA%D9%82/,بمن فيهم صحافيون .. السلطات التركية تعتقل 1100 متظاهر منذ سجن رئيس بلدية إسطنبول – كتابات,TURK,,"Istanbul, Istanbul, Turkey",-8.65800865800865,173
2025-03-25 10:15:00.000000 UTC,http://www.elbrqnews.com/New-News/296313.html,الحكومة تخصصّ آلاف الدونمات لإقامة مشاريع زراعية,AL AQABAH,VILLAGE,"Muhafazat Al Aqabah, Al ‘Aqabah, Jordan",1.84049079754601,43
2025-03-25 10:15:00.000000 UTC,https://elaph.com/Web/News/2025/03/1564243.html,الكويت تودّع خالد الجارالله.. صوت السياسة الهادئة,MINIST,,Kuwait,0.0,100
2025-03-25 10:15:00.000000 UTC,https://www.dostor.org/5012452,"رئيس ""القابضة للصناعات الكيماوية"": ننفذ خطة طموحة لتطوير المصانع والشركات",,COMPANY,Egypt,3.66300366300366,43
2025-03-25 10:15:00.000000 UTC,https://www.dostor.org/5012478,وزير قطاع الأعمال يكرم الأمهات المثاليات ونماذج التميز من العاملات بالشركات التابعة,MINIST,,Egypt,11.2068965517241,51
2025-03-25 10:30:00.000000 UTC,https://www.dostor.org/5012617,رئيس الحكومة اللبنانية يزور طرابلس لإطلاق خطة أمنية,LIBYA,LEBANON,Lebanon,0.0,43
2025-03-25 10:30:00.000000 UTC,https://www.alwatanvoice.com/arabic/news/2025/03/25/1544168.html,(تايمز أوف إسرائيل): الوزير ديرمر سيبحث في واشنطن خطة للسيطرة على غزة,MINIST,WASHINGTON,"Gaza, Israel (general), Israel",1.31578947368421,40
2025-03-25 10:30:00.000000 UTC,https://el-balad.com/94904,وزير التعليم العالي: الابتكارية المؤسسية أصبحت مؤشرًا رئيسًا لقياس كفاءة وفاعلية أداء الحكومات,EGYPT,,"Banha, Al Qalyubiyah, Egypt",8.83668903803132,50
2025-03-25 10:30:00.000000 UTC,https://www.alwatanvoice.com/arabic/news/2025/03/25/1544164.html,البرلمان العربي يدين إعلان الاحتلال إنشاء وكالة لتهجير الشعب الفلسطيني من غزة,ISRAEL,PARLIAMENT,"Gaza, Israel (general), Israel",-7.99999999999999,111
2025-03-25 10:45:00.000000 UTC,http://www.misr5.com/uncategorized/2003.html,البرلمان يرفض إنشاء محاكم طبية.. والوزير محمود فوزي: الأخطاء الطبية في مصر محدودة للغاية,PARLIAMENT,,Egypt,-1.80180180180181,120
2025-03-25 11:00:00.000000 UTC,http://www.elbrqnews.com/New-News/296412.html,وزير الاتصالات: ملتقى تشكيل آفاق الذكاء الاصطناعي يستهدف جذب مزيد من الاستثمارات,COMPANIES,,"Wizarat Al Ittisalat, Al Qahirah, Egypt",2.7851746931067,12
2025-03-25 11:00:00.000000 UTC,https://assabeel.net/21840,البرلمان العربي يدين إنشاء الاحتلال وكالة لتهجير الفلسطينيين من غزة - السبيل,PARLIAMENT,,Gaza Strip,-8.64197530864195,111
2025-03-25 11:00:00.000000 UTC,https://www.vetogate.com/5375884,وزير الاتصالات يشهد فعاليات ملتقى تشكيل آفاق الذكاء الاصطناعي في مصر,ACTOR,,"Wizarat Al Ittisalat, Al Qahirah, Egypt",2.66666666666667,12
2025-03-25 11:00:00.000000 UTC,https://www.albayan.ae/news/middle-east/35401,إسرائيل... غانتس يدعو إلى إجراء انتخابات مبكرة ومقاومة الحكومة,ISRAEL,CITIZEN,"Herzliya, Tel Aviv, Israel",2.40963855421687,20
2025-03-25 11:00:00.000000 UTC,http://www.elbrqnews.com/New-News/296413.html,"""الجيل الديمقراطي"" ينظم حفل إفطار بالإسكندرية بحضور رئيس الحزب وقياداته.",PRESIDENT,,"Alexandria, Al Iskandariyah, Egypt",3.16301703163017,51
2025-03-25 11:15:00.000000 UTC,https://imn.iq/archives/116898,مكتب رئيس الوزراء يرعى ندوة علمية حول التحصين الفكري للطالب الجامعي | شبكة الإعلام العراقي,DEPARTMENT OF EDUCATION,,Iraq,2.97029702970297,70
2025-03-25 11:15:00.000000 UTC,http://www.misr5.com/uncategorized/2052.html,مشروع قانون المسئولية الطبية يمربسلام من البرلمان وسط ترحيب واسع من الأطباء .. إقرار خفض غرامات الأخطاء .. وعقوبات رادعة تُجرم الشكاوي والبلاغات الكيدية,HOUSE OF REPRESENTATIVES,CAPTAIN,Egypt,-4.48275862068966,51
2025-03-25 11:15:00.000000 UTC,https://www.dostor.org/5012521,"رئيس ""مصر للألومنيوم"": 5 مليارات دولار حجم استثماراتنا ولديا خطة تطوير لمشروعات استراتيجية",COMPANIES,EGYPT,Egypt,0.37453183520599,43
2025-03-25 11:15:00.000000 UTC,https://www.elfagr.org/5140597,وزير البترول يشيد بأنشطة شركة فجر المصرية في مجال السيارات الكهربائية,MINIST,COMPANY,"Wizarat Al Maliyah, Al Qahirah, Egypt",3.69181380417335,51
2025-03-25 11:15:00.000000 UTC,https://imn.iq/archives/116882,وزير الصحة يعلن خطة الإسناد الطبي الطارئ الخاصة بعيد الفطر المبارك | شبكة الإعلام العراقي,MINIST,,"Baghdad, Baghdad, Iraq",1.08695652173913,33
2025-03-25 11:30:00.000000 UTC,http://www.elbrqnews.com/New-News/296503.html,الرئيس السيسي يجتمع مع مدبولي وعدد من الوزراء المسؤولين,EGYPT,PRESIDENT,Egypt,7.78301886792453,40
2025-03-25 11:30:00.000000 UTC,https://alahalygate.com/archives/260961,وزير العمل يعتمد صرف مليون و600 ألف جنيه لأُسر 8 من العمالة غير منتظمة ضحايا حوادث - جريدة الأهالي المصرية,,WORKER,"Giza, Al Jizah, Egypt",-5.08474576271186,190
2025-03-25 11:30:00.000000 UTC,https://www.vetogate.com/5375902,بإجراء انتخابات، جانتس يدعو لمقاومة الحكومة بما يتماشى مع القانون,ISRAEL,,"Herzliya, Tel Aviv, Israel",-2.77777777777778,12
2025-03-25 11:30:00.000000 UTC,https://www.shorouknews.com/news/view.aspx?cdate=25032025&id=6c95593c-fa9f-4539-a0e6-c50c713732e0,الرئيس الإسرائيلي: مصدوم لأن ملف المحتجزين لم يعد على رأس الأولويات,STUDENT,PRISONER,"Gaza, Israel (general), Israel",-7.9136690647482,841
2025-03-25 11:30:00.000000 UTC,http://www.misr5.com/uncategorized/2095.html,الرئيس السيسي يوجه بضرورة التنسيق بين الجهات الحكومية لتوفير الاحتياجات الإستراتيجية,EGYPT,,Egypt,6.74157303370786,51
2025-03-25 11:30:00.000000 UTC,https://www.vetogate.com/5375904,الحكومة توجه رسالة لمجلس النواب بعد الموافقة على مشروع قانون المسئولية الطبية,MINIST,HOUSE OF REPRESENTATIVES,Egypt,3.47107438016529,51
2025-03-25 11:30:00.000000 UTC,https://jo24.net/article/527604,الحكومة: قانون جديد للعقوبات.. وتعديل رسوم تصاريح العمل.. وتعليمات للدوام الرسمي والدوام المرن,JORDAN,MINIST,"Al Baqurah, Jordan (general), Jordan",0.0,84
2025-03-25 11:45:00.000000 UTC,https://www.nile.eg/%D8%A7%D9%84%D8%B4%D8%B1%D8%B7%D8%A9-%D8%A7%D9%84%D8%A5%D8%B3%D8%B1%D8%A7%D8%A6%D9%8A%D9%84%D9%8A%D8%A9-%D8%AA%D8%B9%D8%AA%D9%82%D9%84-%D9%85%D8%AA%D8%B8%D8%A7%D9%87%D8%B1%D9%8A%D9%86-%D8%A3%D8%BA,النيل – قناة مصر الإخبارية | الشرطة الإسرائيلية تعتقل متظاهرين أغلقوا طرقا فى محيط الكنيست احتجاجا على سياسات الحكومة,POLICE,PROTESTER,"Jerusalem, Israel (general), Israel",-9.09090909090908,175
2025-03-25 11:45:00.000000 UTC,http://www.misr5.com/uncategorized/2114.html,الرئيس السيسي يؤكد على ضرورة دعم القطاع الزراعي والصناعي المحلي وتعزيز آليات تداول السلع,FARMER,,Egypt,7.26392251815981,22
2025-03-25 11:45:00.000000 UTC,http://www.misr5.com/uncategorized/2119.html,وزير العمل: أول وثانى أيام عيد الفطر إجازة للعاملين بالقطاع الخاص,,WORKER,Egypt,6.46153846153846,42
2025-03-25 11:45:00.000000 UTC,https://www.nile.eg/%D8%A7%D9%84%D8%B1%D8%A6%D9%8A%D8%B3-%D8%A7%D9%84%D8%B3%D9%8A%D8%B3%D9%89-%D9%8A%D8%A4%D9%83%D8%AF-%D8%B6%D8%B1%D9%88%D8%B1%D8%A9-%D8%A7%D9%84%D8%AA%D9%86%D8%B3%D9%8A%D9%82-%D9%88%D8%A7%D9%84%D8%AA,النيل – قناة مصر الإخبارية | الرئيس السيسى يؤكد ضرورة التنسيق والتكامل بين مختلف الجهات الحكومية لتوفير الاحتياجات الإستراتيجية للدولة,EGYPT,GOVERNMENT,Egypt,7.67441860465117,26
2025-03-25 12:00:00.000000 UTC,https://www.nna-leb.gov.lb/ar/%D8%A5%D9%82%D8%AA%D8%B5%D8%A7%D8%AF/768171,الوكالة الوطنية للإعلام - وزير الزراعة يبحث في سبل تعزيز الحماية البيئية والتعاون الدولي,LEBANESE,NETHERLANDS,Lebanon,4.12371134020618,42
2025-03-25 12:00:00.000000 UTC,http://www.elbrqnews.com/New-News/296621.html,رئيس حزب الجيل: الرئيس السيسى يواجه الغرور الأمريكي الترامبي بحكمة,GAZA,ISRAEL,"Alexandria, Al Iskandariyah, Egypt",0.33333333333333,71
2025-03-25 12:00:00.000000 UTC,https://www.dostor.org/5012750,تفاصيل اجتماع وزير الإسكان مع المطورين العقاريين بمدينة سفنكس الجديدة,,COMPANIES,"Wizarat Al Iskan, Al Qahirah, Egypt",1.13636363636363,43
2025-03-25 12:00:00.000000 UTC,https://www.aljazeera.net/politics/2025/3/25/%D9%86%D9%8A%D9%88%D9%8A%D9%88%D8%B1%D9%83-%D8%AA%D8%A7%D9%8A%D9%85%D8%B2-%D9%84%D9%88-%D9%83%D8%A7%D9%86%D8%AA-%D9%84%D8%AC%D9%89-%D9%87%D9%8A%D8%BA%D8%B3%D9%8A%D8%AB-%D8%B0%D8%B1%D8%A9,كاتب أميركي: وزير الدفاع أهدر مصداقيته جراء فضيحة مراسلات ضرب اليمن,YEMEN,UNITED STATES,Yemen,-5.60224089635855,190
2025-03-25 12:00:00.000000 UTC,https://www.aljazeera.net/politics/2025/3/25/%D8%AA%D8%AF%D8%A7%D8%B9%D9%8A%D8%A7%D8%AA-%D8%A7%D9%84%D8%AA%D8%B7%D9%88%D8%B1%D8%A7%D8%AA-%D8%A7%D9%84%D8%A5%D9%82%D9%84%D9%8A%D9%85%D9%8A%D8%A9-%D8%B9%D9%84%D9%89-%D8%AA%D8%B4%D9%83%D9%8A%D9%84,تداعيات التطورات الإقليمية على تشكيل حكومة كردستان العراق,,BAGHDAD,"Baghdad, Baghdad, Iraq",3.03030303030303,30
2025-03-25 12:15:00.000000 UTC,https://www.kuna.net.kw/ArticleDetails.aspx?id=3223822&Language=ar,كونا : وزيرا التربية والأوقاف يبحثان تعزيز التعاون الثنائي وعددا من الملفات المشتركة - عام,DEPARTMENT OF EDUCATION,,Kuwait,5.22088353413655,84
2025-03-25 12:30:00.000000 UTC,https://www.elfagr.org/5140620,‏وزير الخارجية الإيراني: نحن الآن في محادثات مع 3 دول أوروبية ولا نترك طاولة المفاوضات أبدًا,IRANIAN,ISRAEL,Iran,-2.77777777777778,190
2025-03-25 12:45:00.000000 UTC,http://www.elbrqnews.com/New-News/296743.html,الحكومة تخصص قطع أراضٍ لإقامة مشاريع زراعيَّة وللأمن الغذائي,,JORDAN,"Tafileh, At Tafilah, Jordan",1.80995475113122,42
2025-03-25 12:45:00.000000 UTC,http://www.elbrqnews.com/New-News/296745.html,الملك لرئيس وزراء إسبانيا: ضرورة تكثيف الجهود لوقف الهجمات الإسرائيلية على غزة,PALESTINIAN,KING,Gaza Strip,-5.88235294117647,43
2025-03-25 12:45:00.000000 UTC,https://www.shorouknews.com/news/view.aspx?cdate=25032025&id=996436f8-8427-477f-8c6a-e438df56a69d,وزير الدفاع الإسرائيلي: حماس ستدفع ثمنا باهظا إذا رفضت إطلاق سراح جميع المحتجزين,HAMAS,DETAINEE,"Gaza, Israel (general), Israel",-11.1675126903554,120
2025-03-25 12:45:00.000000 UTC,http://www.misr5.com/uncategorized/2172.html,محافظو الجمهورية يهنئون الرئيس السيسي بذكرى ليلة القدر,GOVERNOR,,"Muhafazat Janub Sina, Janub Sina', Egypt",10.0961538461538,51
2025-03-25 13:00:00.000000 UTC,http://www.misr5.com/uncategorized/2188.html,قدامك 48 ساعه فقط .. صرف منحة 1500 جنيه بقرار من الرئيس السيسي لملايين المصريين بمناسبة عيد الفطر,WORKER,,Egypt,6.31970260223049,20
2025-03-25 13:00:00.000000 UTC,https://www.albawabhnews.com/5174344,مستشار الرئيس الفلسطيني: نرحب بأي مقترح يفضي إلى حقن دماء أهل غزة,ISRAEL,CIVILIAN,"Gaza, Israel (general), Israel",-4.91803278688525,20
2025-03-25 13:00:00.000000 UTC,https://www.shorouknews.com/news/view.aspx?cdate=25032025&id=250de482-adf9-4303-8586-4971424c9dd7,السوداني يبحث الاستعدادات الجارية للانتخابات البرلمانية العراقية,UNHCR,IRAQ,Iraq,-0.52083333333333,40
2025-03-25 13:15:00.000000 UTC,https://maqar.com/archives/707406,"كابيتال بنك الراعي الرئيسي لمبادرة ""الجبال السبعة"" لدعم مرضى السرطان - صحيفة المقر",COMMUNITY,BANK,Jordan,5.17241379310344,51
2025-03-25 13:30:00.000000 UTC,https://www.shorouknews.com/news/view.aspx?cdate=25032025&id=6f757556-35e2-4dfe-b11a-e66a50ded65d,وزيرة التنمية المحلية تتابع مع المحافظين الاستعدادات الخاصة باحتفالية افتتاح المتحف المصرى الكبير,MEDIA,COMPANY,"Matrouh, Matru?, Egypt",5.06329113924051,43
2025-03-25 13:30:00.000000 UTC,https://alhourriah.org/article/154149,تفاصيل أول مواجهة علنية بين رئيس الأركان ووزير الأمن الإسرائيلي,MILITARY POLICE,,"Gaza, Israel (general), Israel",-4.41988950276243,10
2025-03-25 13:45:00.000000 UTC,https://www.wafa.ps/Pages/Details/117726,وزير الثقافة يؤكد أهمية تحديث اللائحة الوطنية التمثيلية لعناصر التراث الثقافي غير المادي,ACTOR,,Israel,1.09890109890109,12
2025-03-25 13:45:00.000000 UTC,https://www.wafa.ps/Pages/Details/117716,السفير الطري يبحث تعزيز التعاون مع نائب وزير خارجية سريلانكا,AMBASSADOR,ISRAEL,Israel,-1.17647058823529,40
2025-03-25 13:45:00.000000 UTC,https://www.shorouknews.com/news/view.aspx?cdate=25032025&id=5b3e9f5f-99bf-49f2-9ee2-e4d8de59b758,نقابة الأطباء تشكر رئيس مجلس النواب على جهوده ودعمه خلال مناقشة مشروع قانون المسئولية الطبية,EGYPT,NEIGHBORHOOD,Egypt,-5.90405904059041,51
2025-03-25 13:45:00.000000 UTC,https://www.wafa.ps/Pages/Details/117720,مصطفى يشدد على توجيهات الرئيس بتكثيف التحركات الدولية لوقف عدوان الاحتلال على شعبنا,WEST BANK,,"Unrwa, West Bank (general), West Bank",-2.396165536241,190
2025-03-25 13:45:00.000000 UTC,http://www.non14.net/175823,"المخاوف من تأثير ""المال السياسي"" على الانتخابات ""تتصاعد"" وسط دعوات لحصره",PARLIAMENT,,Iraq,-1.11111111111111,51
2025-03-25 14:00:00.000000 UTC,http://www.elbrqnews.com/New-News/296955.html,رئيس الوزراء يتابع إجراءات إعادة صياغة برنامج متكامل للمساندة التصديرية,MINIST,,"Riasat Majlis Al Wuzara, Al Jizah, Egypt",3.76179245283019,42
2025-03-25 14:00:00.000000 UTC,https://www.albawabhnews.com/5174381,رئيس جامعة أسيوط يفتتح نموذج محاكاة مؤتمر الدول الأطراف في اتفاقية الأمم المتحدة لمكافحة الفساد,UNITED NATIONS,UNIVERSITY,Egypt,3.35463258785942,43
2025-03-25 14:15:00.000000 UTC,https://www.albiladpress.com/news/2025/6007/arab-and-world/908548.html,إسرائيل.. غانتس يدعو لمقاومة الحكومة بما يتماشى مع القانون,ISRAELI,,"Gaza, Israel (general), Israel",-4.59183673469388,20
2025-03-25 14:15:00.000000 UTC,https://www.albiladpress.com/news/2025/6007/bahrain/908564.html,"رئيس ""الأوقاف الجعفرية"": استكمال صيانة مسجد الترانجة في جدحفص والشيخ محمد في المالكية",BAHREIN,BAHRAIN,"Jidhafs, Al ‘Asimah, Bahrain",14.4186046511628,51
2025-03-25 14:30:00.000000 UTC,https://www.elfagr.org/5140698,‏نواب الكنيست الإسرائيلي يقرّون ميزانية الدولة في خطوة تدعم حكومة نتنياهو,PRISONER,,Qatar,0.0,841
2025-03-25 14:30:00.000000 UTC,http://www.elbrqnews.com/New-News/297004.html,وزيرة التنمية المحلية تتابع الاستعدادات الخاصة باحتفالية افتتاح المتحف المصري الكبير,COMPANY,,"Matrouh, Matru?, Egypt",3.84615384615385,51
2025-03-25 14:30:00.000000 UTC,https://www.vetogate.com/5376063,رئيس غرفة القاهرة: قطاع الحديد والصلب يساهم بنسبة كبيرة في الصادرات المصرية,CAIRO,ENGINEER,"Cairo, Al Qahirah, Egypt",4.65949820788531,40
2025-03-25 14:30:00.000000 UTC,https://www.nna-leb.gov.lb/ar/%D8%B3%D9%8A%D8%A7%D8%B3%D8%A9/768222,الوكالة الوطنية للإعلام - افرام من معراب: سنخوض الانتخابات البلدية بالتحالف مع القوات والكتائب ومنصور البون,HOUSE OF REPRESENTATIVES,LEBANESE,Lebanon,1.36612021857923,20
2025-03-25 14:45:00.000000 UTC,http://www.misr5.com/uncategorized/2293.html,رسميا.. الحكومة تحدد موعد إجازة عيد الفطر للقطاع الخاص,MINIST,WORKER,"Mecca, Makkah, Saudi Arabia",8.63309352517985,42
2025-03-25 14:45:00.000000 UTC,http://www.misr5.com/uncategorized/2291.html,"وزير الصحة يبحث مع وفد شركة ""سانوفي"" تعزيز التعاون الصحي والتوسع في التصنيع الدوائي المحلي",,MINIST,"Wizarat As Sihhah, Al Qahirah, Egypt",3.42857142857143,43
2025-03-25 15:00:00.000000 UTC,https://el-balad.com/94948,رئيس الوزراء يتابع الإجراءات والخطوات الخاصة بإعادة صياغة برنامج متكامل للمساندة التصديرية,GOVERNMENT,,"Farouk, Bur Sa‘id, Egypt",2.53968253968254,40
2025-03-25 15:00:00.000000 UTC,https://www.bbc.com/arabic/articles/cjexd7jjzn7o,بشار الأسد: المحكمة الجنائية الدولية تُلاحق الرئيس السابق بمذكرات توقيف، ما هي سيناريوهات مُثوله أمامها؟ - BBC News عربي,,CRIMINAL,"Damascus, Dimashq, Syria",-6.68168168168168,20
2025-03-25 15:15:00.000000 UTC,https://www.vetogate.com/5376088,محافظ الإسماعيلية يكرم رئيس تليفزيون القنال لبلوغه سن التقاعد,,ISMAILI,"Suez, As Suways, Egypt",3.65535248041776,43
2025-03-25 15:15:00.000000 UTC,https://www.nile.eg/%D9%88%D8%B2%D9%8A%D8%B1-%D8%A7%D9%84%D8%AE%D8%A7%D8%B1%D8%AC%D9%8A%D8%A9-%D8%AA%D8%AD%D9%82%D9%8A%D9%82-%D8%A3%D9%85%D9%86-%D8%A7%D9%84%D9%85%D9%86%D8%B7%D9%82%D8%A9-%D8%A7%D9%84%D8%B9%D8%B1%D8%A8,النيل – قناة مصر الإخبارية | وزير الخارجية: تحقيق أمن المنطقة العربية يعد أحد المحددات الرئيسية لأمن مصر القومى,,MINIST,"Wizarat Al Kharijiyah, Al Qahirah, Egypt",3.21428571428571,40
2025-03-25 15:15:00.000000 UTC,https://www.vetogate.com/5376123,رئيس ميناء القاهرة الجوي يكرم عاملة عثرت علي مبلغ مالي كبير,CAIRO,WORKER,"Cairo, Al Qahirah, Egypt",3.47222222222222,51
2025-03-25 15:30:00.000000 UTC,https://www.shorouknews.com/news/view.aspx?cdate=25032025&id=3e7f34c7-4fb5-4109-80cd-5130150d4e76,السيسي ورئيس الوزراء الإسباني يبحثان الأوضاع في سوريا ولبنان,SPAIN,GAZA,Egypt,-1.5625,10
2025-03-25 15:45:00.000000 UTC,http://www.misr5.com/uncategorized/2333.html,الرئيس السيسي يتلقى اتصالاً هاتفياً من رئيس وزراء إسبانيا لبحث التطورات الإقليمية,SPAIN,,Egypt,-2.05761316872428,40
2025-03-25 15:45:00.000000 UTC,http://www.elbrqnews.com/New-News/297183.html,اللواء بِيلِيه عليوة النجار رئيسًا للجنة حزب الوعي بمحافظة الشرقية,EGYPT,MINIST,Egypt,3.78378378378379,60
2025-03-25 15:45:00.000000 UTC,https://www.dostor.org/5013032,الرئيس السيسى ورئيس الوزراء الإسبانى يؤكدان رفضهما للعمليات العسكرية الإسرائيلية فى قطاع غزة,SPANISH,GAZA,Egypt,-4.04624277456647,51
2025-03-25 15:45:00.000000 UTC,https://www.dostor.org/5013025,الرئيس السيسى يتلقى اتصالًا هاتفيًا من رئيس الوزراء الإسبانى,EGYPTIAN,PALESTINIAN,Egypt,-3.53982300884956,120
2025-03-25 16:00:00.000000 UTC,https://www.dostor.org/5013036,رئيس الوزراء الأسباني يؤكد ترحيب بلاده بالخطة العربية لاعمار قطاع غزة,SPAIN,GAZA,Egypt,-5.4421768707483,42
2025-03-25 16:00:00.000000 UTC,http://www.elbrqnews.com/New-News/297239.html,رئيس وزراء أسبانيا يعرب عن ترحيب بلاده بالخطة العربية لإعادة إعمار غزة,SPAIN,ISRAEL,Egypt,-1.20481927710844,10
2025-03-25 16:00:00.000000 UTC,https://alhourriah.org/article/154137,وزير الخارجية المصري وويتكوف يبحثان تبادل الرؤى حول تطورات غزة واتفاق التهدئة,QATAR,,Qatar,2.83018867924529,841
2025-03-25 16:00:00.000000 UTC,https://www.kul-alarab.com/Article/1104433,"""ديرمر - 59 أو استقل"" .. دعوات لإقالة رئيس فريق المفاوضات الإسرائيلي",ISRAELI,GAZA,Israel,-4.22018348623853,120
2025-03-25 16:00:00.000000 UTC,https://www.vetogate.com/5376137,رئيس الوزراء الإسباني يعرب للسيسي عن ترحيب بلاده بالخطة العربية لإعادة إعمار غزة,SPANISH,SPAIN,Egypt,-3.06748466257669,42
2025-03-25 16:00:00.000000 UTC,https://www.albawabhnews.com/5174448,رئيس الوزراء الإسباني يعرب للسيسي عن ترحيب بلاده بالخطة العربية لإعادة إعمار غزة,SPANISH,SPAIN,Egypt,-2.2816604352411,42
2025-03-25 16:00:00.000000 UTC,https://www.dostor.org/5013042,الرئيس السيسي يؤكد رفض مصر القاطع لأي محاولات لتهجير الفلسطينيين,SPAIN,GAZA,Egypt,-2.30914604277082,10
2025-03-25 16:00:00.000000 UTC,http://www.elbrqnews.com/New-News/297237.html,الرئيس السيسى ورئيس وزراء أسبانيا يؤكدان رفض محاولة تهجير الفلسطينيين من غزة,SPAIN,ISRAEL,Egypt,-2.62448979591836,10
2025-03-25 16:45:00.000000 UTC,https://www.mena.org.eg:443/news/dbcall/table/textnews/id/11114199,رئيس الوزراء يشهد توقيع اتفاقية مع مؤسسة التمويل الدولية لتقديم الخدمات الاستشارية لتوسيع نطاق مشاركة القطاع الخاص في قطاع المطارات - Welcome to Middle East News Agency,WORLD BANK,,"Cairo, Al Qahirah, Egypt",2.80701754385965,71
2025-03-25 16:45:00.000000 UTC,https://www.libyaakhbar.com/world-news/2545288.html,وزير خارجية العراق وأبو الغيط يبحثان الأوضاع في المنطقة والتحديات التي تواجه الدول العربية - اخبار ليبيا,,IRAQ,Iraq,1.90476190476191,40
2025-03-25 17:00:00.000000 UTC,http://www.elbrqnews.com/New-News/297317.html,السوداني يبحث الاستعدادات الجارية للانتخابات البرلمانية العراقية,MALE,UNHCR,"Baghdad, Baghdad, Iraq",-1.01522842639594,90
2025-03-25 17:15:00.000000 UTC,http://www.elbrqnews.com/New-News/297337.html,رئيس الوزراء يستعرض ملامح اتفاق الخدمات الاستشارية لتوسيع نطاق مُشاركة القطاع الخاص في إدارة وتشغيل المطارات,MINIST,CORPORATION,"Cairo, Al Qahirah, Egypt",5.10948905109489,30
2025-03-25 17:15:00.000000 UTC,http://www.elbrqnews.com/New-News/297336.html,وزير البترول: رقمنة الخدمات المرتبطة بغاز المنازل لسهولة عملية إبلاغ قراءات العدادات,COMMUNITY,COMPANY,Egypt,1.44329896907217,70
2025-03-25 17:30:00.000000 UTC,https://www.addustour.com/articles/1481490-%D8%A7%D9%84%D9%85%D9%84%D9%83-%D9%8A%D9%84%D8%AA%D9%82%D9%8A-%D8%B1%D8%A6%D9%8A%D8%B3-%D8%AF%D9%88%D9%84%D8%A9-%D8%A7%D9%84%D8%A5%D9%85%D8%A7%D8%B1%D8%A7%D8%AA-%D9%81%D9%8A-%D8%A3%D8%A8%D9%88%D8%B8%D8%A8%D9%8A,الملك يلتقي رئيس دولة الإمارات في أبوظبي,UNITED ARAB EMIRATES,KING,United Arab Emirates,1.0989010989011,51
2025-03-25 17:30:00.000000 UTC,http://www.elbrqnews.com/New-News/297347.html,"الرئيس السيسي يتلقي إتصالاً هاتفياً من رئيس الوزراء الأسباني ""بيدرو سانشيز""",PRESIDENT,SPAIN,Egypt,-2.06611570247934,41
2025-03-25 17:45:00.000000 UTC,https://www.elwatannews.com/news/details/8058978,وزير الخارجية يناقش مع نظيره البلغاري الأوضاع في غزة - الوطن,EGYPT,EUROPEAN UNION,Egypt,0.373389063044235,51
2025-03-25 17:45:00.000000 UTC,http://www.misr5.com/uncategorized/2393.html,"نائب رئيس""المؤتمر"": إنشاء إسرائيل لـ""وكالة التهجير"" يمثل مخططًا خطيرًا لتصفية القضية الفلسطينية",EGYPT,,"Gaza, Israel (general), Israel",-6.99588477366253,120
2025-03-25 18:00:00.000000 UTC,https://www.wafa.ps/Pages/Details/117736,وزير الأوقاف: مجلس الوزراء يقرر اعتماد 12 موظفًا للحرم الإبراهيمي,MINIST,PRESIDENT,Israel,-0.47846889952153,51
2025-03-25 18:15:00.000000 UTC,https://www.dostor.org/5013120,القبض على المتهم الرئيسي في مقتل شاب بطلقات نارية بكفر شكر,EGYPT,,"Giza, Al Jizah, Egypt",-4.13625304136253,193
2025-03-25 18:30:00.000000 UTC,https://www.aljazeera.net/news/2025/3/25/%D8%A7%D9%84%D9%85%D8%AD%D9%83%D9%85%D8%A9-%D8%A7%D9%84%D8%B9%D9%84%D9%8A%D8%A7-%D9%81%D9%8A-%D8%A5%D8%B3%D8%B1%D8%A7%D8%A6%D9%8A%D9%84-%D8%AA%D8%B1%D9%81%D8%B6-%D8%A5%D9%84%D8%BA%D8%A7%D8%A1,المحكمة العليا ترفض طلب نتنياهو إلغاء تجميد إقالة رئيس الشاباك,ISRAEL,,Israel,-5.6657223796034,160
2025-03-25 18:45:00.000000 UTC,http://www.elbrqnews.com/New-News/297427.html,وزير الخارجية يبحث مع نظيره البلغاري التطورات في الشرق الأوسط,FOREIGN MINIST,BULGARIAN,Egypt,0.37174721189591,41
2025-03-25 18:45:00.000000 UTC,https://www.shorouknews.com/news/view.aspx?cdate=25032025&id=9e4a1a01-c80f-46cb-87bc-9a99c7e69ccf,وزير الاتصالات يبحث مع سفيرة أمريكا تعزيز التعاون في مجال تكنولوجيا المعلومات وجذب المزيد من الاستثمارات,AMBASSADOR,,"Wizarat Al Ittisalat, Al Qahirah, Egypt",5.08083140877598,51
2025-03-25 18:45:00.000000 UTC,http://www.elbrqnews.com/New-News/297423.html,وزير الثقافة الفلسطيني يؤكد أهمية تحديث اللائحة الوطنية التمثيلية لعناصر التراث الثقافي,MINIST,,Israel,1.3840830449827,30
2025-03-25 19:00:00.000000 UTC,https://www.alquds.com/ar/posts/156039,واشنطن سلمت حكومة الشرع لائحة من الشروط مقابل تخفيف العقوبات,REUTERS,,Syria,-3.79213483146068,40
2025-03-25 19:00:00.000000 UTC,https://almadapaper.net/399533/,برلمان يدعو لحوار إقليمي عاجل للوقوف على التهديدات المزعزعة لأمن واستقرار المنطقة,GAZA,,"Gaza, Israel (general), Israel",-1.38888888888889,160
2025-03-25 19:15:00.000000 UTC,https://www.nile.eg/%D8%AA%D9%82%D9%84%D9%8A%D8%B5-%D8%A3%D9%85%D9%88%D8%A7%D9%84-%D8%A7%D9%84%D8%A8%D8%B1%D8%A7%D9%85%D8%AC-%D8%A7%D9%84%D8%A7%D8%AC%D8%AA%D9%85%D8%A7%D8%B9%D9%8A%D8%A9-%D8%AD%D9%83%D9%88%D9%85%D8%A9,النيل – قناة مصر الإخبارية | تقليص أموال البرامج الاجتماعية.. حكومة نتنياهو تسابق الزمن لإقرار أضخم موازنة,EGYPT,,"Gaza, Israel (general), Israel",-2.93398533007335,71
2025-03-25 19:15:00.000000 UTC,https://www.shorouknews.com/news/view.aspx?cdate=25032025&id=b6296e62-60d1-4cc5-b457-0b347118c12c,السيسي يطمئن على الرئيس الصومالي عقب استهداف موكبه ويؤكد دعم مصر لمكافحة الإرهاب,EGYPT,,Egypt,2.39520958083832,51
2025-03-25 19:15:00.000000 UTC,https://www.nile.eg/%D9%88%D8%B2%D9%8A%D8%B1-%D8%A7%D9%84%D9%83%D9%87%D8%B1%D8%A8%D8%A7%D8%A1-%D9%8A%D8%A8%D8%AD%D8%AB-%D9%85%D8%B9-%D8%B4%D9%86%D8%A7%D9%8A%D8%AF%D8%B1-%D8%A5%D9%84%D9%8A%D9%83%D8%AA%D8%B1%D9%8A%D9%83,"النيل – قناة مصر الإخبارية | وزير الكهرباء يبحث مع ""شنايدر إليكتريك"" التعاون بمجالات خفض الفقد وتطوير مراكز التحكم وشبكات التوزيع",DEPUTY,,"Wizarat Al Kahraba, Al Qahirah, Egypt",2.04778156996587,46
2025-03-25 19:30:00.000000 UTC,https://www.emaratalyoum.com/local-section/other/2025-03-25-1.1931560,رئيس الدولة وملك الأردن يبحثان العلاقات الأخوية والقضايا والمستجدات الإقليمية,CHIEF OF STATE,JORDAN,Jordan,1.23711340206185,51
2025-03-25 19:30:00.000000 UTC,https://www.dostor.org/5013232,الرئيس السيسي يؤكد لنظيره الصومالي دعم مصر الكامل لجهود مكافحة الإرهاب,PRESIDENT,SOMALI,Egypt,1.77514792899408,51
2025-03-25 19:30:00.000000 UTC,https://www.elwatannews.com/news/details/8059035,السيسي يؤكد التزام مصر بدعم مساعي الحكومة الصومالية والجيش ا - الوطن,EGYPT,SOMALI,Egypt,3.26086956521739,50
2025-03-25 19:45:00.000000 UTC,https://www.kuna.net.kw/ArticleDetails.aspx?id=3223860&Language=ar,كونا : وزير الخارجية المصري: ضرورة المضي قدما في تنفيذ المرحلة الثانية لاتفاق إيقاف إطلاق النار بغزة - الشؤون السياسية,EGYPTIAN,MINIST,"Wizarat Al Kharijiyah, Al Qahirah, Egypt",0.0,41
2025-03-25 19:45:00.000000 UTC,https://www.kuna.net.kw/ArticleDetails.aspx?id=3223863&Language=ar,كونا : الرئيس المصري يتعهد بدعم حكومة الصومال وجيشه في مكافحة الإرهاب - الشؤون السياسية,EGYPT,SOMALIA,"Cairo, Al Qahirah, Egypt",2.20994475138122,46
2025-03-25 20:00:00.000000 UTC,https://26sep.net/index.php/local/100609-2025-03-25-19-07-44,الرئيس المشاط يوجه رسالة للمجرم «ترامب»,YEMEN,,"Mashat, ?a?ramawt, Yemen",-6.56,14
2025-03-25 20:00:00.000000 UTC,https://misr5.com/1763786/%D9%85%D9%88%D8%B9%D8%AF-%D8%A5%D8%AC%D8%A7%D8%B2%D8%A9-%D8%B9%D9%8A%D8%AF-%D8%A7%D9%84%D9%81%D8%B7%D8%B1-%D9%84%D9%84%D9%82%D8%B7%D8%A7%D8%B9-%D8%A7%D9%84%D8%AE%D8%A7%D8%B5-%D9%83%D9%85%D8%A7-%D8%AD/,موعد إجازة عيد الفطر للقطاع الخاص كما حددته الحكومة رسميًا!,EMPLOYEE,,"Dar Al Ifta Al Misriyah, Al Qahirah, Egypt",8.11965811965812,36
2025-03-25 20:15:00.000000 UTC,https://www.alwatanvoice.com/arabic/news/2025/03/25/1544176.html,المحكمة الإسرائيلية العليا ترفض طلب نتنياهو إلغاء تجميد إقالة رئيس (شاباك),DEMONSTRATOR,GOVERNMENT,Israel,-7.12468193384224,141
2025-03-25 20:30:00.000000 UTC,https://www.nna-leb.gov.lb/ar/%D9%85%D8%AA%D9%81%D8%B1%D9%82%D8%A7%D8%AA/768277,الوكالة الوطنية للإعلام - رئيس دير سيدة البلمند ترأس قداس عيد البشارة,MONASTERY,,Lebanon,4.80109739368999,40
2025-03-25 20:30:00.000000 UTC,https://elaph.com/Web/ElaphWriter/2025/03/1564282.html,السعودية: نفوذ عالمي متصاعد وسياسة متوازنة في ظل المرحلة الانتقالية للنظام الدولي,RIYADH,PRISONER,"Riyadh, Ar Riya?, Saudi Arabia",3.99159663865546,841
2025-03-25 20:30:00.000000 UTC,https://www.vetogate.com/5376296,نشاط الرئيس اليوم، السيسي يتابع جهود تحقيق الأمن الغذائي وتعزيز العلاقات مع إسبانيا والصومال,SPAIN,GAZA,Israel,4.0,51
2025-03-25 20:45:00.000000 UTC,https://www.bawabatii.com/news324192.html,الحكومة اليمنية تتحدث شحنة خطيرة في قبضة الأمن اليمني.. كشفت مخطط يهدد المنطقة - [فيديو],MILITIA,MERCHANT SHIP,Iran,-4.85436893203883,190
2025-03-25 20:45:00.000000 UTC,https://www.bawabatii.com/news324200.html,الرئيس العليمي يوجه باتخاذ كافة الإجراءات لتعزيز كفاءة المالية العامة والرقابة الصارمة على الأسعار,ADMINISTRATION,,Iran,-3.1496062992126,20
2025-03-25 20:45:00.000000 UTC,https://www.albawabhnews.com/5174569,نشاط الرئيس اليوم.. السيسي يتابع جهود تحقيق الأمن الغذائي وتعزيز العلاقات مع إسبانيا والصومال,PRESIDENT,EGYPT,Egypt,4.13625304136253,50
2025-03-25 20:45:00.000000 UTC,https://3yonnews.com/1938738,البرلمان العربي يدين إنشاء إسرائيل وكالة لتهجير الفلسطينيين من غزة,PARLIAMENT,ISRAEL,Egypt,-4.67625899280576,10
2025-03-25 21:00:00.000000 UTC,https://misr5.com/1763868/%D8%AA%D8%AD%D8%B1%D9%8A%D8%B6%D8%A7%D8%AA-%D8%A8%D9%8A%D9%86-%D8%A7%D9%84%D8%B1%D8%A6%D9%8A%D8%B3-%D9%85%D8%A8%D8%A7%D8%B1%D9%83-%D9%88%D8%B9%D9%85%D8%B1-%D8%B3%D9%84%D9%8A%D9%85%D8%A7%D9%86-%D8%A7/,"تحريضات بين الرئيس مبارك وعمر سليمان: اكتشف الأسرار المثيرة في كتاب ""الصندوق الأسود"" لمصطفى بكري",PRESIDENT,,"Majlis Ash Shab, Al Qahirah, Egypt",-2.98210735586481,16
2025-03-25 21:00:00.000000 UTC,https://www.aljazeera.net/news/2025/3/25/%D9%86%D8%AA%D9%86%D9%8A%D8%A7%D9%87%D9%88-%D9%8A%D8%A8%D8%AF%D8%A3-%D8%BA%D8%AF%D8%A7-%D9%85%D9%82%D8%A7%D8%A8%D9%84%D8%A7%D8%AA-%D9%84%D9%85%D9%86%D8%B5%D8%A8-%D8%B1%D8%A6%D9%8A%D8%B3,الشرطة تفرق محتجين بالقوة ونتنياهو يبدأ غدا مقابلات لمنصب رئيس الشاباك,ISRAELI,,"Jerusalem, Israel (general), Israel",-6.70731707317073,127
2025-03-25 21:00:00.000000 UTC,https://www.nile.eg/%D8%A7%D8%AA%D8%B5%D8%A7%D9%84-%D9%87%D8%A7%D8%AA%D9%81%D9%8A-%D8%A8%D9%8A%D9%86-%D9%88%D8%B2%D9%8A%D8%B1-%D8%A7%D9%84%D8%AE%D8%A7%D8%B1%D8%AC%D9%8A%D8%A9-%D9%88%D8%A7%D9%84%D9%87%D8%AC%D8%B1%D8%A9-2,النيل – قناة مصر الإخبارية | اتصال هاتفي بين وزير الخارجية والهجرة ونظيره البلغاري لتبادل الرؤى بشأن التطورات فى الشرق الأوسط,,EGYPT,"Wizarat Al Kharijiyah, Al Qahirah, Egypt",0.35971223021583,51
2025-03-25 21:00:00.000000 UTC,http://www.elbrqnews.com/New-News/297695.html,نشاط الرئيس اليوم.. السيسي يتابع جهود تحقيق الأمن الغذائي وتعزيز العلاقات مع إسبانيا والصومال,SPANISH,GAZA,Israel,4.20673076923077,10
2025-03-25 21:30:00.000000 UTC,https://www.albayan.ae/news/world/us/35504,رئيس الدولة والرئيس الأمريكي يبحثان هاتفياً العلاقات الإستراتيجية بين البلدين,CHIEF OF STATE,ISRAEL,"Gaza, Israel (general), Israel",5.70152882322689,20
2025-03-25 21:30:00.000000 UTC,http://www.elbrqnews.com/New-News/297811.html,"رئيس جامعة دمنهور يستقبل فريق طلاب كلية الهندسة استعداداً للمشاركة في مسابقة ""رالي السيارات الكهربائية Ever Egypt 2025""",UNIVERSITY,,"Damanhour, Al Bu?ayrah, Egypt",8.63309352517986,42
2025-03-25 21:30:00.000000 UTC,https://www.26sep.net/index.php/local/100613-2025-03-25-19-56-08,باحثون فلسطينيون: عمليات اليمن تهديد حقيقي لحكومة العدو,YEMEN,ISRAEL,Yemen,-6.15384615384616,1384
2025-03-25 21:30:00.000000 UTC,http://www.elbrqnews.com/New-News/297775.html,الكنيسة الكاثوليكية تهنئ رئيس جامعة أسوان بعيد الفطر المبارك,CATHOLIC,ASWAN,Egypt,6.91823899371069,51
2025-03-25 21:30:00.000000 UTC,https://www.albayan.ae/news/uae/foreign-affairs/35457,رئيس الدولة وملك الأردن يبحثان العلاقات الأخوية وجهود وقف إطلاق النار في غزة,JORDAN,,"Gaza, Israel (general), Israel",0.99800399201597,40
2025-03-25 21:30:00.000000 UTC,https://www.alsahwa-yemen.net/p-83328,الرئيس العليمي يشدد على تعزيز كفاءة المالية العامة وضمان استدامة الخدمات الحيوية,MILITIA,IRANIAN,Iran,-2.29885057471264,138
2025-03-25 21:45:00.000000 UTC,http://www.elbrqnews.com/New-News/297823.html,تخريج دورة مستجدين قوة دفاع البحرين بحضور مساعد رئيس هيئة الأركان للعمليات,BAHRAIN,MILITARY,Bahrain,5.20833333333333,60
2025-03-25 21:45:00.000000 UTC,https://www.almanar.com.lb/13296285,الرئيس المشاط: اليمن لن يخضع ولن يتراجع عن نصرة فلسطين,YEMEN,,Yemen,-3.20855614973262,51
2025-03-25 22:00:00.000000 UTC,https://www.albawabhnews.com/5174599,بحضور الرئيس السيسي، الأوقاف تحتفل بليلة القدر وتكرم حفظة القرآن الكريم غدا,PRESIDENT,ISLAMIC,"Wizarat Al Awqaf, Al Qahirah, Egypt",11.2582781456954,43
2025-03-25 22:30:00.000000 UTC,https://www.dostor.org/5013388,الملك عبدالله يلتقى رئيس الإمارات فى أبوظبى.. ويهاتف رئيس وزراء إسبانيا,ABDULLAH,ABU DHABI,"Gaza, Israel (general), Israel",-2.53968253968254,40
2025-03-25 22:45:00.000000 UTC,https://www.aljazeeramubasher.net/news/politics/2025/3/26/%D8%A5%D8%B3%D8%B1%D8%A7%D8%A6%D9%8A%D9%84-%D8%A7%D9%84%D8%B4%D8%B1%D8%B7%D8%A9-%D8%AA%D9%81%D8%B6-%D9%85%D8%B8%D8%A7%D9%87%D8%B1%D8%A9-%D8%A3%D9%85%D8%A7%D9%85,إسرائيل.. الشرطة تفض مظاهرة أمام الكنيست ونتنياهو يعلن بدء إجراء مقابلات لاختيار رئيس جديد للشاباك (فيديو),GOVERNMENT,ISRAEL,"Jerusalem, Israel (general), Israel",-5.92105263157895,160
2025-03-25 22:45:00.000000 UTC,https://ar.webmanagercenter.com/2025/03/25/398515/%D9%85%D9%83%D8%AA%D8%A8-%D8%A7%D9%84%D8%A8%D8%B1%D9%84%D9%85%D8%A7%D9%86-%D9%8A%D9%82%D8%B1%D8%B1-%D8%A7%D8%AD%D8%A7%D9%84%D8%A9-%D8%A7%D8%B3%D8%A6%D9%84%D8%A9-%D8%A7%D9%84%D9%89-%D8%A7%D9%84%D8%AD/,مكتب البرلمان يقرر احالة اسئلة الى الحكومة ويعاين حالة شغور في المجلس اثر وفاة احد اعضائه.. - المصدر تونس,FRENCH,,"Cairo, Al Qahirah, Egypt",-1.41643059490085,70
2025-03-25 22:45:00.000000 UTC,https://www.vetogate.com/5376379,نشرة أخبار مصر، السيسي يؤكد تضامن مصر الكامل مع الرئيس الصومالي، وتفاصيل الكاملة لعقد امتحانات الثانوية العامة في الجامعات,UNIVERSITY,,"Cairo, Al Qahirah, Egypt",2.60869565217391,70
2025-03-25 23:30:00.000000 UTC,https://www.kuna.net.kw/ArticleDetails.aspx?id=3223877&language=ar,كونا : الرئيس الأمريكي ينفي نشر أسرار عسكرية على دردشة سيغنال - الشؤون السياسية,UNITED STATES,INTELLIGENCE,Yemen,-0.67842605156038,90
2025-03-25 23:30:00.000000 UTC,https://www.kuna.net.kw/ArticleDetails.aspx?id=3223876&language=ar,كونا : وزير الخارجية البحريني: ترشح المملكة لعضوية مجلس الأمن يعزز دورها بترسيخ السلام والازدهار العالمي - الشؤون السياسية,BAHRAIN,UNITED KINGDOM,Israel,6.65236051502146,10
2025-03-25 23:45:00.000000 UTC,https://www.emaratalyoum.com/local-section/other/2025-03-26-1.1931612,رئيس الدولة يؤكد حرص الإمارات على تعزيز تعاونها مع الولايات المتحدة لدعم السلام في المنطقة والعالم,CHIEF OF STATE,GAZA,"Gaza, Israel (general), Israel",6.35451505016722,20
2025-03-26 00:15:00.000000 UTC,http://www.elbrqnews.com/New-News/298053.html,مصر.. البرلمان يوافق على مشروع قانون المسؤولية الطبية بعد الاستجابة لاعتراضات الأطباء - الأول نيوز,PROSECUTOR,,"Cairo, Al Qahirah, Egypt",-4.37017994858612,90
2025-03-26 00:15:00.000000 UTC,https://jo24.net/article/527623,الملك يلتقي رئيس دولة الإمارات في أبوظبي,UNITED ARAB EMIRATES,KING,United Arab Emirates,1.79372197309417,51
2025-03-26 00:15:00.000000 UTC,https://kitabat.com/%D8%A7%D9%84%D8%B0%D9%83%D8%B1%D9%89-%D8%A7%D9%84%D9%85%D8%A6%D9%88%D9%8A%D8%A9-%D9%84%D8%B5%D8%AF%D9%88%D8%B1-%D8%A7%D9%84%D9%82%D8%A7%D9%86%D9%88%D9%86-%D8%A7%D9%84%D8%A3%D8%B3%D8%A7%D8%B3%D9%8A/,الذكرى المئوية لصدور القانون الأساسي العراقي لسنة 1925: من انحرافات التجربة البرلمانية إلى تحديات دستور 2005 – كتابات,PARLIAMENT,,Iraq,-1.52413209144793,10
2025-03-26 00:30:00.000000 UTC,https://www.mena.org.eg:443/news/dbcall/table/textnews/id/11114173,وزير الداخلية الموزمبيقي يشيد في لقاء مع سفير مصر بمابوتو بقوة ومتانة العلاقات بين البلدين - Welcome to Middle East News Agency,EGYPT,MOZAMBIQUE,"Cairo, Al Qahirah, Egypt",7.35294117647056,51
2025-03-26 00:30:00.000000 UTC,https://www.emaratalyoum.com/local-section/other/2025-03-26-1.1931650,رئيس الدولة وملك الأردن يبحثان تعزيز علاقات التعاون وجهود وقف النار في غزة,CHIEF OF STATE,JORDAN,Jordan,1.67865707434053,51
2025-03-26 00:45:00.000000 UTC,https://bokra.net/Article-1566151,اجتماع لقادة المعارضة الإسرائيلية لمناقشة إقالة رئيس الشاباك دون حضور الأحزاب العربية,DEPUTIES,,Israel,-7.88381742738589,40
2025-03-26 00:45:00.000000 UTC,https://26sep.net/index.php/local/100613-2025-03-25-19-56-08,باحثون فلسطينيون: عمليات اليمن تهديد حقيقي لحكومة العدو,YEMEN,INTELLIGENCE,"Gaza, Israel (general), Israel",-6.15384615384616,10
2025-03-26 02:30:00.000000 UTC,https://www.fj-p.com/403786/%D8%A7%D9%84%D8%B3%D9%8A%D8%B3%D9%8A-%D8%AE%D8%A7%D9%8A%D9%86-%D9%88%D8%B9%D9%85%D9%8A%D9%84-%D9%8A%D8%AA%D8%B5%D8%AF%D8%B1-%D8%A7%D9%84%D8%AA%D9%88%D8%A7%D8%B5%D9%84-%D8%A8%D8%B9%D8%AF-%D8%AA/,(السيسي خاين وعميل) يتصدر التواصل ..بعد تصريح وزير خارجته ” لا مبرر لاستهداف سفن العدو بالبحر الأحمر”,ISRAEL,,"Gaza, Israel (general), Israel",-5.06072874493928,40
2025-03-26 03:30:00.000000 UTC,https://maqar.com/archives/707532,رئيس الإمارات وترامب يبحثان جهود وقف إطلاق النار في غزة - صحيفة المقر,PRESIDENT,GAZA,"Gaza, Israel (general), Israel",4.05904059040591,20
2025-03-26 03:30:00.000000 UTC,https://cedarnews.net/2377/,رئيس دير سيدة البلمند ترأس قداس عيد البشارة,,MONASTERY,Lebanon,4.64190981432361,40
2025-03-26 04:00:00.000000 UTC,https://www.elwatannews.com/news/details/8059122,وزير المهجرين اللبناني: نشهد تدفقا جديدا للنازحين السوريين ب - الوطن,SYRIA,,Syria,-5.18867924528302,190
2025-03-26 04:15:00.000000 UTC,https://pnn.ps/news/704034,بعد رفض العليا طلب المستشارة القضائية: نتنياهو يبدأ مقابلات لاختيار رئيس جديد للشاباك,ISRAEL,CHANCELLOR,"Tel Aviv, Tel Aviv, Israel",-4.1343669250646,120
2025-03-26 04:30:00.000000 UTC,https://www.lebanon24.com/news/lebanon/1338565/%d9%84%d9%88%d8%af%d8%b1%d9%8a%d8%a7%d9%86-%d9%81%d9%8a-%d8%a8%d9%8a%d8%b1%d9%88%d8%aa-%d9%88%d9%88%d8%b2%d9%8a%d8%b1-%d8%a7%d9%84%d8%af%d9%81%d8%a7%d8%b9-%d8%a7%d9%84%d9%89-%d8%b3%d9%88%d8%b1%d9%8a%d8%a7,لودريان في بيروت ووزير الدفاع الى سوريا,PARIS,PRESIDENT,Iran,-0.45662100456621,42
2025-03-26 04:45:00.000000 UTC,https://www.tayyar.org/News/Lebanon/658336/_guid=658336,الحكومة تضع الحلقة الثانية من التعيينات على نار حامية,CABINET,,Lebanon,0.0,60
2025-03-26 05:45:00.000000 UTC,https://www.aksalser.com/news/2025/03/26/%D9%88%D8%B2%D9%8A%D8%B1%D8%A9-%D8%AE%D8%A7%D8%B1%D8%AC%D9%8A%D8%A9-%D8%A3%D9%84%D9%85%D8%A7%D9%86%D9%8A%D8%A7-%D8%AA%D8%B9%D9%84%D9%82-%D8%B9%D9%84%D9%89-%D8%AA%D8%A3%D8%AB%D9%8A%D8%B1-%D8%AA%D9%88/,وزيرة خارجية ألمانيا تعلق على تأثير توقيف رئيس بلدية إسطنبول على انضمام تركيا للاتحاد الأوروبي - عكس السير,EUROPEAN UNION,TURKEY,"Istanbul, Istanbul, Turkey",-7.09677419354839,46
2025-03-26 06:00:00.000000 UTC,http://arabic.news.cn/20250326/bf52629c99be490cb79ca6681587dfcb/c.html,الشرطة التركية تعتقل أكثر من 1400 مُحتج على اعتقال رئيس بلدية إسطنبول,TURKISH,ISTANBUL,"Istanbul, Istanbul, Turkey",-6.85714285714287,173
2025-03-26 07:00:00.000000 UTC,https://www.shorouknews.com/news/view.aspx?cdate=26032025&id=b9684290-eb98-42b4-b62d-4be81116f9e6,رئيسا الإمارات وأمريكا يبحثان الجهود المبذولة تجاه وقف إطلاق النار في غزة,ISRAEL,GAZA,"Gaza, Israel (general), Israel",5.97826086956521,20
2025-03-26 07:15:00.000000 UTC,http://www.elbrqnews.com/New-News/298216.html,الرئيس السيسي يشهد احتفال وزارة الأوقاف بليلة القدر بالعاصمة الإدارية الجديدة,PRESIDENT,EGYPT,"Wizarat Al Awqaf, Al Qahirah, Egypt",2.67857142857143,50
2025-03-26 07:45:00.000000 UTC,https://www.shorouknews.com/news/view.aspx?cdate=26032025&id=33b7818b-1848-4267-911f-14c175ee9101,وزير الخارجية الأمريكي يعرب عن مخاوفه بشأن الاعتقالات والاحتجاجات في تركيا,MINIST,,Syria,-4.06504065040651,12
2025-03-26 07:45:00.000000 UTC,https://www.tayyar.org/News/Lebanon/658366/_guid=658366,هل يُحرم المغتربون اللبنانيون من مقاعدهم في برلمان 2026 حايك التمثيل الحقيقي للمغتربين يكون من خلال نواب يمثلونهم,CHRISTIANITY,,Lebanon,-0.28901734104046,10
2025-03-26 07:45:00.000000 UTC,http://www.elbrqnews.com/New-News/298246.html,وزير العمل يعلن تفاصيل اجازة عيد الفطر للقطاع الخاص,,WORKER,"Cairo, Al Qahirah, Egypt",7.21311475409836,36
2025-03-26 07:45:00.000000 UTC,http://www.elbrqnews.com/New-News/298247.html,اتصال هاتفي بين وزير الخارجية وأمين سر اللجنة التنفيذية لمنظمة التحرير الفلسطينية,ISRAELI,,Israel,-0.71942446043165,871
2025-03-26 08:00:00.000000 UTC,https://www.shorouknews.com/news/view.aspx?cdate=26032025&id=97fe1e67-d957-4b2b-befe-c6d6f7e69ab5,وزير قطاع الأعمال ورئيس هيئة الدواء يتفقدان تطوير شركات العربية وممفيس والنيل للأدوية,EGYPTIAN,,Egypt,7.19769673704414,50
2025-03-26 08:15:00.000000 UTC,https://www.shorouknews.com/news/view.aspx?cdate=26032025&id=5bfa254f-a230-4136-b936-19bcc7a3d7de,برلماني أوروبي: التعاون مع تركيا في خطر بعد سجن إمام أوغلو,IMAM,TURKEY,"Istanbul, Istanbul, Turkey",-8.25242718446602,130
2025-03-26 08:30:00.000000 UTC,https://www.vetogate.com/5376484,زعيم المعارضة الإسرائيلية: حكومة نتنياهو مجرمة ويجب عصيانها,ISRAEL,ISRAEL,"Gaza, Israel (general), Israel",-12.0,111
2025-03-26 08:30:00.000000 UTC,https://pnn.ps/news/704047,رئيس الإمارات وترامب يبحثان هاتفيا جهود وقف إطلاق النار بغزة,ABU DHABI,,"Gaza, Israel (general), Israel",1.95121951219513,90
2025-03-26 08:45:00.000000 UTC,https://www.shorouknews.com/news/view.aspx?cdate=26032025&id=2c7a0aa4-6e8a-4a8b-aad1-e48ee8c87f6a,وزير البترول: بتروجت تتعاقد على حجم أعمال جديد بقيمة 112 مليار جنيه في 2024,,CAIRO,"Wizarat Al Kharijiyah, Al Qahirah, Egypt",3.01441677588467,46
2025-03-26 09:00:00.000000 UTC,http://www.elbrqnews.com/New-News/298384.html,وزير الخارجية يبحث مع أمين سر منظمة التحرير الفلسطينية الأوضاع بغزة والضفة,ISRAELI,,"Gaza, Israel (general), Israel",-0.735294117647061,871
2025-03-26 09:15:00.000000 UTC,https://www.alquds.com/ar/posts/156061,"""العليا"" الإسرائيلية ترفض طلب نتنياهو إلغاء تجميد إقالة رئيس ""الشاباك""",GOVERNMENT,ISRAEL,Israel,-4.31372549019608,160
2025-03-26 09:30:00.000000 UTC,https://www.aljazeera.net/news/2025/3/26/%D9%84%D8%A8%D9%8A%D8%AF-%D9%8A%D8%B5%D9%81-%D8%AD%D9%83%D9%88%D9%85%D8%A9-%D9%86%D8%AA%D9%86%D9%8A%D8%A7%D9%87%D9%88-%D8%A8%D8%A7%D9%84%D9%85%D8%AC%D8%B1%D9%85%D8%A9-%D9%88%D9%8A%D8%AF%D8%B9%D9%88,زعيم المعارضة يصف حكومة نتنياهو بالمجرمة ويدعو لعصيانها,OPPOSITION LEADER,GOVERNMENT,Israel,-5.02793296089386,10
2025-03-26 09:30:00.000000 UTC,https://www.nile.eg/%D9%88%D8%B2%D9%8A%D8%B1-%D8%A7%D9%84%D8%AE%D8%A7%D8%B1%D8%AC%D9%8A%D8%A9-%D9%8A%D8%A8%D8%AD%D8%AB-%D9%87%D8%A7%D8%AA%D9%81%D9%8A%D9%8B%D8%A7-%D9%85%D8%B9-%D8%A3%D9%85%D9%8A%D9%86-%D8%B3%D8%B1-%D8%A7,النيل – قناة مصر الإخبارية | وزير الخارجية يبحث هاتفيًا مع أمين سر اللجنة التنفيذية لمنظمة التحرير الفلسطينية الأوضاع الخطيرة بغزة والضفة,PALESTINIAN,FOREIGN MINIST,Egypt,-0.671140939597319,41
2025-03-26 09:30:00.000000 UTC,https://www.albayan.ae/news/uae/35597,نيابةً عن رئيس الدولة.. سفير الإمارات يحضر حفل تنصيب رئيس الأوروغواي الشرقية,AMBASSADOR,URUGUAY,"Diwan Ar Riasah, Abu Z¸aby, United Arab Emirates",11.1587982832618,17
2025-03-26 09:45:00.000000 UTC,http://www.elbrqnews.com/New-News/298519.html,مجموعة رئيس حسن السعدي تتبرع بمليون درهم لدعم حملة وقف الأب في الإمارات,,HASSAN,"Dubai, Dubayy, United Arab Emirates",2.08333333333334,43
2025-03-26 10:00:00.000000 UTC,http://www.elbrqnews.com/New-News/298541.html,وزير الزراعة يشهد توقيع اتفاق مصرى سعودى لإنتاج المحسنات والمخصبات في النوبارية,,SAUDI ARABIA,Saudi Arabia,4.08653846153846,57
2025-03-26 10:00:00.000000 UTC,https://www.kuna.net.kw/ArticleDetails.aspx?id=3223913&Language=ar,كونا : سمو ولي العهد يبعث ببرقية تهنئة إلى رئيس بنغلاديش بذكرى استقلال بلاده - عام,CROWN PRINCE,BANGLA DESH,Kuwait,17.9104477611941,42
2025-03-26 10:00:00.000000 UTC,http://www.elbrqnews.com/New-News/298558.html,وزير الزراعة يشهد توقيع اتفاق مصري سعودي لإنتاج المحسنات والمخصبات بالنوبارية,SAUDI ARABIA,,"Wizarat Az Ziraah, Al Jizah, Egypt",3.97022332506204,42
2025-03-26 10:00:00.000000 UTC,https://www.kuna.net.kw/ArticleDetails.aspx?id=3223916&Language=ar,كونا : وزير الدفاع الياباني: بدأنا استقبال جرحى فلسطينيين من غزة لتقديم العلاج لهم - الصحة والبيئة,EGYPT,PALESTINIAN,"Gaza, Israel (general), Israel",0.0,182
2025-03-26 10:15:00.000000 UTC,https://www.shorouknews.com/news/view.aspx?cdate=26032025&id=11b48716-5912-4dc6-bd22-dab2da4351a1,وزير الخارجية الأمريكي يدعو تركيا لدعم مساعي السلام في أوكرانيا,TURKEY,UKRAINE,"Ankara, Ankara, Turkey",2.63157894736842,51
2025-03-26 10:15:00.000000 UTC,https://www.dostor.org/5013854,نص كلمة الرئيس السيسي خلال احتفالية وزارة الأوقاف بليلة القدر,EGYPT,PRESIDENT,"Wizarat Al Awqaf, Al Qahirah, Egypt",6.23471882640587,51
2025-03-26 10:15:00.000000 UTC,https://www.aljazeera.net/news/2025/3/26/%D8%B9%D8%A7%D8%AC%D9%84-%D8%A3%D8%B7%D8%A8%D8%A7%D8%A1-%D8%A8%D9%84%D8%A7-%D8%AD%D8%AF%D9%88%D8%AF-%D9%83%D8%AB%D9%8A%D8%B1%D9%88%D9%86-%D9%8A%D8%AC%D8%A8%D8%B1%D9%88%D9%86-%D8%B9%D9%84%D9%89,إسرائيل تمنع الماء عن سكان غزة ووزير الصحة البريطاني: أشعر بالعجز والإحباط,GAZA,,"Baladiyat Ghazzah, Gaza Strip (general), Gaza Strip",-7.52941176470588,141
2025-03-26 10:30:00.000000 UTC,https://qudspress.com/188087/,"الرئيس الكوبي: ""إسرائيل"" تسعى لإبادة الشعب الفلسطيني في غزة بدعم أمريكي - وكالة قدس برس للأنباء",PALESTINIAN,,"Gaza, Israel (general), Israel",-9.04255319148934,22
2025-03-26 10:30:00.000000 UTC,https://www.alwatanvoice.com/arabic/news/2025/03/26/1544190.html,"لابيد يصف حكومة نتنياهو ""بالمجرمة"" ويدعو لعصيانها",ISRAEL,GOVERNMENT,Israel,-6.72268907563025,10
2025-03-26 10:45:00.000000 UTC,https://www.dostor.org/5013844,البرلمان العربي: الصمت الدولي على الاحتلال يشجعه على التمادي في انتهاكاته,INTERNATIONAL COMMUNITY,,Syria,-2.91970802919713,51
2025-03-26 10:45:00.000000 UTC,http://www.elbrqnews.com/New-News/298614.html,رئيس جامعة أسيوط يستقبل وفدًا من قيادات الكنائس للتهنئة بعيد الفطر المبارك,UNIVERSITY,HASSAN,"Kulliyat At Tarbiyah An Nawiyah, Dumyat, Egypt",6.17059891107078,43
2025-03-26 11:00:00.000000 UTC,http://www.elbrqnews.com/New-News/298645.html,البرلمان العربي يدين قصف كيان الاحتلال لبلدة كويا في سوريا,PARLIAMENT,SYRIA,Syria,-4.65116279069769,192
2025-03-26 11:00:00.000000 UTC,https://www.vetogate.com/5376624,رئيس جامعة إسرائيلية: سنشل المرافق الاقتصادية بجانب إعلان الإضراب,ISRAEL,ISRAEL,Israel,-6.20689655172413,111
2025-03-26 11:15:00.000000 UTC,https://www.dostor.org/5013599,وزير قطاع الأعمال: حريصون علي استكمال خطط التطوير ونجني ثماره قريبا,MINISTRY,,"Arab Organization For Industrialization, Al Qahirah, Egypt",5.6390977443609,57
2025-03-26 11:15:00.000000 UTC,https://www.shorouknews.com/news/view.aspx?cdate=26032025&id=e2043fce-13de-4c67-9864-df0f5075c189,لابيد يدعو للتمرد على الحكومة إذا لم تطبق قرار المحكمة بشأن رئيس الشاباك,GOVERNMENT,,"Gaza, Israel (general), Israel",-6.38297872340425,160
2025-03-26 11:15:00.000000 UTC,http://www.elbrqnews.com/world/298686.html,البرلمان العربي يدين قصف كيان الاحتلال لبلدة كويا السورية ويطالب بتحرك دولي لوقف الانتهاكات,SYRIA,,Syria,-5.58139534883719,194
2025-03-26 11:15:00.000000 UTC,https://www.dostor.org/5013922,برلماني: تكريم حفظة القرآن الكريم والأمهات المثاليات وتقديم 10 رحلات عمرة مجانية بالطالبية والعمرانية,ASHUR,EGYPT,"Giza, Al Jizah, Egypt",11.2727272727273,51
2025-03-26 11:15:00.000000 UTC,https://www.dostor.org/5013946,المؤتمر: رسائل مهمة بكلمة الرئيس السيسي باحتفالية ليلة القدر,PALESTINIAN,,Egypt,3.00751879699248,120
2025-03-26 11:30:00.000000 UTC,https://www.dostor.org/5013698,محافظ أسوان يشارك في اجتماع وزيرة التنمية المحلية للاستعداد لافتتاح المتحف المصري,ASWAN,,Egypt,2.91828793774319,46
2025-03-26 11:30:00.000000 UTC,https://www.dostor.org/5013934,برلمانى: كلمة الرئيس باحتفالية ليلة القدر تؤكد التزامه بمواصلة الدفاع عن القيم والمبادئ المصرية,PRESIDENT,,Egypt,6.79245283018868,50
2025-03-26 11:45:00.000000 UTC,https://www.dostor.org/5013906,نائب رئيس حزب الوعي: توجيهات الرئيس بتفعيل البورصة السلعية تسهم في ضبط الأسواق,PRESIDENT,,Egypt,5.04201680672269,70
2025-03-26 12:00:00.000000 UTC,https://www.nile.eg/%D8%A7%D9%84%D8%B1%D8%A6%D9%8A%D8%B3-%D8%A7%D9%84%D8%B3%D9%8A%D8%B3%D9%89-%D9%8A%D9%83%D8%B1%D9%85-%D8%A7%D9%84%D9%81%D8%A7%D8%A6%D8%B2%D9%8A%D9%86-%D9%81%D9%89-%D8%A7%D9%84%D9%85%D8%B3%D8%A7%D8%A8,النيل – قناة مصر الإخبارية | الرئيس السيسى يكرم الفائزين فى المسابقة العالمية الحادية والثلاثين للقرآن الكريم,EGYPT,EGYPT,"Wizarat Al Awqaf, Al Qahirah, Egypt",7.84313725490196,51
2025-03-26 12:00:00.000000 UTC,http://www.elbrqnews.com/New-News/298811.html,عاجل.. رئيس الوزراء يؤكد أهمية رفع حالة الطوارئ.. ومنع أي حالات تعد على الأراضي,ACTOR,,"Wizarat Al Awqaf, Al Qahirah, Egypt",3.03030303030303,12
2025-03-26 12:00:00.000000 UTC,https://www.shorouknews.com/news/view.aspx?cdate=26032025&id=abc46185-3dae-445e-8d11-9cfe4f7b4cc3,وزير الخارجية ونظيره الفلسطيني يبحثان هاتفيا الأوضاع الخطيرة في غزة والضفة,PALESTINIAN,,"Gaza, Israel (general), Israel",2.74725274725275,41
2025-03-26 12:00:00.000000 UTC,https://www.shorouknews.com/news/view.aspx?cdate=26032025&id=df9b2bc1-238e-472d-a71a-f83ec1184282,وزير الخارجية وأمين منظمة التحرير الفلسطينية يستعرضان اتصالات مصر وقطر لوقف الاعتداءات الإسرائيلية في غزة,QATAR,ISRAELI,"Gaza, Israel (general), Israel",-0.6993006993007,871
2025-03-26 12:15:00.000000 UTC,https://www.almanar.com.lb/13298353,رغم استمرار التظاهرات ضده… نتنياهو يبدأ مقابلات لاختيار رئيس جديد للشاباك,JUDGE,GOVERNMENT,"Jerusalem, Israel (general), Israel",-5.71428571428571,110
2025-03-26 12:15:00.000000 UTC,https://www.aljazeeramubasher.net/opinions/2025/3/26/%D9%84%D8%B9%D8%A8%D8%A9-%D8%A7%D9%84%D8%B3%D9%8A%D8%A7%D8%B3%D8%A9-%D9%81%D9%8A-%D8%AA%D8%B1%D9%83%D9%8A%D8%A7-%D8%BA%D9%84%D8%B7%D8%A9-%D8%A7%D9%84%D8%B4%D8%A7%D8%B7%D8%B1,لعبة السياسة في تركيا.. “غلطة الشاطر بألف”,TURKISH,,"Ankara, Ankara, Turkey",-3.16973415132924,71
2025-03-26 12:30:00.000000 UTC,https://www.kuna.net.kw/ArticleDetails.aspx?id=3223922&Language=ar,كونا : البرلمان العربي يدين قصف الاحتلال الإسرائيلي لبلدة (كويا) السورية - الشؤون السياسية,INTERNATIONAL COMMUNITY,SYRIAN,Syria,-1.82926829268292,51
2025-03-26 12:30:00.000000 UTC,https://www.shorouknews.com/news/view.aspx?cdate=26032025&id=febe4a59-a638-4489-b8a2-3975e2c49609,الرئيس اللبناني يدعو إلى الضغط على إسرائيل لوقف أعمالها العدائية,ISRAEL,LEBANESE,Lebanon,-3.30578512396694,42
2025-03-26 12:30:00.000000 UTC,http://www.elbrqnews.com/New-News/298885.html,رئيس الوزراء الفلسطيني يعرب عن تقديره للجهود المصرية,PALESTINIAN,EGYPTIAN,"Gaza, Israel (general), Israel",2.99401197604791,51
2025-03-26 12:30:00.000000 UTC,https://www.dostor.org/5014053,وزيرا خارجية مصر وقطر يبحثان جهود تثبيت وقف إطلاق النار في غزة,,QATAR,Qatar,-0.50505050505051,40
2025-03-26 12:30:00.000000 UTC,http://www.elbrqnews.com/New-News/298878.html,اتصال هاتفي بين وزير الخارجية والهجرة ورئيس الوزراء الفلسطيني,PALESTINIAN,EGYPTIAN,"Gaza, Israel (general), Israel",2.35294117647059,51
2025-03-26 12:45:00.000000 UTC,https://www.tayyar.org/News/Lebanon/658421/_guid=658421,الرئيس عون خلال لقائه لودريان للضغط على إسرائيل للإلتزام بقرار وقف إطلاق النار,FRENCH,LEBANON,Israel,-0.28490028490028,51
2025-03-26 12:45:00.000000 UTC,https://www.nna-leb.gov.lb/ar/%D8%A5%D9%82%D8%AA%D8%B5%D8%A7%D8%AF/768404,الوكالة الوطنية للإعلام - وزير العمل أعلن توقيع التعريفات الجديدة للضمان وتحسين الخدمات: نعمل لتخفيف الأعباء ورفع الحد الأدنى امام لجنة المؤشر قريبا,HOUSE OF REPRESENTATIVES,,Lebanon,-1.70603674540682,81
2025-03-26 12:45:00.000000 UTC,https://www.nna-leb.gov.lb/ar/%D8%B3%D9%8A%D8%A7%D8%B3%D8%A9/768396,الوكالة الوطنية للإعلام - الرئيس عون عرض مع لودريان لتحضيرات زيارته لفرنسا الجمعة: للضغط على اسرائيل للالتزام باتفاق وقف النار والإصلاحات أولوية بالتوازي مع إعادة الاعمار,FRENCH,PRESIDENT,Israel,0.0,46
2025-03-26 12:45:00.000000 UTC,https://www.dostor.org/5014048,القطامى: الرئيس السيسى أكد أهمية الوعى وتماسك المصريين,PALESTINIAN,,Egypt,2.96610169491526,51
2025-03-26 12:45:00.000000 UTC,https://www.nna-leb.gov.lb/ar/%D8%AA%D8%B1%D8%A8%D9%8A%D8%A9-%D9%88%D8%AB%D9%82%D8%A7%D9%81%D8%A9/768391,الوكالة الوطنية للإعلام - سلامة بحث ورئيسة مهرجانات بيت الدين حاجات ترميم قصري بيت الدين وقصرالأميرامين,MINIST,LEBANESE,"Beiteddine, Mont-Liban, Lebanon",5.6338028169014,50
2025-03-26 12:45:00.000000 UTC,https://www.elfagr.org/5141115,عاجل - وحدتنا لا تعرف الانكسار.. كيف بث الرئيس رسائل الطمأنة إلى الشعب المصري,PRESIDENT,ISRAEL,"Wizarat Al Awqaf, Al Qahirah, Egypt",3.76344086021506,10
2025-03-26 12:45:00.000000 UTC,https://www.tayyar.org/News/World/658423/_guid=658423,بتهمة إهانة الرئيس.. اعتقال ملكة جمال وعشرات آخرين,PROTESTER,TURKISH,"Istanbul, Istanbul, Turkey",-15.1351351351351,140
2025-03-26 13:00:00.000000 UTC,https://www.elfagr.org/5141145,عاجل - الرئيس السيسي يهنئ المصريين بمناسبة ليلة القدر المباركة,PRESIDENT,EGYPT,"Wizarat Al Awqaf, Al Qahirah, Egypt",7.92079207920792,42
2025-03-26 13:00:00.000000 UTC,https://www.shorouknews.com/news/view.aspx?cdate=26032025&id=7405b9f3-2ac6-4b64-a5a7-431156b12779,الرئيس السيسي يعرب عن تقديره لتماسك الشعب: ده مش جديد على المصريين,PRESIDENT,EGYPT,"Wizarat Al Awqaf, Al Qahirah, Egypt",7.14285714285714,13
2025-03-26 13:00:00.000000 UTC,https://www.shorouknews.com/news/view.aspx?cdate=26032025&id=6ded68e7-75c8-4621-a71b-d616fff81d34,الرئيس السيسي يعرب عن تمنياته لشيخ الأزهر بالشفاء التام,EGYPT,EGYPT,Yemen,5.72687224669603,20
2025-03-26 13:00:00.000000 UTC,http://www.elbrqnews.com/New-News/298968.html,وزيرة التخطيط تبحث مع سفير دولة أرمينيا تعزيز العلاقات الثنائية بين البلدين,EGYPT,ARMENIA,"Cairo, Al Qahirah, Egypt",5.48780487804878,43
2025-03-26 13:00:00.000000 UTC,https://pnn.ps/news/704077,بمشاركة الجامعات: استمرار الاحتجاجات ضد حكومة نتنياهو في تل أبيب والقدس,ISRAELI,PRISONER,"Tel Aviv, Tel Aviv, Israel",-6.12903225806452,841
2025-03-26 13:00:00.000000 UTC,https://www.wafa.ps/Pages/Details/117797,وزير الداخلية يلتقي رئيسة بعثة الاتحاد الأوروبي للمساعدة الحدودية في رفح,ISRAEL,EUROPEAN UNION,Israel,0.0,43
2025-03-26 13:00:00.000000 UTC,https://www.shorouknews.com/news/view.aspx?cdate=26032025&id=68bb68d7-49d2-47c1-ae12-19ad5f315942,الرئيس السيسي: بتجي لي تقارير كتير من برا وجوا مصر.. وصلابة المصريين مقدرة جدا,,EGYPT,"Wizarat Al Awqaf, Al Qahirah, Egypt",4.08163265306122,43
2025-03-26 13:15:00.000000 UTC,https://www.shorouknews.com/news/view.aspx?cdate=26032025&id=18751db4-1c49-4c3c-93a6-593102025110,رئيس جامعة بني سويف يؤكد ضرورة مشاركة الجامعة الأهلية في مسابقة أفضل جامعة للأنشطة الطلابية,UNIVERSITY,UNIVERSITY,"Bani Suwayf, Bani Suwayf, Egypt",3.6101083032491,43
2025-03-26 13:15:00.000000 UTC,https://www.shorouknews.com/news/view.aspx?cdate=26032025&id=27aebbdd-fab3-4acf-a92f-dac2d396ee9f,رئيس جامعة بنها يعلن عن افتتاح مبنى الجراحة بالمستشفى الجامعي قريبا,NASSER,UNIVERSITY,"Muhafazat Al Qalyubiyah, Al Qalyubiyah, Egypt",4.8469387755102,51
2025-03-26 13:30:00.000000 UTC,https://www.dostor.org/5014091,الرئيس السيسي: العالم يتعجب من تماسكنا.. متقلقوش ربنا في ضهرنا,PRESIDENT,EGYPTIAN,Egypt,2.10526315789474,40
2025-03-26 13:45:00.000000 UTC,https://www.vetogate.com/5376780,رئيس مدينة الأقصر يستقبل مطران الأقباط الكاثوليك للتهنئة بعيد الفطر,EGYPT,LUXOR,Egypt,7.69230769230766,20
2025-03-26 14:00:00.000000 UTC,https://www.shorouknews.com/news/view.aspx?cdate=26032025&id=afd9e724-35cb-45ff-8a87-591e38e612bb,رئيس وزراء لبنان: النقاط الخمس التي تتمسك إسرائيل بالتواجد فيها ببلادنا ليس لها قيمة أمنيا أو عسكريا,ISRAEL,LEBANON,Lebanon,-8.17307692307688,874
2025-03-26 14:00:00.000000 UTC,https://www.albawabhnews.com/5174885,اتصال هاتفي بين وزير الخارجية والهجرة ونظيره القطري,,QATAR,Qatar,0.0,41
2025-03-26 14:00:00.000000 UTC,http://www.elbrqnews.com/New-News/299060.html,رئيس جامعة دمنهور يتابع آخر المستجدات لإنشاء المبنى المتكامل لكلية طب الأسنان,UNIVERSITY,,"Alexandria, Al Iskandariyah, Egypt",2.45700245700246,42
2025-03-26 14:00:00.000000 UTC,http://www.elbrqnews.com/New-News/299076.html,وزير البترول: الاستثمار في العنصر البشري لرفع الكفاءة وتعزيز التنافسية خارج مصر,INDUSTRY,,"Cairo, Al Qahirah, Egypt",4.76923076923077,70
2025-03-26 14:00:00.000000 UTC,https://www.albawabhnews.com/5174882,اتصال هاتفي بين وزير الخارجية ورئيس الوزراء الفلسطيني,,PRESIDENT,"Gaza, Israel (general), Israel",2.3121387283237,41
2025-03-26 14:15:00.000000 UTC,http://www.elbrqnews.com/New-News/299124.html,المبعوث الفرنسي لحكومة سلام: الرهان عليكم.. نفّذوا الإصلاحات,LEBANESE,ENVOY,"Beirut, Beyrouth, Lebanon",-0.62893081761006,90
2025-03-26 14:15:00.000000 UTC,https://www.elwatannews.com/news/details/8059270,الرئيس السيسي يكرم الفائزين في المسابقة العالمية للقرآن الكر - الوطن,EGYPT,EGYPT,"Wizarat Al Awqaf, Al Qahirah, Egypt",7.69230769230769,51
2025-03-26 14:15:00.000000 UTC,https://www.elwatannews.com/news/details/8059296,برلماني: الرئيس بعث رسالة طمأنة للشعب أن الدولة قادرة على مو - الوطن,PRESIDENT,,"Jerusalem, Israel (general), Israel",4.05904059040591,40
2025-03-26 14:15:00.000000 UTC,http://www.elbrqnews.com/New-News/299115.html,مشروع حصاد شرطة دبي يحظى بإشادة وزير التغير المناخي لدعمه الأمن الغذائي,DUBAI,,"Dubai, Dubayy, United Arab Emirates",4.06504065040651,51
2025-03-26 14:15:00.000000 UTC,https://www.alriyadh.com/2124798,البرلمان العربي يدين قصف كيان الاحتلال لبلدة كويا في سوريا,RIYADH,SYRIA,Syria,-3.81679389312981,192
2025-03-26 14:15:00.000000 UTC,http://www.elbrqnews.com/New-News/299134.html,اتصال هاتفي بين وزير الخارجية ورئيس الوزراء الفلسطيني,PALESTINIAN,PRESIDENT,"Gaza, Israel (general), Israel",2.29885057471265,41
2025-03-26 14:30:00.000000 UTC,https://www.dostor.org/5014179,عضو بالشيوخ: كلمة الرئيس السيسي في احتفالية ليلة القدر بعثت برسائل طمأنة للمصريين,,PALESTINIAN,Egypt,0.82304526748972,51
2025-03-26 14:30:00.000000 UTC,https://www.vetogate.com/5376844,وزير الدفاع يشهد حفل انتهاء فترة الإعداد لطلبة الأكاديمية المصرية والكليات العسكرية,INSURGENT FORCE,FIGHTER,"Cairo, Al Qahirah, Egypt",3.72519304322725,20
2025-03-26 14:30:00.000000 UTC,https://www.shorouknews.com/news/view.aspx?cdate=26032025&id=8de48b5b-3c1e-4e6f-ad28-48dd8486309f,وزيرة الداخلية الألمانية ونظيرها النمساوي يصلان إلى العاصمة الأردنية,GOVERNMENT,REPRESENTATIVES,"Gaza, Israel (general), Israel",-4.69208211143695,46
2025-03-26 14:30:00.000000 UTC,https://www.dostor.org/5014191,الحكومة توافق على إصدار عملة تذكارية بمناسبة اليوبيل الفضي لإنشاء القومي للمرأة,CABINET,,Egypt,6.81818181818181,60
2025-03-26 14:30:00.000000 UTC,https://www.vetogate.com/5376834,تشكيل لجنة لمتابعة تنفيذ برنامج الحكومة 2025-2027,ACTOR,GOVERNMENT,Egypt,0.863396938978335,12
2025-03-26 14:45:00.000000 UTC,https://www.nile.eg/%D9%88%D8%B2%D9%8A%D8%B1-%D8%A7%D9%84%D8%AE%D8%A7%D8%B1%D8%AC%D9%8A%D8%A9-%D9%8A%D8%A8%D8%AD%D8%AB-%D9%87%D8%A7%D8%AA%D9%81%D9%8A%D8%A7-%D9%85%D8%B9-%D8%B1%D8%A6%D9%8A%D8%B3-%D8%A7%D9%84%D9%88%D8%B2,النيل – قناة مصر الإخبارية | وزير الخارجية يبحث هاتفيا مع رئيس الوزراء الفلسطيني الأوضاع الخطيرة فى قطاع غزة والضفة الغربية,PALESTINIAN,FOREIGN MINIST,"Gaza, Israel (general), Israel",2.45398773006135,41
2025-03-26 14:45:00.000000 UTC,https://www.vetogate.com/5376846,رئيس جامعة المنصورة: تطوير شامل لمبنى الحروق والتجميل,,HOSPITAL,"Kulliyat At Tibb, Al Qahirah, Egypt",-1.01010101010101,43
2025-03-26 14:45:00.000000 UTC,https://www.shorouknews.com/news/view.aspx?cdate=26032025&id=038e6d91-cabd-47a6-8240-7984bf1b71c1,الحكومة توافق على تعاقد القومية للأنفاق مع نيرك لتوريد الوحدات المتحركة لمشروع المترو الإقليمي بالإسكندرية,CABINET,,"Minya, Al Minya, Egypt",1.18845500848897,60
2025-03-26 14:45:00.000000 UTC,https://www.shorouknews.com/news/view.aspx?cdate=26032025&id=3f0f4939-b6be-48f3-aa87-5286c41ac84c,وزير السياحة يصدر قرارا بتعيين سامية سامي مساعدا للوزير لشئون شركات السياحة,COMPANIES,TOURISM MINIST,"Cairo, Al Qahirah, Egypt",1.94552529182879,42
2025-03-26 14:45:00.000000 UTC,https://www.okaz.com.sa/news/politics/2190095,المبعوث الفرنسي لحكومة سلام: الرهان عليكم.. نفّذوا الإصلاحات,,BEIRUT,"Beirut, Beyrouth, Lebanon",-0.63492063492064,42
2025-03-26 15:00:00.000000 UTC,https://www.libyaakhbar.com/world-news/2545783.html,لودريان يصل إلى لبنان في زيارة هي الأولى منذ انتخاب عون رئيسا - اخبار ليبيا,,LEBANON,"Baabda, Mont-Liban, Lebanon",1.26582278481013,43
2025-03-26 15:00:00.000000 UTC,https://bokra.net/Article-1566221,زعيم المعارضة يدعو لعصيان حكومة نتنياهو ويصفها بالمجرمة,OPPOSITION LEADER,ISRAEL,Israel,-9.77011494252878,20
2025-03-26 15:00:00.000000 UTC,https://www.dostor.org/5014192,النائب محمد عزت القاضي: خطاب الرئيس في ليلة القدر قدم نموذجا متكاملا لبناء الإنسان,JUDGE,EGYPTIAN,Israel,4.15094339622642,32
2025-03-26 15:15:00.000000 UTC,https://assabeel.net/22033,وزير العمل والسفير المصري يبحثان تعزيز التعاون - السبيل,EGYPTIAN,EGYPT,Egypt,3.28467153284671,40
2025-03-26 15:15:00.000000 UTC,http://www.elbrqnews.com/New-News/299212.html,رئيس جامعة بنها: افتتاح مبنى الجراحة بالمستشفى الجامعي قريبًا,UNIVERSITY,EGYPTIAN,"Muhafazat Al Qalyubiyah, Al Qalyubiyah, Egypt",5.17711171662126,51
2025-03-26 15:15:00.000000 UTC,http://www.elbrqnews.com/New-News/299214.html,محافظ مطروح يهنئ الرئيس السيسي بحلول عيد الفطر المبارك,EGYPT,CABINET,"Matrouh, Matru?, Egypt",12.1184725989065,51
2025-03-26 15:15:00.000000 UTC,https://assabeel.net/22027,رئيس وزراء لبنان: التطبيع مع إسرائيل أمر مرفوض - السبيل,ISRAELI,,Lebanon,-3.82700241855172,190
2025-03-26 15:30:00.000000 UTC,https://www.aksalser.com/news/2025/03/26/%D8%AA%D8%A3%D8%AC%D9%8A%D9%84-%D8%B2%D9%8A%D8%A7%D8%B1%D8%A9-%D9%88%D8%B2%D9%8A%D8%B1-%D8%A7%D9%84%D8%AF%D9%81%D8%A7%D8%B9-%D8%A7%D9%84%D9%84%D8%A8%D9%86%D8%A7%D9%86%D9%8A-%D8%A5%D9%84%D9%89-%D8%B3/,تأجيل زيارة وزير الدفاع اللبناني إلى سوريا بطلب من دمشق - عكس السير,MINIST,SYRIA,"Damascus, Dimashq, Syria",-3.2,42
2025-03-26 15:30:00.000000 UTC,https://www.shorouknews.com/news/view.aspx?cdate=26032025&id=f086c057-f2b1-4bb2-b760-c4f7102bc732,الحكومة الكويتية تصدر مرسوما باقتراض 30 مليار دينار خلال 50 سنة,KUWAIT,,Kuwait,1.58730158730159,100
2025-03-26 15:30:00.000000 UTC,http://www.elbrqnews.com/New-News/299297.html,رئيس الوزراء: معدل البطالة حاليا في مصر 6.4 %,,CABINET,"Wizarat Al Istithmar, Al Qahirah, Egypt",3.2,43
2025-03-26 15:30:00.000000 UTC,https://www.dostor.org/5014231,مدبولي: حديث الرئيس السيسي خلال احتفالية ليلة القدر يحمل كل التقدير والاحترام للمصريين,EGYPT,,"Arab League, Al Qahirah, Egypt",-0.52356020942408,51
2025-03-26 15:30:00.000000 UTC,https://shasha.ps/home/%D8%A8%D8%B9%D8%AF-%D8%AA%D9%88%D9%82%D9%8A%D9%81%D9%87%D8%A7-%D9%81%D9%8A-%D8%A7%D9%84%D9%85%D8%B7%D8%A7%D8%B1-%D8%B3%D9%84%D8%B7%D8%A7%D8%AA,بعد توقيفها في المطار.. سلطات مولدوفا تعتزم وضع رئيسة إقليم غاغاوزيا قيد الحبس,ISTANBUL,JOURNALIST,Turkey,-6.13496932515337,36
2025-03-26 15:45:00.000000 UTC,https://www.elfagr.org/5141263,رئيس الحكومة اللبنانية يتحدث عن نسبة قبول بلاده بتطبيع علاقاتها مع إسرائيل,LEBANESE,ISRAEL,"Gaza, Israel (general), Israel",-1.32978723404255,50
2025-03-26 15:45:00.000000 UTC,https://www.shorouknews.com/news/view.aspx?cdate=26032025&id=858ce99b-3230-4404-9688-4deec5ba1cd5,رئيس الوزراء: مصر تواصل جهودها للعودة إلى اتفاق وقف إطلاق النار في غزة,PRESIDENT,,"Arab League, Al Qahirah, Egypt",-0.59171597633136,10
2025-03-26 16:00:00.000000 UTC,https://www.shorouknews.com/news/view.aspx?cdate=26032025&id=b8d96e57-be20-4b3e-8484-b9cad40bf49f,رئيس الوزراء: استثمارات صينية بـ1.7 مليار دولار في قناة السويس,,CORPORATION,"Suez Canal, As Suways, Egypt",2.80373831775701,30
2025-03-26 16:15:00.000000 UTC,https://www.dostor.org/5014140,رئيس جامعة دمنهور يترأس اجتماع مجلس الجامعة لشهر مارس.. اعرف التفاصيل,PRESIDENT,,"Damanhour, Al Bu?ayrah, Egypt",5.09090909090909,42
2025-03-26 16:15:00.000000 UTC,https://www.shfanews.net/post/206080,وزير الداخلية يلتقي رئيسة بعثة الاتحاد الأوروبي للمساعدة الحدودية في رفح - شبكة فلسطين للأنباء - شفا,EUROPEAN UNION,MINIST,Israel,0.85470085470085,40
2025-03-26 16:15:00.000000 UTC,http://www.elbrqnews.com/New-News/299353.html,مدير مكتب الرئيس الأوكراني: العلاقات بين كييف وواشنطن عادت لمسارها الصحيح,UKRAINE,,"Tehran, Tehran, Iran",-2.96610169491526,30
2025-03-26 16:30:00.000000 UTC,https://we.mansheet.net/122749/%D8%B1%D8%A6%D9%8A%D8%B3-%D8%A7%D9%84%D9%88%D8%B2%D8%B1%D8%A7%D8%A1-%D8%A7%D8%B3%D8%AA%D8%B1%D8%A7%D8%AA%D9%8A%D8%AC%D9%8A%D8%A9-%D8%AC%D8%AF%D9%8A%D8%AF%D8%A9-%D9%84%D8%AF%D8%B9%D9%85-%D8%A7%D9%84/,رئيس الوزراء: استراتيجية جديدة لدعم الصناعة وتحفيز الصادرات من خلال برنامج مُطوّر لرد الأعباء التصديرية – جريدة مانشيت,CORPORATION,,"Suez Canal, As Suways, Egypt",4.01529636711281,57
2025-03-26 16:30:00.000000 UTC,https://www.okaz.com.sa/news/politics/2190115,بعد تأجيل الاجتماع المقرر في دمشق.. أنباء عن اجتماع وزيري دفاع لبنان وسورية في جدة غداً,SYRIA,LEBANESE,"Damascus, Dimashq, Syria",-3.4965034965035,43
2025-03-26 16:30:00.000000 UTC,http://www.elbrqnews.com/New-News/299358.html,وزير الخارجية يلتقي وزيري داخلية ألمانيا والنمسا,EGYPTIAN,EGYPT,"Gaza, Israel (general), Israel",-4.7008547008547,40
2025-03-26 16:30:00.000000 UTC,https://www.elwatannews.com/news/details/8059346,رئيس الوزراء: اتفقنا مع «IFC» للعمل كمستشار للحكومة لإدارة و - الوطن,,CORPORATION,Egypt,3.2258064516129,30
2025-03-26 16:45:00.000000 UTC,https://www.swissinfo.ch/ara/%d8%b9%d9%86-%d9%83%d8%ab%d8%a8-,"عن كثب-""لا يوجد شيك على بياض"".. رسالة غربية للرئيس السوري",FIGHTER,JUDICIARY,"Damascus, Dimashq, Syria",-5.86677583223686,20
2025-03-26 16:45:00.000000 UTC,https://alwasat.ly/news/international/471536,إردوغان: «استفزازات» المعارضة لن تثير حفيظة الحكومة.. ودعوات جديدة للتظاهر في تركيا,MAIN OPPOSITION,,"Istanbul, Istanbul, Turkey",-5.8165548098434,60
2025-03-26 16:45:00.000000 UTC,https://addiyar.com/article/2234934-%d8%a5%d8%b9%d9%84%d8%a7%d9%86-%d9%87%d8%a7%d9%85-%d9%85%d9%86-%d9%88%d8%b2%d9%8a%d8%b1-%d8%a7%d9%84%d8%b7%d8%a7%d9%82%d8%a9-%d9%85%d8%a7%d8%b0%d8%a7-%d8%ac%d8%a7%d8%a1-%d9%81%d9%8a%d9%87,إعلان هام من وزير الطاقة.. ماذا جاء فيه؟,,MINIST OF OIL,Lebanon,-0.92827004219409,120
2025-03-26 16:45:00.000000 UTC,https://www.swissinfo.ch/ara/%d8%a8%d8%a7%d8%b1%d8%af%d9%8a%d9%84%d8%a7-%d9%81%d9%8a-%d8%a7%d9%84%d9%82%d8%af%d8%b3-%d8%b6%d9%85%d9%86-,"بارديلا في القدس ضمن ""الأصدقاء الجدد"" للحكومة الإسرائيلية",EXTREMIST,JERUSALEM,"Gaza, Israel (general), Israel",-0.72886297376094,44
2025-03-26 17:00:00.000000 UTC,http://www.elbrqnews.com/New-News/299413.html,"""القاهرة الإخبارية "": مجلس بلدية إسطنبول ينتخب رئيسا لقضاء الفترة المتبقية من ولاية إمام أوغلو",DEMONSTRATOR,,"Anatolia, Turkey (general), Turkey",-8.77862595419844,42
2025-03-26 17:00:00.000000 UTC,https://cedarnews.net/2537/,دمشق ترجئ زيارة وفد أمني لبناني برئاسة وزير الدفاع,SYRIAN,SYRIAN,"Damascus, Dimashq, Syria",-4.14364640883978,161
2025-03-26 17:00:00.000000 UTC,https://cedarnews.net/2506/,التعاون بين الجامعة اللبنانية ووزارة الزراعة في لقاء بدران مع الوزير هاني,ISRAELI,LEBANON,Israel,0.4524886877828,20
2025-03-26 17:00:00.000000 UTC,http://www.elbrqnews.com/New-News/299375.html,وزير الدفاع الإسرائيلي: الخطط جاهزة لتوسيع العملية العسكرية في غزة,HAMAS,ISRAELI,Gaza Strip,-2.77777777777778,10
2025-03-26 17:15:00.000000 UTC,http://www.elbrqnews.com/world/299432.html,وزير الصحة يفتتح مركز ويلكير الطبي لتعزيز الخدمات الصحية في مكة المكرمة,,MECCA,"Mecca, Makkah, Saudi Arabia",9.25925925925925,43
2025-03-26 17:45:00.000000 UTC,https://www.albawabhnews.com/5174972,محافظ الغربية: تعيين الدكتور محمد حسين رئيسًا لجامعة طنطا يعكس ثقة القيادة السياسية في كوادرنا الوطنية,PRESIDENT,UNIVERSITY,Egypt,4.72727272727273,10
2025-03-26 18:00:00.000000 UTC,https://www.dostor.org/5014110,رئيس شركة الصرف الصحي يتفقد أعمال تطوير محطة التنقية الشرقية بالاسكندرية,COMPANY,ALEXANDRIA,"Alexandria, Al Iskandariyah, Egypt",0.92165898617512,90
2025-03-26 18:15:00.000000 UTC,https://www.vetogate.com/5376955,رئيس الأركان يشارك عددًا من مقاتلي قوات حرس الحدود والمدرعات تناول وجبة الإفطار,ARMED FORCES,,Egypt,3.34500995947524,51
2025-03-26 18:15:00.000000 UTC,https://www.albawabhnews.com/5174993,رئيس أركان حرب القوات المسلحة يشارك مقاتلي حرس الحدود والمدرعات وجبة الإفطار .. شاهد,ARMED FORCES,,Egypt,2.9093923251024,50
2025-03-26 18:15:00.000000 UTC,https://www.kuna.net.kw/ArticleDetails.aspx?id=3223957,كونا : مجلس الوزراء الكويتي يعقد اجتماعه الأسبوعي - حكومة,GOVERNMENT,KUWAIT,Kuwait,5.69620253164557,46
2025-03-26 18:15:00.000000 UTC,https://www.vetogate.com/5376956,سامية سامي مساعدا لوزير السياحة والآثار لشئون الشركات,COMPANIES,MINIST,"Cairo, Al Qahirah, Egypt",1.89393939393939,43
2025-03-26 18:15:00.000000 UTC,http://www.elbrqnews.com/New-News/299506.html,الرئيس الأوكراني يطالب الولايات المتحدة بفرض عقوبات على روسيا,PRESIDENT,EGYPT,"Cairo, Al Qahirah, Egypt",-3.1413612565445,84
2025-03-26 18:15:00.000000 UTC,https://www.mena.org.eg:443/ar/news/dbcall/table/textnews/id/11117033,رئيس الأركان يشارك عددا من مقاتلي قوات حرس الحدود والمدرعات تناول وجبة الإفطار - Welcome to Middle East News Agency,ARMED FORCES,,"Cairo, Al Qahirah, Egypt",2.8436018957346,50
2025-03-26 18:15:00.000000 UTC,https://www.okaz.com.sa/news/local/2190122,«البيت الأبيض»: السعودية وسيط رئيسي يسهم في تعزيز السلام بالمنطقة,RIYADH,UNITED STATES,"Riyadh, Ar Riya?, Saudi Arabia",6.70391061452514,10
2025-03-26 18:30:00.000000 UTC,http://www.elbrqnews.com/New-News/299594.html,"أول تعليق من نقابة الأطباء على إقرار البرلمان لـ""قانون المسؤولية الطبية""",DOCTOR,JOURNALIST,Egypt,-5.73913043478261,40
2025-03-26 18:45:00.000000 UTC,https://www.alwatanvoice.com/arabic/news/2025/03/26/1544196.html,الرئيس المصري: نواصل السعي لتثبيت وقف النار في غزة وتنفيذ كافة مراحله,UNITED NATIONS,ISRAEL,"Gaza, Israel (general), Israel",-4.40528634361233,111
2025-03-26 18:45:00.000000 UTC,https://www.elwatannews.com/news/details/8059382,رئيس وزراء فلسطين: نقدر جهود مصر لحشد التمويل لخطة إعمار غ - الوطن,ARMY,ISRAELI,"Gaza, Israel (general), Israel",-5.21327014218009,172
2025-03-26 19:00:00.000000 UTC,https://www.lbcgroup.tv/news/news-reports/845678/%D8%A7%D9%84%D8%AA%D8%AC%D8%A7%D8%B1-%D9%8A%D8%B4%D8%AA%D9%83%D9%88%D9%86-%D9%88%D8%A7%D9%84%D9%88%D8%B2%D9%8A%D8%B1-%D9%8A%D8%AF%D9%88%D9%91%D9%86/ar,التجار يشتكون... والوزير يدوّن,LEBANON,,Lebanon,-9.83606557377049,114
2025-03-26 19:00:00.000000 UTC,https://www.vetogate.com/5376976,"وزيرا الاتصالات والمالية يشهدان فعاليات الملتقى الثاني ""المهنيين المستقلين""",EGYPT,,"Wizarat Al Ittisalat, Al Qahirah, Egypt",4.54076367389061,46
2025-03-26 19:00:00.000000 UTC,http://www.elbrqnews.com/New-News/299644.html,"وزيرا الاتصالات والمالية يشهدان الملتقى الثاني للمهنيين المستقلين ""Freelancers""",,MINIST,"Wizarat Al Maliyah, Al Qahirah, Egypt",4.93265993265993,46
2025-03-26 19:30:00.000000 UTC,https://www.nna-leb.gov.lb/ar/%D9%85%D8%AA%D9%81%D8%B1%D9%82%D8%A7%D8%AA/768503,الوكالة الوطنية للإعلام - بهية الحريري أقامت سحورا رمضانيا على شرف وزيرة الشؤون,TURKEY,TURKISH,"Beirut, Beyrouth, Lebanon",2.2140221402214,43
2025-03-26 19:45:00.000000 UTC,http://www.elbrqnews.com/New-News/299829.html,وزيرة الداخلية الألمانية تطالب بمنح فرصة للحكام الجدد في سوريا,REPRESENTATIVES,UNITED KINGDOM,Jordan,-5.29197080291971,46
2025-03-26 20:00:00.000000 UTC,https://www.dostor.org/5014538,زيادة أسعار البنزين في عيد الفطر 2025.. رئيس الوزراء يكشف الحقيقة,GOVERNMENT,,Egypt,2.95275590551182,22
2025-03-26 20:15:00.000000 UTC,https://www.saidaonline.com/301594,بهية الحريري أقامت سحوراً رمضانياً على شرف وزيرة الشؤون الإجتماعية حنين السيد بمشاركة هكتور حجار وفاعليات وجمعيات صيداوية | صيدا اون لاين,LEBANON,SECRETARY OF STATE,Turkey,2.89855072463768,51
2025-03-26 20:30:00.000000 UTC,http://www.elbrqnews.com/New-News/299909.html,رئيس نقابة البترول يشارك أهالى منطقة العرب بالمطرية الإفطار الجماعى,MEDIA,RELIGION,"Giza, Al Jizah, Egypt",2.4793388429752,43
2025-03-26 20:45:00.000000 UTC,https://ar.elbadil.com/792283/%D8%A7%D9%84%D8%AD%D9%83%D9%88%D9%85%D8%A9-%D8%AA%D9%8F%D8%B9%D9%84%D9%86-%D8%A5%D9%86%D9%87%D8%A7%D8%A1-%D8%B5%D8%B1%D9%81-%D8%B1%D9%88%D8%A7%D8%AA%D8%A8-%D8%A7%D9%84%D9%85%D8%AA%D9%82%D8%A7%D8%B9/,الحكومة تُعلن إنهاء صرف رواتب المتقاعدين وتعطيل الدوام أسبوعا كاملا,,STUDENT,Iraq,0.0,36
2025-03-26 20:45:00.000000 UTC,https://www.vetogate.com/5377041,رئيس الجامعة: مجلس الوزراء يوافق على إنشاء جامعة دمنهور الأهلية,PRESIDENT,EGYPT,"Damanhour, Al Bu?ayrah, Egypt",5.05952380952381,51
2025-03-26 20:45:00.000000 UTC,https://almadapaper.net/399642/,مستشار حكومي يكشف سبب تأخير إرسال جداول موازنة 2025 وموعد وصولها للبرلمان,IRAQ,,Iraq,0.0,84
2025-03-26 21:00:00.000000 UTC,https://www.shfanews.net/post/206099,وزيرة شؤون المرأة تبحث مع القنصل الإسباني العام سبل تعزيز الدعم الدولي لحماية النساء والفتيات - شبكة فلسطين للأنباء - شفا,SPAIN,,"Gaza, Israel (general), Israel",2.54957507082153,111
2025-03-26 21:00:00.000000 UTC,http://www.elbrqnews.com/New-News/299969.html,شيخ الأزهر يشكر الرئيس السيسي والشعب المصري على مشاعرهم ودعائهم بالشفاء لفضيلته,EGYPT,EGYPT,Egypt,13.3333333333333,51
2025-03-26 21:15:00.000000 UTC,https://sabq.org/saudia/am2z6a6mrr,"بالفيديو.. وزير ""الإسلامية"" يُوجِّه باستضافة الشيخ الخديوي لأداء الحج تحقيقًا لأمنيته",MINIST,,Saudi Arabia,3.68421052631579,43
2025-03-26 21:15:00.000000 UTC,http://www.elbrqnews.com/New-News/299987.html,بين المصالح والسياسة.. هل تشهد الساحة السورية صراعا بين أوروبا بقيادة ألمانيا وروسيا؟,GERMAN,GERMANY,"Damascus, Dimashq, Syria",1.64293537787514,50
2025-03-26 21:15:00.000000 UTC,http://www.elbrqnews.com/New-News/299992.html,حكومة لا تعاني من الشغب,COMPANY,COMMUNITY,"Manajim Al Fusfat, Al Karak, Jordan",-4.02476780185759,70
2025-03-26 21:30:00.000000 UTC,https://www.vetogate.com/5377068,أخبار مصر اليوم: الحكومة تكشف تطورات ملف تحريك أسعار المواد البترولية.. مواعيد عمل المجمعات الاستهلاكية خلال إجازة العيد.. والأرصاد تحذر من الرياح المثيرة للرمال والأتربة,MINIST,,"Cairo, Al Qahirah, Egypt",1.4321295143213,36
2025-03-26 21:30:00.000000 UTC,https://alsahwa-yemen.net/p-83342,وزير الدفاع يشيد بصلابة المقاتلين في الجبهات ويوجه برفع مستوى الجاهزية واليقظة,MINIST,FIGHTER,Yemen,1.46520146520146,51
2025-03-26 21:45:00.000000 UTC,https://www.raya.ps/news/1192089.html,محافظ سلطة النقد يلتقي رئيس مجلس إدارة شركة الزيتونة للتمويل الإسلامي,COMPANY,,Israel,3.0,22
2025-03-26 21:45:00.000000 UTC,https://www.shorouknews.com/news/view.aspx?cdate=26032025&id=a816e605-26f4-4d50-b769-067abc53818b,وزير الأوقاف: الحضارة تولدت وتقدمت العلوم من خلال الاهتداء بإشارات القرآن الكريم,EGYPT,,Egypt,4.53333333333333,100
2025-03-26 21:45:00.000000 UTC,https://almasdaronline.com/articles/313929,وزارة الدفاع السعودية: قائد القوات المشتركة يستقبل رئيس حلف قبائل ومؤتمر حضرموت الجامع,YEMEN,,"Hadramaut, ?a?ramawt, Yemen",-0.75949367088608,111
2025-03-26 22:00:00.000000 UTC,http://www.elbrqnews.com/New-News/300119.html,سكرتارية المرأة بعمال مصر تهنئ لبنى هلال لتعيينها أول رئيسة سيدة لمجلس إدارة الشركة المصرية للاتصالات,SECRETARIAT,EGYPT,Egypt,6.75675675675675,51
2025-03-26 22:15:00.000000 UTC,https://www.aljazeera.net/news/2025/3/26/%D8%A7%D8%AC%D8%AA%D9%85%D8%A7%D8%B9-%D9%85%D8%B1%D8%AA%D9%82%D8%A8-%D8%A8%D9%8A%D9%86-%D9%88%D8%B2%D9%8A%D8%B1%D9%8A-%D8%AF%D9%81%D8%A7%D8%B9-%D8%B3%D9%88%D8%B1%D9%8A%D8%A7,اجتماع مرتقب بالسعودية بين وزيري دفاع سوريا ولبنان,JEDDAH,FRENCH,"Jeddah, Makkah, Saudi Arabia",-3.97111913357401,42
2025-03-26 22:15:00.000000 UTC,https://www.annaharkw.com/annahar/Article.aspx?id=1015648,«بوبيان»: عبدالله المجحم نائباً للرئيس التنفيذي للخدمات المصرفية الشخصية,BANK,,Kuwait,6.46900269541779,46
2025-03-26 22:30:00.000000 UTC,https://www.nile.eg/%D8%A2%D9%84%D8%A7%D9%81-%D8%A7%D9%84%D8%A5%D8%B3%D8%B1%D8%A7%D8%A6%D9%8A%D9%84%D9%8A%D9%8A%D9%86-%D9%8A%D8%AA%D8%B8%D8%A7%D9%87%D8%B1%D9%88%D9%86-%D8%B6%D8%AF-%D8%B3%D9%8A%D8%A7%D8%B3%D8%A7%D8%AA,النيل – قناة مصر الإخبارية | آلاف الإسرائيليين يتظاهرون ضد سياسات حكومة نتنياهو,EGYPT,GOVERNMENT,"Jerusalem, Israel (general), Israel",-4.16666666666667,141
2025-03-26 22:30:00.000000 UTC,https://www.shorouknews.com/news/view.aspx?cdate=27032025&id=5eb037be-63c0-4fae-a4f5-bbf68113ae64,وزير الصحة اليمني يعلن عن رصد 277 حالة شلل أطفال في البلاد,MINIST,YEMENI,"Muhafazat Al Hudaydah, Al ?udaydah, Yemen",-8.33333333333333,90
2025-03-26 22:45:00.000000 UTC,https://alwasat.ly/news/libya/471578,حكومة الدبيبة تبحث التحضيرات لاستضافة القمة «الأفريقية - التركية» في ليبيا,GOVERNMENT,,Turkey,1.95121951219512,39
2025-03-26 22:45:00.000000 UTC,https://alwasat.ly/news/international/471584,ترامب يدعم وزير الدفاع بعد تسريبات «سيجنال»,PRESIDENT,DEMOCRATIC PARTY,Yemen,-3.33333333333334,111
2025-03-26 23:15:00.000000 UTC,https://www.kuna.net.kw/ArticleDetails.aspx?id=3223985&Language=ar,كونا : الرئيس التركي: سنقدم كافة أشكال الدعم اللازم للشعب الفلسطيني - الشؤون السياسية,TURKISH,TURKEY,"Gaza, Israel (general), Israel",0.0,51
2025-03-26 23:15:00.000000 UTC,https://www.okaz.com.sa/news/local/2190146,للوقوف على جاهزية مستشفيات العاصمة المقدسة.. وزير الصحة يزور مستشفى باشراحيل,MINIST,HOSPITAL,Turkey,2.70270270270271,10
2025-03-26 23:15:00.000000 UTC,https://www.kuna.net.kw/ArticleDetails.aspx?id=3223981&Language=ar,كونا : مجلس بلدية إسطنبول ينتخب رئيسا مؤقتا بعد اعتقال إمام أوغلو - عام,TURKISH,IMAM,"Istanbul, Istanbul, Turkey",-7.96019900497513,173
2025-03-26 23:30:00.000000 UTC,http://www.elbrqnews.com/New-News/300192.html,"بحضور وزير الإعلام..سفير دولة الكويت لدى مملكة البحرين يزور برنامج ""السارية""",MINIST,,Kuwait,9.8039215686274,43
2025-03-27 00:45:00.000000 UTC,https://www.dostor.org/5014607,طالب أزهري من ذوي الهمم: سعدت باختياري للتلاوة أمام الرئيس السيسي في احتفالية ليلة القدر,EGYPT,ALEXANDRIA,"Wizarat Al Awqaf, Al Qahirah, Egypt",3.71845949535192,42
2025-03-27 01:30:00.000000 UTC,https://we.mansheet.net/123438/%D8%B1%D8%A6%D9%8A%D8%B3-%D8%A7%D9%84%D9%88%D8%B2%D8%B1%D8%A7%D8%A1-%D9%8A%D8%A8%D8%AD%D8%AB-%D8%AA%D8%B7%D9%88%D9%8A%D8%B1-%D8%AA%D8%B5%D8%AF%D9%8A%D8%B1-%D8%A7%D9%84%D8%B9%D9%82%D8%A7%D8%B1%D8%A7/,رئيس الوزراء يبحث تطوير تصدير العقارات ويستعرض استراتيجيات التسويق الإلكتروني الفعّالة – جريدة مانشيت,GOVERNMENT,EGYPT,Egypt,4.57875457875458,10
2025-03-27 02:00:00.000000 UTC,https://www.shfanews.net/post/206112,الرئيس محمود عباس يستقبل السفير الصيني تسنغ جيشين في رام الله - شبكة فلسطين للأنباء - شفا,MAHMOUD ABBAS,CHINESE,"Jerusalem, Israel (general), Israel",5.76368876080691,43
2025-03-27 03:00:00.000000 UTC,https://www.albiladpress.com/news/2025/6008/columns/908756.html,رؤية سعودية طموحة.. ودور ريادي في السياسة الدولية,SAUDI ARABIA,,"Jeddah, Makkah, Saudi Arabia",4.43786982248521,45
2025-03-27 03:30:00.000000 UTC,https://www.vetogate.com/5377029,بعد مناقشة الحكومة آليات تطبيقه، كل ما تريد معرفته عن الكارت الموحد، موعد التطبيق، وكيفية الحصول عليه، وزير التموين: بديل عن بطاقة التموين لصرف الدعم وضمان وصوله لمستحقيه,GOVERNMENT,,"Port Said, Bur Sa‘id, Egypt",5.07726269315673,40
2025-03-27 04:15:00.000000 UTC,https://www.aljazeera.net/politics/2025/3/27/%D8%A7%D9%84%D8%B9%D9%88%D8%A7%D9%85%D9%84-%D8%A7%D9%84%D8%AD%D8%A7%D8%B3%D9%85%D8%A9-%D9%84%D9%86%D8%AC%D8%A7%D8%AD-%D8%A7%D9%84%D8%B1%D8%A6%D9%8A%D8%B3-%D8%A7%D9%84%D8%B4%D8%B1%D8%B9-%D9%81%D9%8A,العوامل الحاسمة لنجاح الرئيس الشرع في سوريا الجديدة,SYRIAN,,Syria,0.26178010471204,180
2025-03-27 04:45:00.000000 UTC,https://www.bbc.com/arabic/articles/cm2y5ddp7nro,حرب غزة: إسرائيليون يتظاهرون ضد الحكومة، ونتنياهو يهدد بالاستيلاء على أراضٍ في القطاع - BBC News عربي,GAZA,ISRAEL,"Gaza, Israel (general), Israel",-9.50323974082078,841
2025-03-27 05:00:00.000000 UTC,https://www.alriyadh.com/2124841,القيادة تهنئ رئيس بنغلاديش بذكرى استقلال بلاده,RIYADH,BANGLADESH,Qatar,13.6690647482014,51
2025-03-27 05:00:00.000000 UTC,https://www.alriyadh.com/2124918,الرئيس اللبناني يطالب بوقف أعمال (إسرائيل) العدائية,ISRAEL,,Lebanon,-3.9647577092511,30
2025-03-27 06:00:00.000000 UTC,https://www.kul-alarab.com/Article/1104503,"آلاف الإسرائيليين يتظاهرون ضد الحكومة.. نتنياهو يتهم المعارضة بإثارة ""الفوضى""",GOVERNMENT,,"Jerusalem, Israel (general), Israel",-14.4444444444445,141
2025-03-27 06:00:00.000000 UTC,https://cedarnews.net/2714/,إسرائيليون يتظاهرون ضد الحكومة، ونتنياهو يهدد بالاستيلاء على أراضٍ في قطاع غزة,PALESTINIAN,ISRAEL,"Gaza, Israel (general), Israel",-9.72222222222225,166
2025-03-27 07:30:00.000000 UTC,https://www.bawabatii.com/news324253.html,وزير خارجية أمريكا يقر بـ«خطأ فادح» بشأن أمر خطير حدث في اليمن,MINIST,UNITED STATES,Yemen,-6.52173913043478,15
2025-03-27 07:30:00.000000 UTC,https://arabic.cnn.com/miscellaneous/article/2025/03/27/infidel-tatto-pete-hegseth-viral-social-reactions,"""كافر"".. وزير الدفاع الأمريكي يشعل ضجة بـ""تاتو"" على ذراعه",ACTIVIST,,"Dubai, Dubayy, United Arab Emirates",-2.32558139534884,14
2025-03-27 07:30:00.000000 UTC,https://www.shorouknews.com/news/view.aspx?cdate=27032025&id=08a3d668-0dc4-4603-bf46-8ac1e5ab59f5,وزيرا داخلية ألمانيا والنمسا يلغيان زيارتهما لسوريا بعد معلومات عن هجوم محتمل,AUSTRIA,SYRIA,Syria,-6.42570281124498,10
2025-03-27 07:30:00.000000 UTC,https://we.mansheet.net/123786/%D9%85%D8%AC%D9%84%D8%B3-%D8%A7%D9%84%D9%88%D8%B2%D8%B1%D8%A7%D8%A1-%D9%8A%D8%B9%D8%AA%D9%85%D8%AF-%D8%AA%D8%B4%D9%83%D9%8A%D9%84-%D9%84%D8%AC%D9%86%D8%A9-%D8%AE%D8%A7%D8%B5%D8%A9-%D9%84%D9%85%D8%AA/,مجلس الوزراء يعتمد تشكيل لجنة خاصة لمتابعة تنفيذ خطة الحكومة 2024-2027 – جريدة مانشيت,ACTOR,,Egypt,4.01234567901235,12
2025-03-27 07:30:00.000000 UTC,https://www.bawabatii.com/news324258.html,لأول مرة.. مسؤول مصري يخالف الأعراف ويتباحث مع قيادي حوثي منتحل صفة رئيس هيئة حكومية,EMBASSY,JORDAN,Jordan,2.45398773006135,12
2025-03-27 07:30:00.000000 UTC,https://we.mansheet.net/123763/%D8%A8%D8%B1%D9%84%D9%85%D8%A7%D9%86%D9%8A-%D9%83%D9%84%D9%85%D8%A9-%D8%A7%D9%84%D8%B3%D9%8A%D8%B3%D9%8A-%D9%81%D9%8A-%D9%84%D9%8A%D9%84%D8%A9-%D8%A7%D9%84%D9%82%D8%AF%D8%B1-%D8%AA%D8%AC%D8%B3%D8%AF/,برلماني: كلمة السيسي في ليلة القدر تجسد التزامه بترسيخ قيم الوطنية والتسامح – جريدة مانشيت,MEDIA,,Egypt,3.80952380952381,10
2025-03-27 08:00:00.000000 UTC,https://alahalygate.com/archives/261323,""" كامل الوزير "": تنفيذ خطة طموحة و شاملة لتحديث أسطول شركات نقل الركاب والبضائع بهدف تعزيز القدرة التشغيلية - جريدة الأهالي المصرية",NILE,COMPANY,"Wizarat An Naql, Al Qahirah, Egypt",4.81171548117155,80
2025-03-27 08:30:00.000000 UTC,https://www.alahednews.com.lb/article.php?id=80850&cid=134,العهد والحكومة: لا فترة سماح إضافية,LEBANON,,Lebanon,-0.77669902912622,71
2025-03-27 08:30:00.000000 UTC,https://www.dostor.org/5014815,تنفيذًا لتوجيهات الرئيس.. وزيرة التضامن تبحث التوسع في منظومة الحضانات,,SECRETARY OF STATE,Egypt,5.17711171662125,46
2025-03-27 09:00:00.000000 UTC,https://www.aljarida.com/article/93735,إلغاء زيارة وزيري الداخلية الألماني والنمساوي إلى سورية بسبب تهديد إرهابي,MINIST,,Syria,-9.55056179775281,161
2025-03-27 09:15:00.000000 UTC,https://www.nna-leb.gov.lb/ar/%D8%A5%D9%82%D8%AA%D8%B5%D8%A7%D8%AF/768578,الوكالة الوطنية للإعلام - زخور لرئيس الحكومة: لا انشاء للجان دون تعديل قانون الايجارات وتمويل الصندوق,TENANTS,,"Beirut, Beyrouth, Lebanon",-4.4311377245509,139
2025-03-27 09:15:00.000000 UTC,https://www.nna-leb.gov.lb/ar/%D8%B3%D9%8A%D8%A7%D8%B3%D8%A9/768587,الوكالة الوطنية للإعلام - الاسعد: بريق العهد والحكومة سينطفئ اذا لم يتم الالتزام بخطاب القسم والبيان الوزاري,LEBANON,,Lebanon,-0.81081081081081,57
2025-03-27 09:15:00.000000 UTC,https://www.kuna.net.kw/ArticleDetails.aspx?id=3223925,كونا : وزير (التعليم العالي) يعتمد توصية لجنة توحيد سلم التقدير اللفظي والمعدل العلمي للمؤهلات الأوروبية - التربية والتعليم,KUWAIT,,Kuwait,7.04225352112676,20
2025-03-27 09:30:00.000000 UTC,https://www.shorouknews.com/news/view.aspx?cdate=27032025&id=0de92c4e-02ef-461b-9b87-f06e7a4670dd,الرئيس الإيراني: الإسرائيليون يرتكبون المجازر بسهولة ويتشدقون بالسلام بكل وقاحة أمام الكاميرات,ISRAELI,,"Wizarat As Sihhah, Al Qahirah, Egypt",-6.32411067193673,186
2025-03-27 09:30:00.000000 UTC,https://www.vetogate.com/5377260,رئيس الوزراء يصدر 9 قرارات جديدة اليوم,CABINET,,"Muhafazat Asyut, Asyut, Egypt",-1.58730158730158,42
2025-03-27 09:30:00.000000 UTC,https://www.dostor.org/5014897,رئيس هيئة قناة السويس: دعم جهود الدولة للارتقاء بمنظومة النقل النهري,ASWAN,TOURIST,"Lake Nasser, Egypt (general), Egypt",3.78787878787879,40
2025-03-27 09:30:00.000000 UTC,https://www.vetogate.com/5377265,وزير النقل يترأس الجمعية العمومية للشركة القابضة للنقل البحري والبري,MINIST,COMPANY,"Port Said, Bur Sa‘id, Egypt",4.56905503634476,42
2025-03-27 10:15:00.000000 UTC,https://www.bbc.com/arabic/articles/c4gen327ym3o,"أردوغان: رحلة الرئيس التركي من ""سياسي ناجح إلى نرجسي متغطرس""- فورين بوليسي - BBC News عربي",IMAM,TURKEY,"Istanbul, Istanbul, Turkey",-3.63961813842482,14
2025-03-27 10:15:00.000000 UTC,https://www.nile.eg/%D9%88%D8%B2%D9%8A%D8%B1-%D8%A7%D9%84%D8%B1%D9%89-%D9%8A%D8%A8%D8%AD%D8%AB-%D8%A5%D8%AC%D8%B1%D8%A7%D8%A1%D8%A7%D8%AA-%D8%A7%D8%B3%D8%AA%D8%AB%D9%85%D8%A7%D8%B1-%D8%A3%D9%85%D9%84%D8%A7%D9%83-%D8%A7,النيل – قناة مصر الإخبارية | وزير الرى يبحث إجراءات استثمار أملاك الوزارة والحفاظ عليها من التعديات,MINISTRY,,Egypt,-2.52100840336135,12
2025-03-27 10:15:00.000000 UTC,https://www.elfagr.org/5141537,الرئيس السيسي يستقبل رئيس سيراليون لبحث تعزيز العلاقات والتعاون الإقليمي,PRESIDENT,SIERRA LEONE,Egypt,2.22222222222222,42
2025-03-27 10:15:00.000000 UTC,http://www.elbrqnews.com/New-News/300652.html,وزير الكهرباء : يتابع الخطوات التنفيذية لمشروعات الطاقة الشمسية وطاقة الرياح بقدرات 1200 ميجاوات.,ENGINEER,EGYPTIAN,"Wizarat Al Kahraba, Al Qahirah, Egypt",5.7224849473175,42
2025-03-27 10:15:00.000000 UTC,https://www.kuna.net.kw/ArticleDetails.aspx?id=3224019&Language=ar,"كونا : وزيرا داخلية ألمانيا والنمسا يلغيان زيارة إلى دمشق بسبب ""هجوم محتمل"" - الشؤون السياسية",GERMAN,,Jordan,-7.18954248366013,164
2025-03-27 10:15:00.000000 UTC,http://www.elbrqnews.com/New-News/300680.html,الرئيس التنفيذي لهيئة تنظيم سوق العمل يستقبل سفير تايلند لدى البحرين,PRESIDENT,THAILAND,Bahrain,7.58620689655172,43
2025-03-27 10:30:00.000000 UTC,https://we.mansheet.net/123970/%D8%AA%D8%B9%D8%B2%D9%8A%D8%B2-%D8%A7%D9%84%D8%AA%D8%B9%D8%A7%D9%88%D9%86-%D8%A8%D9%8A%D9%86-%D9%85%D8%B5%D8%B1-%D9%88%D8%A3%D8%B1%D9%85%D9%8A%D9%86%D9%8A%D8%A7-%D9%85%D8%A8%D8%A7%D8%AD%D8%AB%D8%A7/,تعزيز التعاون بين مصر وأرمينيا: مباحثات وزير الإنتاج الحربي مع السفير الأرميني في مجال التصنيع العسكري والمدني – جريدة مانشيت,ARMENIA,MINIST,Egypt,5.08021390374331,42
2025-03-27 10:30:00.000000 UTC,https://www.kul-alarab.com/Article/1104514,"رئيس بنك إسرائيل يحذر من ميزانية الدولة لعام 2025: ""لن تخفّض مستوى الدين بما يكفي""",,ISRAEL,Israel,-6.89655172413793,43
2025-03-27 10:45:00.000000 UTC,https://el-balad.com/95172,رئيس الوزراء يتابع أعمال تطوير الساحل الشمالي الغربي من غرب رأس الحكمة لشرق مطروح,MINIST,,"Mersa Matruh, Matru?, Egypt",4.67445742904842,42
2025-03-27 11:00:00.000000 UTC,https://www.aksalser.com/news/2025/03/27/%D8%AA%D9%87%D8%AF%D9%8A%D8%AF-%D8%A5%D8%B1%D9%87%D8%A7%D8%A8%D9%8A-%D9%85%D8%AD%D8%AA%D9%85%D9%84-%D9%8A%D9%8F%D9%81%D8%B4%D9%84-%D8%B2%D9%8A%D8%A7%D8%B1%D8%A9-%D9%88%D8%B2%D9%8A%D8%B1%D9%8A-%D8%AF/,تهديد إرهابي محتمل يُفشل زيارة وزيري داخلية ألمانيا و النمسا إلى سوريا - عكس السير,SYRIAN,,Oman,-6.01092896174864,46
2025-03-27 11:00:00.000000 UTC,https://www.shorouknews.com/news/view.aspx?cdate=27032025&id=24f82d53-3997-4a33-b7a0-ef0cbda7b13f,وزير الخارجية: مصر مستعدة للمساهمة في عملية إعادة الإعمار وتطوير البنية الأساسية في لبنان,EGYPT,,"Wizarat Al Kharijiyah, Al Qahirah, Egypt",0.95238095238095,70
2025-03-27 11:00:00.000000 UTC,http://www.elbrqnews.com/New-News/300781.html,رئيس الوزراء يتابع أعمال تطوير الساحل الشمالي من غرب رأس الحكمة لشرق مطروح,MINIST,EGYPT,"Matrouh, Matru?, Egypt",5.09433962264151,42
2025-03-27 11:00:00.000000 UTC,http://www.elbrqnews.com/New-News/300798.html,وزير الدولة للإنتاج الحربي يستقبل السفير الأرميني لبحث أوجه التعاون في مجالات التصنيع العسكري والمدني,ARMENIA,EGYPT,Egypt,6.57894736842105,40
2025-03-27 11:00:00.000000 UTC,http://www.elbrqnews.com/New-News/300785.html,اتصال هاتفي بين وزير الخارجية ونظيره اللبناني,EGYPT,LEBANON,Egypt,1.54639175257732,51
2025-03-27 11:00:00.000000 UTC,https://www.vetogate.com/5377389,وزير الصحة يبحث مع سفير فرنسا تعزيز سبل التعاون المشترك,EGYPT,PALESTINIAN,Egypt,4.83091787439614,51
2025-03-27 11:00:00.000000 UTC,http://www.elbrqnews.com/New-News/300802.html,وزير الخارجية يتسلم نسخا من أوراق اعتماد سفيري الهند والسودان,MINIST,,Oman,7.05882352941176,43
2025-03-27 11:15:00.000000 UTC,https://www.libyaakhbar.com/libya-news/2546236.html,الحكومة الإيطالية تتجاوز أزمة “أسامة نجيم”.. البرلمان يجدد الثقة بوزير العدل - اخبار ليبيا,ITALIAN,,"Wizarat Ad Dakhiliyah, Al Qahirah, Egypt",-5.521472392638,120
2025-03-27 11:15:00.000000 UTC,https://www.dostor.org/5015050,وزير الخارجية: مصر مستعدة للمساهمة فى عملية إعادة الإعمار بلبنان,EGYPT,LEBANON,Lebanon,0.49261083743842,70
2025-03-27 11:15:00.000000 UTC,https://arabic.euronews.com/2025/03/27/turkish-foreign-minister-in-washington-strengthening-ties-and-lifting-sanctions,وزير الخارجية التركي في واشنطن: تعزيز العلاقات ورفع العقوبات على رأس الأجندة,RUSSIA,UNITED STATES,"Ankara, Ankara, Turkey",-1.14942528735632,110
2025-03-27 11:15:00.000000 UTC,https://www.vetogate.com/5377397,اتصال هاتفي بين وزير الخارجية ونظيره اللبناني,LEBANON,MINIST,Lebanon,1.99004975124378,10
2025-03-27 11:15:00.000000 UTC,https://www.shorouknews.com/news/view.aspx?cdate=27032025&id=23cf9d22-d02e-486e-8223-5c4b4bdaca33,وزير الخارجية: الاستقرار على أعضاء اللجنة غير الفصائلية المعنية بإدارة غزة,EGYPT,SUDANESE,"Cairo, Al Qahirah, Egypt",-0.65217391304348,120
2025-03-27 11:15:00.000000 UTC,https://www.saidaonline.com/301617,"""النشرة"": أكثرية ثلثي مجلس الوزراء تؤيد موقف رئيس الجمهورية في أول تباين مع سلام | صيدا اون لاين",PRESIDENT,,"Baabda, Mont-Liban, Lebanon",0.0,120
2025-03-27 11:15:00.000000 UTC,https://www.dostor.org/5015029,وزير الداخلية يهنئ كبار رجال الدولة بمناسبة عيد الفطر المبارك,POLICE,,"Wizarat Ad Dakhiliyah, Al Qahirah, Egypt",13.3928571428571,10
2025-03-27 11:15:00.000000 UTC,http://www.elbrqnews.com/New-News/300830.html,رئيس جامعة المنوفية يوجه بزيادة عدد المشروعات البحثية التطبيقية وتوفير بيئة جاذبة للبحث العلمي,SCHOOL,,Egypt,2.94117647058823,193
2025-03-27 11:30:00.000000 UTC,https://pnn.ps/news/704131,"اقتحام ""سديه تيمان"": شرطة بن غفير تتجاهل قرار التحقيق مع وزير وعضوي كنيست",ISRAELI,PALESTINIAN,"Tel Aviv, Tel Aviv, Israel",-9.17030567685591,1822
2025-03-27 11:30:00.000000 UTC,http://www.elbrqnews.com/New-News/300896.html,رئيس هيئة الرعاية الصحية يلتقي سفير البرتغال لبحث تعزيز التعاون وتبادل الخبرات في مجالات الرعاية الصحية المتقدمة والتكنولوجيا الطبية والسياحة العلاجية والتحول الأخضر,,EGYPT,Egypt,10.5603448275862,40
2025-03-27 11:30:00.000000 UTC,http://www.elbrqnews.com/New-News/300876.html,وزير الخارجية يعلن استعداد مصر للمساهمة في عملية إعادة إعمار البنية الأساسية بلبنان,MINIST,LEBANON,Lebanon,0.56818181818182,70
2025-03-27 11:30:00.000000 UTC,http://www.elbrqnews.com/New-News/300879.html,رئيس الوزراء يتابع موقف توافر الأدوية والمستلزمات الطبية,EGYPTIAN,,"Riasat Majlis Al Wuzara, Al Jizah, Egypt",5.42635658914729,42
2025-03-27 11:30:00.000000 UTC,https://www.dostor.org/5015095,البابا يهنئ الرئيس السيسي بعيد الفطر المبارك,THE POPE,ALEXANDRIA,"Alexandria, Al Iskandariyah, Egypt",10.6639839034205,51
2025-03-27 11:30:00.000000 UTC,https://www.dostor.org/5015015,الحزب العربي الناصري يدعو لترجمة كلمة الرئيس السيسى في ليلة القدر لخطط تنفيذية تعزز الانتماء الوطني,PRESIDENT,,Egypt,7.3469387755102,20
2025-03-27 11:30:00.000000 UTC,http://www.elbrqnews.com/New-News/300899.html,رئيس الوزراء يتابع تطوير الساحل الشمالى الغربى من غرب رأس الحكمة لشرق مطروح,MINIST,NORTH WEST,"Matrouh, Matru?, Egypt",4.63121783876501,42
2025-03-27 11:30:00.000000 UTC,https://www.dostor.org/5014989,برلمانى عن وكالة تهجير الفلسطينيين: جريمة جديدة فى سجل الاحتلال,ISRAEL,,"Jerusalem, Israel (general), Israel",-12.1311475409836,180
2025-03-27 11:45:00.000000 UTC,https://www.elwatannews.com/news/details/8059692,اتصال هاتفي بين وزير الخارجية ونظيره اللبناني لمناقشة آخر تط - الوطن,EGYPT,LEBANON,Lebanon,0.50251256281407,51
2025-03-27 11:45:00.000000 UTC,https://www.albawaba.com/ar/%D8%A3%D8%AE%D8%A8%D8%A7%D8%B1/%D9%81%D9%8A-%D8%A2%D8%AE%D8%B1-%D9%84%D8%AD%D8%B8%D8%A9-%D8%A5%D9%84%D8%BA%D8%A7%D8%A1-%D8%B2%D9%8A%D8%A7%D8%B1%D8%A9-%D9%88%D8%B2%D9%8A%D8%B1%D9%8A-%D8%AF%D8%A7%D8%AE%D9%84%D9%8A%D8%A9-1602253,في آخر لحظة..وزيرا داخلية ألمانيا والنمسا يلغيان زيارتها لسوريا بسبب هجوم محتمل | البوابة,JORDAN,,Syria,-8.69565217391304,161
2025-03-27 11:45:00.000000 UTC,https://www.bawabatii.com/news324263.html,قائد القوات المشتركة السعودية يلتقي رئيس حلف قبائل حضرموت وهذا ماجرى بحثه,SAUDI ARABIA,COMMANDER,"Hadramaut, ?a?ramawt, Yemen",3.98009950248756,43
2025-03-27 11:45:00.000000 UTC,https://www.dostor.org/5015101,رئيس الشيوخ يهنىء الرئيس السيسي بقرب حلول عيد الفطر,SENATE,YEMEN,Egypt,17.9012345679012,51
2025-03-27 11:45:00.000000 UTC,https://www.shorouknews.com/news/view.aspx?cdate=27032025&id=c2734137-b008-4f09-a81f-b259a5a520b9,وزير الدفاع يشارك مقاتلي القوات الجوية وجبة الإفطار,GENERALISSIMO,EGYPT,Egypt,1.28205128205128,51
2025-03-27 11:45:00.000000 UTC,https://www.dostor.org/5015106,برلماني: كلمة الرئيس باحتفال ليلة القدر تحمل دلالات واضحة بمضي مصر بثبات في مسيرتها التنموية,EGYPT,PRESIDENT,Egypt,3.66492146596858,84
2025-03-27 11:45:00.000000 UTC,https://www.dostor.org/5014999,رئيس أزهر مطروح يستقبل وفد الكنيسة للتهنئة بعيد الفطر,EGYPT,,"Muhafazat Matruh, Matru?, Egypt",9.28143712574846,42
2025-03-27 12:00:00.000000 UTC,http://www.elbrqnews.com/New-News/300956.html,"رئيس جامعة المنوفية يعقد اجتماع لجنة البحوث العلمية ""أون لاين""",UNIVERSITY,,Egypt,2.39043824701195,46
2025-03-27 12:00:00.000000 UTC,https://mustaqila.com/%D8%A5%D9%84%D8%BA%D8%A7%D8%A1-%D8%B2%D9%8A%D8%A7%D8%B1%D8%A9-%D9%88%D8%B2%D9%8A%D8%B1%D8%A9-%D8%A7%D9%84%D8%AF%D8%A7%D8%AE%D9%84%D9%8A%D8%A9-%D8%A7%D9%84%D8%A3%D9%84%D9%85%D8%A7%D9%86%D9%8A%D8%A9/,إلغاء زيارة وزيرة الداخلية الألمانية إلى سوريا بسبب تهديد إرهابي,AUSTRIAN,,Syria,-5.63380281690141,36
2025-03-27 12:15:00.000000 UTC,https://www.fj-p.com/403839/%D9%84%D9%85%D8%A7%D8%B0%D8%A7-%D9%88%D8%A7%D9%81%D9%82-%D8%A8%D8%B1%D9%84%D9%85%D8%A7%D9%86-%D8%A7%D9%84%D8%B9%D8%B3%D9%83%D8%B1-%D8%B9%D9%84%D9%8A-%D9%82%D8%A7%D9%86%D9%88%D9%86-%D8%A7%D9%84%D9%85/,لماذا وافق برلمان العسكر علي قانون المسئولية الطبية رغم عواره وهجرة الأطباء .؟,DOCTOR,,"Talat, Al Fayyum, Egypt",-5.875,51
2025-03-27 12:15:00.000000 UTC,https://alwasat.ly/news/bbc/cm2y5ddp7nro,إسرائيليون يتظاهرون ضد الحكومة، ونتنياهو يهدد بالاستيلاء على أراضٍ في قطاع غزة,ISRAEL,GOVERNMENT,"Gaza, Israel (general), Israel",-9.82248520710054,141
2025-03-27 12:15:00.000000 UTC,https://www.albawabhnews.com/5175333,رئيس مجلس الشيوخ يهنئ السيسي بعيد الفطر المبارك,CHANCELLOR,YEMEN,Egypt,15.6976744186047,51
2025-03-27 12:15:00.000000 UTC,https://www.wafa.ps/Pages/Details/117857,وزير الاقتصاد والسفير الألماني يبحثان تعزيز التعاون الاقتصادي,PALESTINIAN,,Israel,3.53982300884956,50
2025-03-27 12:15:00.000000 UTC,https://sudanile.com/%D9%88%D8%B2%D9%8A%D8%B1-%D8%A7%D9%84%D8%AE%D8%A7%D8%B1%D8%AC%D9%8A%D8%A9-%D9%8A%D8%B3%D8%AA%D9%82%D8%A8%D9%84-%D8%A7%D9%84%D9%88%D9%81%D8%AF-%D8%A7%D9%84%D8%B3%D8%B9%D9%88%D8%AF%D9%8A-%D8%A7%D9%84/,وزير الخارجية يستقبل الوفد السعودي الزائر لتقييم احتياجات البلاد في اعادة الاعمار - سودانايل,SAUDI ARABIA,,Saudi Arabia,0.71942446043166,10
2025-03-27 12:30:00.000000 UTC,https://www.mena.org.eg:443/ar/news/dbcall/table/textnews/id/11117620,رئيس الوزراء يتابع أعمال تطوير الساحل الشمالي الغربي من غرب رأس الحكمة لشرق مطروح - Welcome to Middle East News Agency,EGYPT,MINIST,"Matrouh, Matru?, Egypt",4.5,43
2025-03-27 12:45:00.000000 UTC,http://www.elbrqnews.com/New-News/301041.html,وزير الدولة للإنتاج الحربي يستقبل السفير الأرميني لبحث أوجه التعاون بمجالات التصنيع,MINIST,ARMENIAN,Egypt,6.69642857142857,43
2025-03-27 12:45:00.000000 UTC,https://www.nna-leb.gov.lb/ar/%D9%85%D8%AA%D9%81%D8%B1%D9%82%D8%A7%D8%AA/768631,الوكالة الوطنية للإعلام - رئيس المجلس الاعلى لجمعية مار منصور في إفطار عيد البشارة: ليكن الفطر السعيد والفصح المجيد قيامة حقيقية للوطن,LEBANON,EPISCOPAL,"Beirut, Beyrouth, Lebanon",5.35714285714285,43
2025-03-27 12:45:00.000000 UTC,http://www.elbrqnews.com/New-News/301033.html,وكيل التعليم بالقاهرة ورئيس الأعلى للأمناء يكرمان الفائزين بمسابقة أوائل الطلبة,,STUDENT,"Cairo, Al Qahirah, Egypt",6.69291338582678,51
2025-03-27 13:15:00.000000 UTC,https://www.vetogate.com/5377517,النائب العام يهنئ رئيس الجمهورية بعيد الفطر المبارك,CHANCELLOR,,"Cairo, Al Qahirah, Egypt",7.51173708920188,51
2025-03-27 13:15:00.000000 UTC,https://www.vetogate.com/5377497,وزير الإسكان يعلن تفاصيل أكبر طرح للوحدات السكنية بإجمالي 400 ألف وحدة جديدة,EGYPTIAN,,"Wizarat Al Iskan, Al Qahirah, Egypt",1.79153094462541,311
2025-03-27 13:15:00.000000 UTC,https://www.nile.eg/%D9%88%D8%B2%D9%8A%D8%B1-%D8%A7%D9%84%D8%B9%D9%85%D9%84-%D8%B5%D8%B1%D9%81-%D9%85%D9%86%D8%AD%D8%AA%D9%89-%D8%B1%D9%85%D8%B6%D8%A7%D9%86-%D9%88%D8%B9%D9%8A%D8%AF-%D8%A7%D9%84%D9%81%D8%B7%D8%B1-%D9%84,النيل – قناة مصر الإخبارية | وزير العمل: صرف منحتى رمضان وعيد الفطر للعمالة غير المنتظمة من اليوم,ACTOR,GOVERNMENT,Egypt,1.73410404624278,12
2025-03-27 13:30:00.000000 UTC,https://we.mansheet.net/124134/%D8%B1%D8%A6%D9%8A%D8%B3-%D8%A7%D9%84%D9%88%D8%B2%D8%B1%D8%A7%D8%A1-%D9%8A%D9%86%D8%A7%D9%82%D8%B4-%D9%85%D8%B9-%D9%88%D8%B2%D9%8A%D8%B1-%D8%A7%D9%84%D9%85%D8%A7%D9%84%D9%8A%D8%A9-%D8%AA%D9%81%D8%A7/,رئيس الوزراء يناقش مع وزير المالية تفاصيل حزمة الحماية الاجتماعية الشاملة – جريدة مانشيت,GOVERNMENT,,Egypt,7.09876543209876,14
2025-03-27 13:30:00.000000 UTC,https://fan.elfagr.org/5141612,وزير الثقافة: المسرح المصري مساحة حرة للتعبير عن قضايا المجتمع وترسيخ الهوية الوطنية وافتتاح صروح مسرحية جديدة لدعم الإبداع قريبًا,EGYPTIAN,COMMUNITY,Egypt,7.96178343949045,10
2025-03-27 13:45:00.000000 UTC,https://www.elfagr.org/5141628,وزير الإنتاج الحربي يستقبل السفير الأرميني لبحث أوجه التعاون في مجالات التصنيع العسكري والمدني,MINIST,ARMENIAN,Egypt,6.59340659340659,43
2025-03-27 13:45:00.000000 UTC,https://www.nna-leb.gov.lb/ar/%D9%85%D8%AA%D9%81%D8%B1%D9%82%D8%A7%D8%AA/768708,الوكالة الوطنية للإعلام - عبدالله زار وزير الصحة وبحثُ في التغطية الصحية الشاملة,NASSER,LEBANON,Lebanon,6.01503759398496,51
2025-03-27 13:45:00.000000 UTC,https://www.nna-leb.gov.lb/ar/%D9%85%D8%AA%D9%81%D8%B1%D9%82%D8%A7%D8%AA/768693,"الوكالة الوطنية للإعلام - جمعية ""المقاصد "" أقامت سحورا تكريميا لإعلاميي صيدا ورئيسها أعلن إنشاء ""المتحف الدائم لتاريخ المقاصد وصيدا"" في ""دار حمود""",SCHOOL,,Lebanon,2.81081081081081,40
2025-03-27 14:30:00.000000 UTC,https://www.elfagr.org/5141632,رئيس جامعة أسيوط يستقبل الأنبا دانيال لطفي ووفد مطرانية الأقباط الكاثوليك للتهنئة بعيد الفطر,UNIVERSITY,,"Kulliyat At Tijarah, Dumyat, Egypt",6.13496932515337,51
2025-03-27 14:30:00.000000 UTC,http://www.elbrqnews.com/New-News/301263.html,وفاة رئيس جامعة الأزهر السابق بعد صراع مع المرض,,SECRETARIAT,"Cairo, Al Qahirah, Egypt",2.77777777777778,43
2025-03-27 14:45:00.000000 UTC,http://www.elbrqnews.com/New-News/301294.html,وزير العدل يستقبل سفير السعودية لدى البحرين,MINIST,SAUDI ARABIA,Saudi Arabia,12.0370370370371,43
2025-03-27 14:45:00.000000 UTC,https://www.okaz.com.sa/news/politics/2190214,وزير الخارجية المصري: تم الاستقرار على أعضاء اللجنة غير الفصائلية لإدارة غزة,EGYPT,ISRAEL,Syria,-0.31847133757962,12
2025-03-27 14:45:00.000000 UTC,http://www.elbrqnews.com/New-News/301290.html,وزير الداخلية يستقبل سفير البحرين لدى سوريا ويؤكد على تطوير التعاون والروابط الأخوية بين البلدين الشقيقين,MINIST,BAHRAIN,Syria,10.5769230769231,43
2025-03-27 15:00:00.000000 UTC,https://www.shorouknews.com/news/view.aspx?cdate=27032025&id=c6b698f2-e769-41a4-95a7-17640af021bd,وزير المالية السوداني: تفاهمات مع السعودية بشأن مبادرة إعمار بلادنا,SUDAN,,Saudi Arabia,0.96153846153847,40
2025-03-27 15:15:00.000000 UTC,https://alahalygate.com/archives/261363,وزير الصحة يبحث مع سفير فرنسا تعزيز سبل التعاون المشترك - جريدة الأهالي المصرية,EGYPT,PALESTINIAN,"Gaza, Israel (general), Israel",4.96688741721854,51
2025-03-27 15:15:00.000000 UTC,https://www.shorouknews.com/news/view.aspx?cdate=27032025&id=f2d796ba-d3e2-425b-8ef4-772fb248b4e4,رئيس جامعة المنيا يفتتح تطوير وحدة غسيل كلى ومعمل تحاليل بمستشفى الكلى والمسالك,,HOSPITAL,"Minya, Al Minya, Egypt",2.82776349614396,51
2025-03-27 15:30:00.000000 UTC,https://el-balad.com/95224,جامعة الأزهر تنعي الدكتور محمد المحرصاوي رئيس الجامعة السابق,,IMAM,"Cairo, Al Qahirah, Egypt",2.67857142857143,43
2025-03-27 15:30:00.000000 UTC,https://el-balad.com/95216,وزير الخارجية يشدد على موقف مصر الداعم للبنان في مواجهة التحديات الأمنية,EGYPT,,Israel,0.505050505050511,70
2025-03-27 15:30:00.000000 UTC,https://www.vetogate.com/5377611,وزير الصحة يستعرض فرص تعزيز الاستثمارات العالمية في السوق المحلية,EGYPT,,"Wizarat Al Istithmar, Al Qahirah, Egypt",3.08008213552362,1721
2025-03-27 15:30:00.000000 UTC,http://www.elbrqnews.com/New-News/301432.html,سفير مصر في تيرانا يلتقي برئيسة البرلمان الألباني,EGYPT,PRESIDENT,Egypt,6.82926829268293,40
2025-03-27 15:30:00.000000 UTC,http://www.elbrqnews.com/New-News/301399.html,ورئيس الوزراء الصومالي يتوعد بالقضاء على إرهابيي «داعش» و«الشباب»,SOMALIA,,Turkey,-7.09219858156028,190
2025-03-27 15:45:00.000000 UTC,https://www.almontasaf.net/news118481.html,وزير الدفاع اليمني يوجه برفع الجاهزية والاستعداد لأي طارئ | المنتصف نت,,GOVERNMENT FORCES,Yemen,2.56410256410256,36
2025-03-27 15:45:00.000000 UTC,https://www.nile.eg/%D9%88%D8%B2%D9%8A%D8%B1-%D8%A7%D9%84%D8%B5%D8%AD%D8%A9-%D9%8A%D8%A8%D8%AD%D8%AB-%D9%85%D8%B3%D8%AA%D8%AC%D8%AF%D8%A7%D8%AA-%D9%81%D8%B1%D8%B5-%D8%AA%D8%B9%D8%B2%D9%8A%D8%B2-%D8%A7%D9%84%D8%A7%D8%B3,النيل – قناة مصر الإخبارية | وزير الصحة يُشدد على ضرورة توفير بيئة استثمارية جاذبة للشركات العالمية,,POPULATION,"Wizarat Al Istithmar, Al Qahirah, Egypt",2.27743271221532,40
2025-03-27 15:45:00.000000 UTC,https://www.albiladpress.com/news/2025/6009/arab-and-world/908859.html,عراقجي: تسريبات سيغنال تبرر النظر بعين الشك في سياسة أميركا تجاهنا,IRAN,,Yemen,-5.34979423868313,10
2025-03-27 15:45:00.000000 UTC,https://www.albiladpress.com/news/2025/6009/arab-and-world/908855.html,وزير خارجية مصر: اتفقنا على أعضاء اللجنة التي ستدير غزة,GAZA,CAIRO,"Arab League, Al Qahirah, Egypt",-2.22929936305732,40
2025-03-27 16:00:00.000000 UTC,https://www.mena.org.eg:443/news/dbcall/table/textnews/id/11117033,رئيس الأركان يشارك عددا من مقاتلي قوات حرس الحدود والمدرعات تناول وجبة الإفطار - Welcome to Middle East News Agency,EGYPT,,"Cairo, Al Qahirah, Egypt",2.8436018957346,50
2025-03-27 16:00:00.000000 UTC,https://www.mena.org.eg:443/news/dbcall/table/textnews/id/11116198,الرئيس السيسي يشهد احتفال ليلة القدر ويكرم الفائزين في المسابقة العالمية الحادية والثلاثين للقرآن الكريم - Welcome to Middle East News Agency,PRESIDENT,,"Wizarat Al Awqaf, Al Qahirah, Egypt",6.27261761158022,51
2025-03-27 16:00:00.000000 UTC,https://pnn.ps/news/704133,وزير الاقتصاد والسفير الألماني يبحثان تعزيز التعاون الاقتصادي,GERMAN,GERMANY,Israel,3.58744394618834,311
2025-03-27 16:15:00.000000 UTC,https://www.bawabatii.com/news324270.html,بعد تصريحات أثارت غضب الكويتيين بشأن غزو العراق.. جلسة مكاشفة بين وزير التجارة الأمريكي وسفيرة الكويت,ZAIN,UNITED STATES,Kuwait,-1.87793427230046,50
2025-03-27 16:15:00.000000 UTC,http://www.elbrqnews.com/New-News/301486.html,رئيس القابضة لمصر للطيران يهنئ العاملين بشركة مصر للطيران باجتياز تفتيش الاتحاد الأوروبي,EGYPT,WORKER,"Alexandria, Al Iskandariyah, Egypt",6.61764705882353,42
2025-03-27 16:15:00.000000 UTC,https://www.vetogate.com/5377610,رئيس جامعة سوهاج يوافق على زيادة أعداد الأطباء المقيمين للعمل بالمستشفيات التابعة,UNIVERSITY,DOCTOR,"Kulliyat At Tibb, Al Qahirah, Egypt",0.83682008368201,42
2025-03-27 16:45:00.000000 UTC,https://www.shfanews.net/post/206169,وزير الاقتصاد والسفير الألماني يبحثان تعزيز التعاون الاقتصادي - شبكة فلسطين للأنباء - شفا,GERMAN,PALESTINE,Israel,3.53982300884956,40
2025-03-27 16:45:00.000000 UTC,https://www.shfanews.net/post/206139,المحافظ حمايل يستقبل وزير الداخلية اللواء زياد هب الريح - شبكة فلسطين للأنباء - شفا,ISRAEL,,"Jordan Valley, Israel (general), Israel",0.0,51
2025-03-27 17:00:00.000000 UTC,https://www.nna-leb.gov.lb/ar/%D8%B3%D9%8A%D8%A7%D8%B3%D8%A9/768758,الوكالة الوطنية للإعلام - رئيس الجمهورية: لودريان اكد ضرورة الإتفاق مع صندوق النقد وإسرائيل هي المبادِرة الى خرق وقف إطلاق النارويجب ان تنسحب من النقاط ال 5 وحصرية السلاح ستكون من خلال إستراتيجية الأمن الوطني,LEBANON,INTERNATIONAL COMMUNITY,"Baalbek, Mohafazat Baalbek-Hermel, Lebanon",0.29276453366792,26
2025-03-27 17:00:00.000000 UTC,https://alrai.com/article/10872532/%D9%83%D8%AA%D8%A7%D8%A8/%D8%AA%D8%AD%D9%8A%D8%A9-%D9%84%D8%AD%D9%83%D9%88%D9%85%D8%A9-%D8%A7%D9%84%D8%AF%D9%88%D8%A7%D9%85-%D8%A7%D9%84%D9%85%D8%B1%D9%86,تحية لحكومة الدوام المرن,GOVERNMENT,,Oman,-0.17636684303351,80
2025-03-27 17:15:00.000000 UTC,http://www.elbrqnews.com/New-News/301568.html,في أول زيارة لدولة غربية منذ تنصيبه.. الرئيس اللبناني في فرنسا غداً,LEBANESE,LEBANON,Lebanon,-2.83687943262411,51
2025-03-27 17:15:00.000000 UTC,http://www.elbrqnews.com/New-News/301570.html,وزير الخارجية الكويتي يجري اتصالا مع نظيره الأمريكي,FOREIGN MINIST,,Kuwait,6.30630630630631,41
2025-03-27 17:30:00.000000 UTC,http://www.elbrqnews.com/New-News/301581.html,خبير: سياسة الحكومة الإسرائيلية لن تؤدي إلى حل ولن تجلب الأمن للإسرائيليين,ISRAELI,ISRAEL,"Gaza, Israel (general), Israel",-5.32212885154062,130
2025-03-27 17:45:00.000000 UTC,https://www.dostor.org/5015445,نص كلمة الرئيس السيسي في المؤتمر الصحفي مع نظيره السيراليوني,PRESIDENT,,Egypt,3.02013422818792,84
2025-03-27 17:45:00.000000 UTC,https://www.vetogate.com/5377676,وزير الدفاع الإسرائيلي الأسبق: إخلاء شمال غزة من 50 ألف فلسطيني تطهير عرقي,MINIST,ARMY,"Gaza, Israel (general), Israel",0.0,203
2025-03-27 18:15:00.000000 UTC,https://www.nna-leb.gov.lb/ar/%D8%B3%D9%8A%D8%A7%D8%B3%D8%A9/768772,الوكالة الوطنية للإعلام - مجلس الوزراء اقر تعيين كريم سعيد حاكمًا للمركزي وسلسلة تعيينات قضائية الرئيس عون: المفاوضات مع صندوق النقد انطلقت سلام: الأهم التزام الحاكم السياسة المالية مرقص: تعيينات تلفزيون لبنان ستخضع للآلية الادارية,LEBANESE,SYRIAN,"Baabda, Mont-Liban, Lebanon",1.10633066994468,36
2025-03-27 18:15:00.000000 UTC,https://www.shorouknews.com/news/view.aspx?cdate=27032025&id=8cb8bd06-176a-4e75-9f72-ca6ec84a8a8f,الرئيس السيسي يؤكد على ما يمثله ملف مياه النيل من أهمية وجودية لمصر,PRESIDENT,EGYPT,"Jerusalem, Israel (general), Israel",2.34113712374582,50
2025-03-27 18:30:00.000000 UTC,http://www.elbrqnews.com/New-News/301711.html,الرئيس السيسي: بحثنا مستجدات الأوضاع بغزة والحاجة الماسة لوقف دائم لإطلاق النار,PRESIDENT,EGYPT,"Cairo, Al Qahirah, Egypt",3.13725490196079,50
2025-03-27 19:00:00.000000 UTC,https://www.nile.eg/%D9%88%D8%B2%D9%8A%D8%B1%D8%A7-%D8%AE%D8%A7%D8%B1%D8%AC%D9%8A%D8%A9-%D8%A3%D9%85%D8%B1%D9%8A%D9%83%D8%A7-%D9%88%D8%A8%D8%B1%D9%8A%D8%B7%D8%A7%D9%86%D9%8A%D8%A7-%D9%8A%D8%A8%D8%AD%D8%AB%D8%A7%D9%86-2,النيل – قناة مصر الإخبارية | وزيرا خارجية أمريكا وبريطانيا يبحثان الجهود الأوروبية لإنهاء الحرب الروسية الأوكرانية,UNITED KINGDOM,EUROPE,Iran,1.40845070422535,51
2025-03-27 19:00:00.000000 UTC,https://www.albiladpress.com/news/2025/6009/spaces/908882.html,"وزير الخارجية اللبناني يوبخ موظفين بسبب ""السماسرة""",LEBANESE,LEBANON,Lebanon,-11.9266055045872,111
2025-03-27 19:00:00.000000 UTC,https://www.nile.eg/%D8%A7%D9%84%D8%B3%D9%8A%D8%B3%D9%89-%D9%8A%D8%A4%D9%83%D8%AF-%D9%84%D8%B1%D8%A6%D9%8A%D8%B3-%D8%B3%D9%8A%D8%B1%D8%A7%D9%84%D9%8A%D9%88%D9%86-%D8%A3%D9%87%D9%85%D9%8A%D8%A9-%D8%AA%D8%B5%D9%88%D9%8A,النيل – قناة مصر الإخبارية | السيسي ورئيس سيراليون يشددان على ضرورة احترام سيادة الدول وبذل كافة الجهود لحماية القرن الإفريقي,PRESIDENT,,"Cairo, Al Qahirah, Egypt",2.21518987341772,46
2025-03-27 19:00:00.000000 UTC,https://www.kuna.net.kw/ArticleDetails.aspx?id=3224063&Language=ar,كونا : وزير الخارجية يجري اتصالا مع نظيره الأمريكي - الشؤون السياسية,KUWAIT,FOREIGN MINISTER ABDULLAH,Kuwait,6.42201834862385,41
2025-03-27 19:00:00.000000 UTC,https://www.dostor.org/5015474,جاهزية تامة.. الحكومة «طوارئ» لتلبية احتياجات المواطنين فى عيد الفطر 2025,,EGYPT,"Wizarat Az Ziraah, Al Jizah, Egypt",1.48609779482263,42
2025-03-27 19:00:00.000000 UTC,https://www.kuna.net.kw/ArticleDetails.aspx?id=3224062&Language=ar,كونا : وزير الخارجية يتسلم أوراق اعتماد سفير النيجر لدى دولة الكويت - الشؤون السياسية,FOREIGN MINIST,NIGER,Kuwait,7.69230769230769,43
2025-03-27 19:30:00.000000 UTC,https://www.tayyar.org/News/Lebanon/658624/_guid=658624,بيان لوزيرة الشؤون الإجتماعية حول حادثة تحرش رجل أمن بطفلة,SECRETARY OF STATE,,Lebanon,-2.25563909774436,180
2025-03-27 19:45:00.000000 UTC,https://www.albawabhnews.com/5175561,مظاهرات حاشدة في «تل أبيب» للمطالبة بوقف الحرب ورفض إقالة رئيس الشاباك والمستشارة القضائية,TEL AVIV,,Gaza Strip,-8.73015873015878,141
2025-03-27 20:00:00.000000 UTC,https://almasdaronline.com/articles/313975,صحف مصرية حذفت الخبر ولا تعليق من السفارة.. قيادي حوثي ينتحل مجددًا صفة رسمية ويلتقي رئيس هيئة الدواء المصرية,,JORDAN,"Cairo, Al Qahirah, Egypt",-1.35869565217391,57
2025-03-27 20:00:00.000000 UTC,https://www.aljazeera.net/opinions/2025/3/27/%D9%85%D8%B9%D8%B1%D9%83%D8%A9-%D8%A7%D9%86%D8%AA%D8%AE%D8%A7%D8%A8%D8%A7%D8%AA-%D8%AA%D8%B1%D9%83%D9%8A%D8%A7-2028-%D8%AA%D9%88%D9%82%D8%B9%D8%A7%D8%AA-%D8%A7%D9%84%D8%B1%D8%A8%D8%AD,أردوغان والمعارضة في انتخابات تركيا القادمة: توقعات الربح والخسارة,POLITICIAN,,"Ankara, Ankara, Turkey",-2.46913580246914,71
2025-03-27 20:15:00.000000 UTC,https://www.kuna.net.kw/ArticleDetails.aspx?id=3224089,كونا : وزير الخارجية لـ(كونا) العلاقات الكويتية الأمريكية عميقة ومتميزة - الشؤون السياسية,KUWAIT,MINIST,Kuwait,6.54761904761904,46
2025-03-27 20:15:00.000000 UTC,https://el-balad.com/95241,وزارة الأوقاف تنعي الدكتور محمد المحرصاوي رئيس جامعة الأزهر الأسبق,,EGYPTIAN,"Wizarat Al Awqaf, Al Qahirah, Egypt",4.18994413407821,43
2025-03-27 20:15:00.000000 UTC,https://www.kuna.net.kw/ArticleDetails.aspx?id=3224092&Language=ar,كونا : الرئيس التركي يبحث مع نظيره الصومالي العلاقات الثنائية وقضايا إقليمية ودولية - الشؤون السياسية,TURKEY,SETTLEMENT,"Ankara, Ankara, Turkey",-1.67597765363128,45
2025-03-27 20:15:00.000000 UTC,https://el-balad.com/95256,القمر سيظل 11 دقيقة.. رئيس البحوث الفلكية يعلنها: عيد الفطر الأحد ولا شك في ذلك,EGYPT,,"Dar Al Ifta Al Misriyah, Al Qahirah, Egypt",4.34782608695652,90
2025-03-27 20:45:00.000000 UTC,http://www.elbrqnews.com/New-News/301895.html,مظاهرات حاشدة في «تل أبيب» للمطالبة بوقف الحرب ورفض إقالة رئيس الشاباك والمستشارة القضائية,CHANCELLOR,,Gaza Strip,-9.20716112531968,141
2025-03-27 20:45:00.000000 UTC,https://www.albawabhnews.com/5175569,أحمد أموي روبين يوسف رئيساً لمصلحة الجمارك,EGYPT,CABINET,Egypt,4.1958041958042,42
2025-03-27 20:45:00.000000 UTC,http://www.elbrqnews.com/New-News/301900.html,وزير الخارجية الإيراني: أرسلنا ردنا على ترامب بطريقة مناسبة,PRESIDENT,OMAN,"Tehran, Tehran, Iran",0.3565345603376,40
2025-03-27 20:45:00.000000 UTC,https://www.dostor.org/5015492,أستاذ علوم سياسية: السيطرة الكاملة على الضفة وغزة هدف استراتيجي لحكومة نتنياهو,GAZA,,"Cairo, Al Qahirah, Egypt",-1.17647058823529,138
2025-03-27 21:00:00.000000 UTC,https://cedarnews.net/2958/lebanon/%D8%A3%D9%8A%D8%A7%D8%AF%D9%8D-%D8%AE%D9%81%D9%8A%D8%A9-%D8%AA%D8%B9%D9%85%D9%84-%D8%A8%D8%A7%D9%84%D8%AA%D9%88%D8%A7%D9%81%D9%82-%D9%85%D8%B9-%D8%A8%D8%B9%D8%B6-%D8%B4%D8%B1%D9%83%D8%A7%D8%AA-%D8%A7/,أيادٍ خفية تعمل بالتوافق مع بعض شركات النفط.. رئيس بلدية القاع: للمحروقات النصيب الأكبر من التهريب,LEBANON,UNHCR,"Bekaa, Béa, Lebanon",-3.40681362725451,42
2025-03-27 21:00:00.000000 UTC,http://www.elbrqnews.com/New-News/301936.html,عبد الله اليحيا وزير الخارجية: العلاقات الكويتية الأمريكية عميقة ومتميزة,MINIST,,Kuwait,6.56716417910448,46
2025-03-27 21:00:00.000000 UTC,http://www.elbrqnews.com/New-News/301950.html,متحدث الرئاسة ينشر صور استقبال الرئيس السيسي لنظيره السيراليوني في قصر الاتحادية,PRESIDENT,,"Jerusalem, Israel (general), Israel",3.76569037656904,84
2025-03-27 21:00:00.000000 UTC,https://www.libyaakhbar.com/libya-news/2546489.html,الدبيبة يلتقي رئيس دولة الإمارات العربية المتحدة في أبوظبي - اخبار ليبيا,ABU DHABI,UNITED ARAB EMIRATES,United Arab Emirates,0.934579439252336,40
2025-03-27 21:00:00.000000 UTC,https://www.wafa.ps/Pages/Details/117884,وزير الأوقاف: الاحتلال يرفض تسليم الحرم الابراهيمي للجمعة الرابعة في رمضان,MINISTRY,,"Hebron, Israel (general), Israel",-1.28205128205128,120
2025-03-27 21:15:00.000000 UTC,https://www.elfagr.org/5141773,وزير الخارجية الإيراني: أرسلنا ردنا على رسالة ترامب عبر سلطنة عمان,OMAN,,"Tehran, Tehran, Iran",1.80505415162455,40
2025-03-27 21:15:00.000000 UTC,https://www.nna-leb.gov.lb/ar/%D8%B3%D9%8A%D8%A7%D8%B3%D8%A9/768804,الوكالة الوطنية للإعلام - الياس الخوري في إفطار رمضاني في طرابلس: هذه الحكومة أَمامَ مسؤوليات جسيمة تتطلب إصلاحات مالية واقتصادية ملحة,BISHOP,,"Akkar, AakkâLE, Lebanon",0.44876589379207,13
2025-03-27 21:30:00.000000 UTC,https://www.vetogate.com/5377786,5 معلومات عن الفريق أول كمال الدين حسن علي وزير الحربية والقائد العام للقوات المسلحة في ذكرى رحيله,MILITARY,EGYPTIAN,"Riasat Majlis Al Wuzara, Al Jizah, Egypt",-0.43478260869566,31
2025-03-27 21:30:00.000000 UTC,https://alanbatnews.net/article/454107,الإليزيه ماكرون والرئيس اللبناني يعقدان غداً اجتماعاً عبر الفيديو مع الرئيس الشرع,SYRIAN,,Syria,1.52671755725191,40
2025-03-27 21:45:00.000000 UTC,https://www.alquds.com/ar/posts/156262,الرئيس المحتمل للشاباك الإسرائيلي يؤيّد احتلال قطاع غزة,ISRAEL,CHANCELLOR,"Gaza, Israel (general), Israel",-3.37837837837838,120
2025-03-27 21:45:00.000000 UTC,http://www.elbrqnews.com/New-News/301994.html,وزير الخارجية الإيراني: أرسلنا ردنا على رسالة الرئيس الأمريكي عبر سلطنة عمان,IRANIAN,PRESIDENT,Iran,2.56410256410256,40
2025-03-27 22:00:00.000000 UTC,https://www.kuna.net.kw/ArticleDetails.aspx?id=3224099&language=ar,كونا : وزير الخارجية الإيراني: أرسلنا ردنا على رسالة الرئيس الأمريكي عبر سلطنة عمان - الشؤون السياسية,IRANIAN,PRESIDENT,"Tehran, Tehran, Iran",2.53164556962025,40
2025-03-27 22:15:00.000000 UTC,https://www.vetogate.com/5377838,في فيديو مسرب، وزير خارجية لبنان يوبخ موظفين بسبب الفساد,MINIST,LEBANON,Lebanon,-11.8811881188119,111
2025-03-27 22:30:00.000000 UTC,https://www.dostor.org/5015623,الحكومة السودانية: مصر سجلت موقفا تاريخيا وقدمت لنا دعما غير محدود,SUDAN,,"Cairo, Al Qahirah, Egypt",-1.05820105820105,50
2025-03-27 23:15:00.000000 UTC,https://kuwaitnews.com/103888/,ماكرون والرئيس اللبناني يعقدان الجمعة عبر الفيديو اجتماعا مع الرئيس السوري,SYRIAN,LEBANESE,"Beirut, Beyrouth, Lebanon",-5.17928286852589,46
2025-03-27 23:30:00.000000 UTC,https://www.alriyadh.com/2125029,المملكة تستضيف اجتماعاً لوزيري دفاع سوريا ولبنان,RIYADH,MINIST,"Beirut, Beyrouth, Lebanon",-2.12765957446809,43
2025-03-27 23:45:00.000000 UTC,https://www.alnilin.com/13371495.htm,الوفد السعودي قدم التهاني لرئيس مجلس السيادة القائد العام بالانتصارات .. البرهان يثمن العلاقات السودانية السعودية – النيلين,SAUDI ARABIA,,Saudi Arabia,4.32692307692308,40
2025-03-27 23:45:00.000000 UTC,http://www.elbrqnews.com/New-News/302206.html,ديوان نتنياهو: رئيس الشاباك علم باحتمال هجوم 7 أكتوبر فجرا,ISRAELI,ISRAEL,"Gaza, Israel (general), Israel",-5.96205962059621,110
2025-03-28 00:00:00.000000 UTC,https://alanbatnews.net/article/454111,‏تحذير استخباراتي يلغي زيارة وزيري الداخلية الألمانية والنمساوي إلى دمشق,REPRESENTATIVES,UNITED NATIONS,"Damascus, Dimashq, Syria",-5.85774058577406,46
2025-03-28 00:15:00.000000 UTC,http://www.elbrqnews.com/New-News/302215.html,رئيس نقابة البترول يؤدي واجب العزاء في وفاة المهندس خالد الفقي.. صور,WORKER,,"Giza, Al Jizah, Egypt",-1.25,42
2025-03-28 00:15:00.000000 UTC,https://www.tap.info.tn/ar/%D9%88%D9%8A%D8%A8-%D8%B3%D9%8A%D8%AA-%D8%A7%D9%84%D8%A7%D8%AE%D8%A8%D8%A7%D8%B1-%D8%A7%D9%84%D8%B9%D8%A7%D8%AC%D9%84%D8%A9-flash-ar/18594026-%D9%88%D8%B2%D9%8A%D8%B1-%D8%A7%D9%84%D8%A3%D9%88%D9%82%D8%A7%D9%81,وزير الأوقاف الفلسطيني: الاحتلال الصهيوني يرفض تسليم الحرم الابراهيمي للجمعة الرابعة خلال رمضان,MINISTRY,,"Hebron, Israel (general), Israel",-1.17647058823529,120
2025-03-28 00:15:00.000000 UTC,https://www.elnashra.com/news/show/1716425/%D8%A7%D9%84%D8%B1%D8%A6%D9%8A%D8%B3-%D8%B9%D9%88%D9%86-%D9%81%D8%B1%D9%86%D8%B3%D8%A7-%D8%AA%D8%B3%D8%A7%D8%A4%D9%84%D8%A7%D8%AA-%D9%88%D8%BA%D9%85%D9%88%D8%B6,الرئيس عون في فرنسا: تساؤلات وغموض,PARIS,PRESIDENT,"Al Qasr Al Jumhuri, Beyrouth, Lebanon",-0.34364261168384,42
2025-03-28 00:30:00.000000 UTC,https://alsahwa-yemen.net/p-83354,الحكومة تنتقد عجز الأمم المتحدة في حماية موظفيها في مناطق سيطرة الحوثي,EMPLOYEE,,Iran,-3.57142857142858,172
2025-03-28 00:45:00.000000 UTC,https://arabic.euronews.com/my-europe/2025/03/27/potential-terror-threat-german-austrian-interior-ministers-cancel-visit-to-syria,لماذا ألغى وزيرا الداخلية الألماني والنمساوري زيارتهما إلى سوريا؟,GERMAN,GERMANY,"Damascus, Dimashq, Syria",-4.95356037151703,54
2025-03-28 00:45:00.000000 UTC,https://arabic.euronews.com/2025/03/27/lebanese-president-says-normalization-with-israel-not-on-the-table-for-now,الرئيس اللبناني جوزيف عون: لبنان ملتزم بتطبيق القرار 1701,LEBANON,,Lebanon,-2.63157894736843,40
2025-03-28 01:15:00.000000 UTC,https://www.annaharkw.com/annahar/Article.aspx?id=1015728,سورية... إعلان «الحكومة الانتقالية الموسَّعة» غداً,GERMAN,,"Damascus, Dimashq, Syria",-5.34188034188034,160
2025-03-28 01:30:00.000000 UTC,https://www.raya.ps/news/1192166.html,وزير الاقتصاد والسفير الألماني يبحثان تعزيز التعاون الاقتصادي,ISRAEL,,Israel,4.10958904109589,50
2025-03-28 01:30:00.000000 UTC,https://www.almontasaf.net/news118494.html,مراوغة الحوثي للسلام هل تنطلي على الرئيس ترامب ؟! | المنتصف نت,MILITIA,,"Gaza, Israel (general), Israel",-2.35602094240837,120
2025-03-28 02:00:00.000000 UTC,https://www.shorouknews.com/news/view.aspx?cdate=28032025&id=2049f7ee-6349-439c-bf37-071786a43c09,وزير الأوقاف: تهاني الكنائس تجسد روح المحبة والإخاء بين المصريين,MINIST,,"Al Kanisah Al Injiliyah, Al Qahirah, Egypt",14.3776824034335,10
2025-03-28 04:00:00.000000 UTC,https://www.dostor.org/5015827,عاجل.. الحكومة تمد إجازة عيد الفطر 2025 يوما إضافيا في هذه الحالة,WORKER,MINIST,"Gaza, Israel (general), Israel",0.0,43
2025-03-28 04:30:00.000000 UTC,http://www.elbrqnews.com/New-News/302318.html,السعودية تستضيف اجتماعاً بين وزيري الدفاع السوري واللبناني لتعزيز التعاون الأمني,SAUDI ARABIA,LEBANESE,Syria,2.99145299145299,42
2025-03-28 04:30:00.000000 UTC,http://www.elbrqnews.com/New-News/302314.html,وزير الخارجية الأمريكي: واشنطن قلقة بشأن عدم الاستقرار في تركيا,WASHINGTON,TURKEY,"Istanbul, Istanbul, Turkey",-9.49367088607591,10
2025-03-28 05:45:00.000000 UTC,https://www.nna-leb.gov.lb/ar/%D8%B3%D9%8A%D8%A7%D8%B3%D8%A9/768813,الوكالة الوطنية للإعلام - نداء الوطن: الرئيس عون... الحاكم بأمر الدستور,CABINET,,"Baabda, Mont-Liban, Lebanon",1.89075630252101,190
2025-03-28 05:45:00.000000 UTC,https://www.nna-leb.gov.lb/ar/%D8%B3%D9%8A%D8%A7%D8%B3%D8%A9/768815,الوكالة الوطنية للإعلام - اللواء: سلام يدعو سعيد لإلتزام سياسة الحكومة المالية ويتمسك بحقوق المودعين,ARMY,,"Misgav Am, Ha?afon, Israel",-0.55996266915539,190
2025-03-28 05:45:00.000000 UTC,https://www.vetogate.com/5377909,برعاية سعودية، وزيرا دفاع سوريا ولبنان يوقعان اتفاقا لترسيم الحدود,LEBANESE,UNITED KINGDOM,Syria,6.68693009118542,51
2025-03-28 05:45:00.000000 UTC,https://www.nna-leb.gov.lb/ar/%D8%B3%D9%8A%D8%A7%D8%B3%D8%A9/768818,الوكالة الوطنية للإعلام - الأنباء: الرئيس عون في الإليزيه اليوم... ملفات كثيرة على الطاولة وقمة خماسية,MINIST,LEBANON,"Jeddah, Makkah, Saudi Arabia",-1.0752688172043,40
2025-03-28 05:45:00.000000 UTC,https://www.nna-leb.gov.lb/ar/%D8%B3%D9%8A%D8%A7%D8%B3%D8%A9/768817,الوكالة الوطنية للإعلام - الشرق: سعيد حاكماً ل «المركزي » بالتصويت والحجار مدّعياً عاماً والجميل رئيساً لشورى الدولة,GOVERNOR,LEBANON,"Baabda, Mont-Liban, Lebanon",1.91256830601093,40
2025-03-28 06:30:00.000000 UTC,https://www.lbcgroup.tv/news/lebanon/845928/%D8%A7%D9%84%D8%B1%D8%A6%D9%8A%D8%B3-%D8%B9%D9%88%D9%86-%D8%A5%D9%84%D9%89-%D8%A8%D8%A7%D8%B1%D9%8A%D8%B3/ar,الرئيس عون إلى باريس...,SYRIAN,,Syria,0.0,40
2025-03-28 06:45:00.000000 UTC,https://www.tayyar.org/News/Lebanon/658664/_guid=658664,رئيس الجمهورية غادر الى باريس لاجراء مشاورات مع الرئيس الفرنسي,PRESIDENT,FRENCH,Syria,-0.64935064935065,40
2025-03-28 08:45:00.000000 UTC,https://www.nna-leb.gov.lb/ar/%D8%A7%D9%82%D9%84%D9%8A%D9%85%D9%8A%D8%A7%D8%AA/768873,الوكالة الوطنية للإعلام - رئيس بلدية اسطنبول المسجون أعلن توقيف محاميه,,PROTESTER,"Istanbul, Istanbul, Turkey",-11.8279569892473,140
2025-03-28 09:30:00.000000 UTC,https://www.almowaten.net/2025/03/%D8%A8%D8%AA%D9%88%D8%AC%D9%8A%D9%87%D8%A7%D8%AA-%D9%85%D9%86-%D8%A7%D9%84%D9%85%D9%84%D9%83-%D8%B3%D9%84%D9%85%D8%A7%D9%86-%D9%88%D9%88%D9%84%D9%8A-%D8%A7%D9%84%D8%B9%D9%87%D8%AF-%D8%A7%D9%84%D8%B3/,بتوجيهات من الملك سلمان وولي العهد.. السعودية تستضيف اجتماعًا بين وزير الدفاع السوري ونظيره اللبناني,LEBANESE,UNITED KINGDOM,"Jeddah, Makkah, Saudi Arabia",6.48854961832061,51
2025-03-28 09:30:00.000000 UTC,https://www.nna-leb.gov.lb/ar/%D8%B3%D9%8A%D8%A7%D8%B3%D8%A9/768897,الوكالة الوطنية للإعلام - وزير الدفاع اجتمع بنظيره السوري برعاية المملكة العربية السعودية: توقيع اتفاق والتأكيد على الأهمية الإستراتيجية لترسيم الحدود,SAUDI ARABIA,,Syria,5.85106382978724,46
2025-03-28 09:30:00.000000 UTC,https://www.shorouknews.com/news/view.aspx?cdate=28032025&id=6efb9040-fb1a-4b0d-9466-53a126513a6d,وزيرا دفاع سوريا ولبنان يوقعان في السعودية اتفاقا لترسيم الحدود,MINIST,SAUDI ARABIA,"Jeddah, Makkah, Saudi Arabia",1.69971671388102,57
2025-03-28 09:30:00.000000 UTC,https://www.kuna.net.kw/ArticleDetails.aspx?id=3224112,كونا : وزيرا دفاع سوريا ولبنان يوقعان اتفاقا لترسيم الحدود بين البلدين في مدينة جدة - عام,JEDDAH,LEBANON,Lebanon,2.67634237520535,57
2025-03-28 09:45:00.000000 UTC,http://www.elbrqnews.com/New-News/302429.html,وزير الخارجية الأمريكي: واشنطن قلقة إزاء عدم الاستقرار في تركيا,DEMONSTRATOR,,"Istanbul, Istanbul, Turkey",-11.6591928251121,42
2025-03-28 09:45:00.000000 UTC,https://www.vetogate.com/5377990,وزير الخارجية يؤكد دعم مصر الكامل للسودان الشقيق,MINIST,EGYPT,Lebanon,3.69318181818182,51
2025-03-28 09:45:00.000000 UTC,https://www.elwatannews.com/news/details/8060049,مساعد وزير الخارجية الفلسطيني الأسبق: أمريكا تضغط على أوروبا - الوطن,FRANCE,,"Gaza, Israel (general), Israel",-3.98406374501993,42
2025-03-28 09:45:00.000000 UTC,http://www.elbrqnews.com/New-News/302466.html,عاجل.. وزير الصناعة: منطقة العلمين الجديدة الصناعية واعدة استثماريا وستشهد إقبالا كبيرا,PRESIDENT,INDUSTRY,"Alamein, Matru?, Egypt",0.17605633802817,20
2025-03-28 10:15:00.000000 UTC,http://www.elbrqnews.com/New-News/302518.html,اتصال هاتفي بين وزير الخارجية والهجرة ونظيره السعودي,EGYPT,ISRAEL,"Gaza, Israel (general), Israel",-0.56179775280899,42
2025-03-28 10:15:00.000000 UTC,https://arabic.cnn.com/middle-east/article/2025/03/28/important-agreement-syrian-lebanese-mod-saudi,"السعودية.. الإعلان عن اتفاق ""مهم"" بين وزيري دفاع سوريا ولبنان",MINIST,SAUDI ARABIA,Lebanon,2.75862068965517,40
2025-03-28 10:15:00.000000 UTC,https://www.vetogate.com/5377997,6 قرارات جمهورية مهمة وتكليفات رئاسية حاسمة للحكومة ورسائل طمأنة للمصريين,EGYPT,EGYPT,"Port Safaga, Al Ba?r al A?mar, Egypt",4.43097014925373,26
2025-03-28 10:15:00.000000 UTC,https://www.vetogate.com/5378003,وزير البترول: تقديم الدعم لزيادة عدد محطات تموين السيارات بالغاز الطبيعي,COMPANY,,"Wizarat Al Bitrul, Al Qahirah, Egypt",4.52488687782805,51
2025-03-28 10:15:00.000000 UTC,http://www.elbrqnews.com/New-News/302492.html,رسائل السيسي في حفل ليلة القدر ولقاء المرأة المصرية يتصدران نشاط الرئيس الأسبوعي,EGYPT,PRESIDENT,"Wizarat Al Awqaf, Al Qahirah, Egypt",5.35211267605634,40
2025-03-28 10:15:00.000000 UTC,http://www.elbrqnews.com/New-News/302521.html,رئيس الشورى: العفو عن المحكومين نهجٌ إنسانيٌ يتعاظَم بمبادرات ملكية نبيلة,HAMAD BIN ISA AL KHALIFA,PRINCE,Bahrain,7.12250712250708,51
2025-03-28 10:15:00.000000 UTC,http://www.elbrqnews.com/New-News/302511.html,وزير الخارجية والهجرة يستقبل نظيره السوداني,FOREIGN MINIST,EGYPT,"Wizarat Al Kharijiyah, Al Qahirah, Egypt",6.08695652173913,51
2025-03-28 10:30:00.000000 UTC,https://www.aleqt.com/2025/03/28/article_2759127.html,السعودية تستضيف اجتماعا بين وزير الدفاع السوري ونظيره اللبناني,LEBANESE,SAUDI ARABIA,Syria,5.72687224669604,51
2025-03-28 10:30:00.000000 UTC,https://www.dostor.org/5016033,وزيرا خارجية مصر وتركيا يناقشان جهود حشد الدعم لخطة إعادة إعمار غزة,GAZA,CAIRO,"Cairo, Al Qahirah, Egypt",1.51515151515152,46
2025-03-28 10:30:00.000000 UTC,https://www.nile.eg/%D9%88%D8%B2%D9%8A%D8%B1%D8%A7-%D8%AF%D9%81%D8%A7%D8%B9-%D8%B3%D9%88%D8%B1%D9%8A%D8%A7-%D9%88%D9%84%D8%A8%D9%86%D8%A7%D9%86-%D9%8A%D9%88%D9%82%D8%B9%D8%A7%D9%86-%D8%A7%D8%AA%D9%81%D8%A7%D9%82%D8%A7,النيل – قناة مصر الإخبارية | وزيرا دفاع سوريا ولبنان يوقعان اتفاقا لترسيم الحدود,LEBANON,,"Damascus, Dimashq, Syria",2.11267605633803,57
2025-03-28 10:45:00.000000 UTC,https://www.shorouknews.com/news/view.aspx?cdate=28032025&id=ddb02f10-c8f8-4c8b-937c-be750e318e00,وزيرا خارجية مصر والسعودية يبحثان التطورات في غزة والبحر الأحمر والسودان والقرن الأفريقي,ISRAEL,SAUDI ARABIA,Saudi Arabia,-0.51813471502591,40
2025-03-28 10:45:00.000000 UTC,https://el-balad.com/95306,وزير الخارجية يعرب عن موقف مصر الداعي لاحترام سيادة ووحدة وسلامة أراضي السودان,EGYPT,SUDAN,"Wizarat Al Kharijiyah, Al Qahirah, Egypt",8.33333333333333,51
2025-03-28 10:45:00.000000 UTC,https://www.libyaakhbar.com/libya-news/2546682.html,حكومة الوحدة تبحث مع تركيا استضافة ليبيا للقمة الأفريقية التركية - اخبار ليبيا,LIBYA,GOVERNMENT,Turkey,-2.4390243902439,42
2025-03-28 11:00:00.000000 UTC,http://www.elbrqnews.com/New-News/302562.html,اتصال هاتفي بين وزير الخارجية والهجرة ونظيره التركي,ISRAEL,EGYPT,"Gaza, Israel (general), Israel",0.0,46
2025-03-28 11:00:00.000000 UTC,http://www.elbrqnews.com/world/302529.html,اجتماع وزيري دفاع سوريا ولبنان بجدة.. تأكيد على محورية دور المملكة وثقلها الإقليمي والدولي,UNITED KINGDOM,,Yemen,3.77358490566038,51
2025-03-28 11:15:00.000000 UTC,https://www.albiladpress.com/news/2025/6010/arab-and-world/908943.html,في جدة.. وزيرا دفاع سوريا ولبنان يوقعان اتفاقا لترسيم الحدود,SYRIA,,"Damascus, Dimashq, Syria",1.98675496688741,90
2025-03-28 11:15:00.000000 UTC,http://www.elbrqnews.com/New-News/302593.html,اتصال هاتفي بين وزير الخارجية والهجرة ونظيره التركي,EGYPT,ISLAMIC,"Gaza, Israel (general), Israel",0.71942446043166,46
2025-03-28 11:15:00.000000 UTC,http://www.elbrqnews.com/New-News/302592.html,اتصال هاتفي بين وزير الخارجية والهجرة ونظيره السعودي,,SAUDI ARABIA,Saudi Arabia,-0.52910052910052,41
2025-03-28 11:30:00.000000 UTC,https://www.elfagr.org/5141952,وزير الخارجية والهجرة يستقبل وزير خارجية السودان لبحث المستجدات الميدانية,MINIST,SUDAN,"Wizarat Al Kharijiyah, Al Qahirah, Egypt",5.06329113924051,40
2025-03-28 11:30:00.000000 UTC,http://www.elbrqnews.com/New-News/302609.html,عاجل| بشرى سارة.. الحكومة تعلن عن شقق جديدة ضمن مبادرة «سكن لكل المصريين»,CITIZEN,,Egypt,2.00573065902579,100
2025-03-28 11:30:00.000000 UTC,https://elaph.com/Web/News/2025/03/1564496.html,وزير الدفاع الإسرائيلي يهدد: الهدوء في الجليل مقابل الهدوء في بيروت,LEBANON,ISRAELI,"Beirut, Beyrouth, Lebanon",-3.45467215970813,194
2025-03-28 11:45:00.000000 UTC,https://www.albawabhnews.com/5175722,رئيس الحكومة اللبنانية: نحذر من تجدد العمليات العسكرية على الحدود الجنوبية,LEBANESE,ARMY,Lebanon,-6.95652173913043,41
2025-03-28 11:45:00.000000 UTC,https://addiyar.com/article/2235220-%d8%a7%d9%84%d8%b1%d8%a6%d9%8a%d8%b3-%d8%b9%d9%88%d9%86-%d9%85%d9%86-%d9%81%d8%b1%d9%86%d8%b3%d8%a7-%d9%84%d8%a8%d9%86%d8%a7%d9%86-%d9%85%d9%84%d8%aa%d8%b2%d9%85-%d8%a8%d8%aa%d8%b7%d8%a8%d9%8a%d9%82-%d8%a7%d9%841701,الرئيس عون من فرنسا: لبنان ملتزم بتطبيق الـ1701,PRESIDENT,,Lebanon,-1.43884892086331,51
2025-03-28 12:00:00.000000 UTC,https://www.vetogate.com/5378076,رئيس وزراء لبنان يأمر بالتحقيق في إطلاق الصواريخ على إسرائيل,LEBANON,ISRAEL,Israel,-5.68720379146919,1014
2025-03-28 12:00:00.000000 UTC,https://www.dostor.org/5016098,رئيس الحكومة اللبنانية يُجرى اتصالات مكثفة للضغط على إسرائيل لوقف اعتداءاتها,,LEBANESE,Lebanon,-7.60869565217391,43
2025-03-28 12:15:00.000000 UTC,https://www.elfagr.org/5141983,رئيس الوزراء اللبناني يحذر من تجدد العمليات العسكرية في الجنوب,PRESIDENT,FRENCH,"Beirut, Beyrouth, Lebanon",-4.64135021097047,36
2025-03-28 12:15:00.000000 UTC,http://www.elbrqnews.com/New-News/302668.html,برعاية اجتماع وزيري الدفاع السوري واللبناني.. المملكة كيان سياسي مهم وقيادة مستدامة,LEBANON,,Lebanon,3.28151986183074,40
2025-03-28 12:15:00.000000 UTC,http://www.elbrqnews.com/New-News/302644.html,وزير الخارجية يؤكد دعم مصر للمؤسسات الوطنية السودانية وجهودها لاستعادة الاستقرار والسلم,FOREIGN MINIST,EGYPT,"Cairo, Al Qahirah, Egypt",7.52688172043011,51
2025-03-28 12:15:00.000000 UTC,https://www.shorouknews.com/news/view.aspx?cdate=28032025&id=a27fc7f4-e417-44c5-9ebd-f9a7c1bc4653,وزير البترول يناقش أعمال الجمعية العامة للشركة المصرية للثروات التعدينية,HASSAN,COMPANIES,"Albah, Al Ba?r al A?mar, Egypt",4.0625,1721
2025-03-28 12:30:00.000000 UTC,http://www.elbrqnews.com/New-News/302688.html,وزيرا خارجية السعودية ومصر يناقشان تطورات غزة,ISRAEL,EGYPT,"Wizarat Al Kharijiyah, Al Qahirah, Egypt",-2.29591836734694,40
2025-03-28 12:30:00.000000 UTC,https://alanbatnews.net/article/454126,وزير الخارجية يجري اتصالا هاتفيا مع نظيره العراقي,PUBLICATION,,Oman,-3.53535353535353,12
2025-03-28 12:30:00.000000 UTC,https://www.nile.eg/%D8%B1%D8%A6%D9%8A%D8%B3-%D8%A7%D9%84%D9%88%D8%B2%D8%B1%D8%A7%D8%A1-%D8%A7%D9%84%D9%84%D8%A8%D9%86%D8%A7%D9%86%D9%89-%D9%8A%D8%AD%D8%B0%D9%91%D8%B1-%D9%85%D9%86-%D8%AA%D8%AC%D8%AF%D8%AF-%D8%A7%D9%84,النيل – قناة مصر الإخبارية | رئيس الوزراء اللبنانى يحذّر من تجدد العمليات العسكرية على الحدود الجنوبية مع إسرائيل,ISRAEL,LEBANON,Israel,-5.44554455445544,194
2025-03-28 12:30:00.000000 UTC,https://www.vetogate.com/5378078,رئيس الوزراء يقرر تعيين أحمد أموي رئيسًا لمصلحة الجمارك,EGYPT,MINIST,Egypt,3.01369863013698,43
2025-03-28 12:30:00.000000 UTC,http://www.elbrqnews.com/New-News/302689.html,أبدى استعداد بلاده للدخول في مفاوضات غير مباشرة.. وزير خارجية إيران: سلمنا ردنا على ترمب,PRESIDENT,,"Tehran, Tehran, Iran",-2.54237288135593,20
2025-03-28 12:45:00.000000 UTC,https://www.sarayanews.com/article/1000384/%D8%A7%D9%84%D8%A2%D9%84%D8%A7%D9%81-%D9%81%D9%8A-%D9%88%D8%B3%D8%B7-%D8%A7%D9%84%D8%A8%D9%84%D8%AF-%D9%8A%D8%A7-%D8%A7%D9%84%D8%AD%D9%83%D9%88%D9%85%D8%A9-%D8%A7%D9%84%D8%A3%D8%B1%D8%AF%D9%86%D9%8A%D8%A9-,وكالة سرايا : الآلاف في وسط البلد: يا الحكومة الأردنية .. هاي الإرادة الشعبية,PALESTINIAN,ISRAEL,Israel,-5.57768924302789,51
2025-03-28 12:45:00.000000 UTC,https://www.shorouknews.com/news/view.aspx?cdate=28032025&id=7e439632-7cea-47d6-b68d-c394d00b997b,رئيس وزراء لبنان يوجه الجيش بالتحقيق لكشف الجهات وراء إطلاق الصواريخ على إسرائيل,LEBANESE,,"Beirut, Beyrouth, Lebanon",-3.27868852459016,20
2025-03-28 13:00:00.000000 UTC,https://www.kuna.net.kw/ArticleDetails.aspx?id=3224141&Language=ar,كونا : الرئيس اللبناني يصل إلى فرنسا في أول زيارة لدولة أوروبية منذ انتخابه - الشؤون السياسية,LEBANON,,"Beirut, Beyrouth, Lebanon",-1.6260162601626,40
2025-03-28 13:15:00.000000 UTC,https://www.raialyoum.com/%D8%A7%D9%84%D8%B3%D9%8A%D8%A7%D8%B3%D8%A9-%D8%A7%D9%84%D8%AE%D8%A7%D8%B1%D8%AC%D9%8A%D8%A9-%D8%A7%D9%84%D8%A3%D9%85%D8%B1%D9%8A%D9%83%D9%8A%D8%A9-%D9%85%D9%86-%D8%A7%D9%84%D8%AD%D8%B1%D9%88%D8%A8/,السياسة الخارجية الأمريكية من الحروب إلى صفقات تهدد مستقبل العرب!,JOURNALIST,,Jordan,-3.06748466257669,111
2025-03-28 13:45:00.000000 UTC,http://arabic.news.cn/20250328/4bf4ad5280954e8e84aeecd1e2ddd10c/c.html,"وزير الخارجية الإيراني: المحادثات النووية مع الولايات المتحدة في ظل التهديدات العسكرية ""لا معنى لها""",MILITARY,UNITED STATES,"Tehran, Tehran, Iran",-1.40350877192982,46
2025-03-28 13:45:00.000000 UTC,https://www.mena.org.eg:443/news/dbcall/table/textnews/id/11116761,وزير الدفاع والإنتاج الحربي يشهد حفل إنتهاء فترة الإعداد العسكرى لطلبة الأكاديمية العسكرية المصرية والكليات العسكرية - Welcome to Middle East News Agency,MILITARY,EGYPT,"Cairo, Al Qahirah, Egypt",3.00429184549356,51
2025-03-28 13:45:00.000000 UTC,https://www.nile.eg/%D8%B1%D8%A6%D9%8A%D8%B3-%D8%A7%D9%84%D8%A8%D8%B1%D9%84%D9%85%D8%A7%D9%86-%D8%A7%D9%84%D8%A5%D9%8A%D8%B1%D8%A7%D9%86%D9%89-%D8%A5%D8%B0%D8%A7-%D9%87%D8%A7%D8%AC%D9%85%D8%AA%D9%86%D8%A7-%D8%A3%D9%85,النيل – قناة مصر الإخبارية | رئيس البرلمان الإيرانى: إذا هاجمتنا أمريكا فلن تكون قواعدها فى المنطقة بمأمن,IRANIAN,,Oman,-1.30434782608695,40
2025-03-28 13:45:00.000000 UTC,https://www.dostor.org/5016260,رئيس وزراء لبنان: اعتداءات الاحتلال طالت المدنيين والمناطق السكنية,ISRAELI,,"Beirut, Beyrouth, Lebanon",-8.17792307501797,20
2025-03-28 14:00:00.000000 UTC,http://www.elbrqnews.com/New-News/302912.html,رئيس وزراء لبنان يوجه قائد الجيش بالتحقيق لكشف الجهات وراء إطلاق الصواريخ,ISRAEL,,"Beirut, Beyrouth, Lebanon",-3.27868852459016,871
2025-03-28 14:00:00.000000 UTC,http://www.elbrqnews.com/New-News/302926.html,الشهابي: زيارة رئيس سيراليون نتيجة للاستراتيجية المصرية التى دشنها الرئيس السيسى,PRESIDENT,EGYPT,Egypt,4.02298850574713,50
2025-03-28 14:15:00.000000 UTC,https://qudspress.com/188538/,"مكتب نتنياهو يتهم رئيس ""الشاباك"" بالتقصير قبل ""طوفان الأقصى"" - وكالة قدس برس للأنباء",ISRAEL,,"Gaza, Israel (general), Israel",-10.5527638190954,112
2025-03-28 14:15:00.000000 UTC,http://www.elbrqnews.com/New-News/302966.html,القوات المسلحة تهنئ الرئيس بمناسبة حلول عيد الفطر المبارك,INSURGENT FORCE,,Yemen,4.82758620689656,42
2025-03-28 14:15:00.000000 UTC,http://www.elbrqnews.com/New-News/302945.html,رئيس الإمارات يعتمد حزمة مزايا سكنية بقيمة 6.75 مليار درهم لمواطني أبوظبي قبيل عيد الفطر,,UNITED ARAB EMIRATES,"Abu Dhabi, Abu Z¸aby, United Arab Emirates",6.97674418604651,190
2025-03-28 14:15:00.000000 UTC,http://www.elbrqnews.com/New-News/302967.html,وزير الداخلية يجتمع بمساعديه لمتابعة إجراءات تأمين احتفالات المواطنين بعيد الفطر المبارك,MINIST,,Egypt,0.82815734989648,40
2025-03-28 14:30:00.000000 UTC,http://www.elbrqnews.com/New-News/302988.html,عاجل.. القوات المسلحة تهنئ الرئيس السيسي بمناسبة عيد الفطر: سنظل الدرع الواقع لصون الشعب,,INSURGENT FORCE,"Gaza, Israel (general), Israel",4.03225806451613,43
2025-03-28 14:30:00.000000 UTC,https://www.albiladpress.com/news/2025/6010/bahrain/908975.html,وزير التربية يكرّم المعلمين القدامى من الدير وسماهيج,BAHRAIN,,"Muharraq, Al Mu?arraq, Bahrain",8.23244552058111,51
2025-03-28 14:30:00.000000 UTC,https://www.dostor.org/5016307,القوات المسلحة تهنئ الرئيس السيسى بمناسبة حلول عيد الفطر المبارك,COMMANDER,,Yemen,5.70817287120242,42
2025-03-28 14:30:00.000000 UTC,https://www.kuna.net.kw/ArticleDetails.aspx?id=3224168&Language=ar,كونا : الرئيس الفرنسي يؤكد ضرورة انسحاب جيش الاحتلال من جنوب لبنان - الشؤون السياسية,FRENCH,FRANCE,"Beirut, Beyrouth, Lebanon",-3.4351145038168,51
2025-03-28 14:30:00.000000 UTC,http://www.elbrqnews.com/New-News/303002.html,القوات المسلحة تهنئ رئيس الجمهورية بمناسبة حلول عيد الفطر المبارك لعام 1446هــ,PRESIDENT,ARMED FORCES,Qatar,4.91228070175439,51
2025-03-28 14:30:00.000000 UTC,https://www.albiladpress.com/news/2025/6010/bahrain/908983.html,جلالة الملك المعظم يتبادل التهاني مع رئيس دولة الإمارات العربية المتحدة بمناسبة قرب حلول عيد الفطر المبارك,KING,UNITED ARAB EMIRATES,United Arab Emirates,8.84955752212389,31
2025-03-28 14:45:00.000000 UTC,https://www.dostor.org/5016014,رئيس مصر للألومنيوم: إنشاء أكبر مصنع لانتاج الفويل باستثمارات 100 مليون دولار,,EGYPT,"Nag Hammadi, Qina, Egypt",1.00334448160535,173
2025-03-28 14:45:00.000000 UTC,http://www.elbrqnews.com/world/303017.html,اجتماع وزيري الدفاع السوري واللبناني بالسعودية.. المملكة وجهة قادة الدول الساعين لإيجاد حلول سلمية لأزماتهم وخلافاتهم,LEBANON,,Lebanon,2.87958115183246,40
2025-03-28 15:00:00.000000 UTC,https://www.dostor.org/5016328,وزير الداخلية: الشرطة النسائية حاضرة بقوة فى خطة تأمين احتفالات عيد الفطر,POLICE,,Egypt,4.64135021097046,20
2025-03-28 15:00:00.000000 UTC,https://www.dostor.org/5016337,ماهر نقولا: الرئيس اللبنانى يراهن على فرنسا وأوروبا لدعم بلاده,BEIRUT,LEBANESE,"Beirut, Beyrouth, Lebanon",-1.89873417721519,130
2025-03-28 15:00:00.000000 UTC,http://www.elbrqnews.com/New-News/303022.html,أمير الكويت يتلقى اتصالا هاتفيا من رئيس دولة الإمارات للتهنئة بقرب حلول عيد الفطر,HEAD OF STATE,KUWAIT,Kuwait,15.0259067357513,41
2025-03-28 15:15:00.000000 UTC,http://www.elbrqnews.com/New-News/303056.html,حكومة غزة: الاحتلال قصف 26 تكية و37 مركز مساعدات خلال الحرب,ISRAEL,BUSINESS,"Gaza, Israel (general), Israel",-8.78661087866107,43
2025-03-28 15:15:00.000000 UTC,https://alwasat.ly/news/arabic/471760,الرئيس اللبناني ينفي مسؤولية حزب الله عن الهجمات الصاروخية الأخيرة باتجاه «إسرائيل»,LEBANESE,,Israel,-5.93607305936073,120
2025-03-28 15:15:00.000000 UTC,https://alwasat.ly/news/arabic/471759,رئيس الحكومة اللبنانية: الضربة الإسرائيلية على الضاحية الجنوبية تصعيد خطير,ISRAELI,NEIGHBORHOOD,Israel,-8.02139037433155,180
2025-03-28 15:30:00.000000 UTC,https://www.nile.eg/%D8%A7%D9%84%D9%82%D9%88%D8%A7%D8%AA-%D8%A7%D9%84%D9%85%D8%B3%D9%84%D8%AD%D8%A9-%D8%AA%D9%87%D9%86%D8%A6-%D8%B1%D8%A6%D9%8A%D8%B3-%D8%A7%D9%84%D8%AC%D9%85%D9%87%D9%88%D8%B1%D9%8A%D8%A9-%D8%A8%D9%85-33,النيل – قناة مصر الإخبارية | القوات المسلحة تهنئ رئيس الجمهورية بمناسبة حلول عيد الفطر المبارك,INSURGENT FORCE,,Egypt,4.08163265306123,51
2025-03-28 15:30:00.000000 UTC,https://www.nile.eg/%D9%88%D8%B2%D9%8A%D8%B1-%D8%A7%D9%84%D8%AF%D9%81%D8%A7%D8%B9-%D8%A7%D9%84%D8%A5%D8%B3%D8%B1%D8%A7%D8%A6%D9%8A%D9%84%D9%89-%D8%B9%D9%84%D9%89-%D8%A7%D9%84%D8%AD%D9%83%D9%88%D9%85%D8%A9-%D8%A7%D9%84,النيل – قناة مصر الإخبارية | وزير الدفاع الإسرائيلى: على الحكومة اللبنانية فرض تطبيق وقف إطلاق النار وإلا سنفرضه نحن,MALE,ISRAELI,Israel,-3.65853658536586,190
2025-03-28 15:30:00.000000 UTC,https://www.kul-alarab.com/Article/1104573,رئيس الوزراء اللبناني يحذر من تصاعد التوتر العسكري في الجنوب,LEBANON,,Israel,-2.75229357798165,50
2025-03-28 15:30:00.000000 UTC,https://www.nile.eg/%D9%88%D8%B2%D9%8A%D8%B1-%D8%A7%D9%84%D8%AF%D8%A7%D8%AE%D9%84%D9%8A%D8%A9-%D9%8A%D8%AC%D8%AA%D9%85%D8%B9-%D8%A8%D8%B9%D8%AF%D8%AF-%D9%85%D9%86-%D8%A7%D9%84%D9%82%D9%8A%D8%A7%D8%AF%D8%A7%D8%AA-%D8%A7,النيل – قناة مصر الإخبارية | وزير الداخلية يجتمع بعدد من القيادات الأمنية لمتابعة إجراءات تأمين احتفالات المواطنين بالأعياد,INTERIOR MINIST,CITIZEN,Egypt,0.41152263374486,51
2025-03-28 15:30:00.000000 UTC,https://www.nile.eg/%D8%A7%D9%84%D8%B1%D8%A6%D9%8A%D8%B3-%D8%A7%D9%84%D9%84%D8%A8%D9%86%D8%A7%D9%86%D9%89-%D8%B9%D9%88%D8%AF%D8%A9-%D8%A7%D9%84%D8%A7%D8%B9%D8%AA%D8%AF%D8%A7%D8%A1%D8%A7%D8%AA-%D8%A7%D9%84%D8%A5%D8%B3,النيل – قناة مصر الإخبارية | الرئيس اللبنانى: عودة الاعتداءات الإسرائيلية على بلادنا تمثل انتهاكا لاتفاق وقف إطلاق النار,PLAN INTERNATIONAL,,Lebanon,-2.41935483870968,71
2025-03-28 15:45:00.000000 UTC,https://el-balad.com/95348,وزير الداخلية يبحث مع القيادات الأمنية خطط تأمين احتفالات عيد الفطر وأعياد شم النسيم وتحرير سيناء,MINIST,,Egypt,1.24223602484472,60
2025-03-28 16:00:00.000000 UTC,http://www.elbrqnews.com/New-News/303132.html,رئيس الوزراء اللبناني يدين استهداف إسرائيل للضاحية الجنوبية لبيروت,LEBANESE,ISRAEL,Israel,-6.9672131147541,111
2025-03-28 16:00:00.000000 UTC,https://www.almanar.com.lb/13308231,الرئيس عون من باريس: نحتاج إلى منطقة تنعم بالسلام… وعلى “إسرائيل” الانسحاب وتحرير الأسرى,SYRIAN,,Syria,-4.33212996389892,71
2025-03-28 16:15:00.000000 UTC,https://www.albawabhnews.com/5175840,الرئيس اللبناني: عودة الاعتداءات الإسرائيلية على بلادنا تمثل انتهاكا لاتفاق وقف إطلاق النار,LEBANON,FRENCH,Lebanon,-2.46913580246914,40
2025-03-28 16:15:00.000000 UTC,https://www.albawabhnews.com/5175844,الرئيس اللبناني: خيارنا الوحيد الانسحاب الإسرائيلي وإعادة الأسرى وترسيم الحدود بالدبلوماسية,ISRAEL,LEBANON,Lebanon,-2.7431421446384,173
2025-03-28 16:15:00.000000 UTC,https://www.elfagr.org/5142079,وزير الدفاع الإسرائيلي يوجه كلمة تحذيرية لحكومة وسكان لبنان ويتوعد بقصف بيروت,ISRAELI,LEBANON,"Beirut, Beyrouth, Lebanon",-1.67597765363128,190
2025-03-28 16:15:00.000000 UTC,https://www.elfagr.org/5142073,رئيس امتحانات الثانوية العامة: عقد الامتحانات في الجامعات لا يزال قيد الدراسة,UNIVERSITY,,Egypt,3.05676855895197,70
2025-03-28 16:30:00.000000 UTC,https://bokra.net/Article-1566350,رئيس بلدية إسطنبول يأسف لعدم وجود رد فعل قوي من الزعماء الغربيين على اعتقاله,PRESIDENT,ISTANBUL,"Istanbul, Istanbul, Turkey",-5.01089324618737,175
2025-03-28 16:45:00.000000 UTC,http://www.elbrqnews.com/New-News/303179.html,الرئيس اللبناني: خيارنا الوحيد الانسحاب الإسرائيلي وإعادة الأسرى وترسيم الحدود بالدبلوماسية,ISRAELI,LEBANON,Lebanon,-2.93398533007335,173
2025-03-28 16:45:00.000000 UTC,https://www.ami.mr/archives/224487,نقابة الصحفيين الموريتانيين تشيد بمكرمة رئيس الجمهورية لإعانة أسر الإعلاميين الراحلين - الوكالة الموريتانية للأنباء,MAURITANIA,PRESIDENT,"Radha, Ash Sharqiyah, Saudi Arabia",7.80780780780781,51
2025-03-28 16:45:00.000000 UTC,https://www.ami.mr/archives/224484,وزير العدل يشرف على انطلاق رقمنة صحيفة السوابق العدلية - الوكالة الموريتانية للأنباء,NEWSPAPER,,"Tabriz, Az¯arbayjan-e Sharqi, Iran",6.87679083094556,20
2025-03-28 17:00:00.000000 UTC,https://www.nile.eg/%D9%88%D8%B2%D9%8A%D8%B1-%D8%A7%D9%84%D8%AE%D8%A7%D8%B1%D8%AC%D9%8A%D8%A9-%D9%8A%D8%A8%D8%AD%D8%AB-%D9%87%D8%A7%D8%AA%D9%81%D9%8A%D8%A7-%D9%85%D8%B9-%D9%86%D8%B8%D9%8A%D8%B1%D9%87-%D8%A7%D9%84%D8%B3-2,النيل – قناة مصر الإخبارية | وزير الخارجية يبحث هاتفيا مع نظيره السعودى تطورات الجهود المصرية-القطرية الجارية لتثبيت وقف إطلاق النار فى غزة,FOREIGN MINIST,SAUDI ARABIA,"Cairo, Al Qahirah, Egypt",-1.04712041884817,41
2025-03-28 17:00:00.000000 UTC,https://www.dostor.org/5016437,وزير الخارجية: اتصالات مصرية عاجلة لوقف التصعيد الإسرائيلى فى لبنان,LEBANESE,ISRAELI,"Beirut, Beyrouth, Lebanon",-6.22222222222222,190
2025-03-28 17:30:00.000000 UTC,https://www.okaz.com.sa/news/politics/2190320,الرئيس السوري: الوجود الإسرائيلي في أرضنا يمثل تهديداً للسلام الإقليمي,SYRIA,SYRIA,Syria,-1.83639398998331,36
2025-03-28 17:30:00.000000 UTC,http://www.elbrqnews.com/New-News/303246.html,الفريق أول / عبد المجيد صقر القائد العام للقوات المسلحة وزير الدفاع والإنتاج الحربى يشارك مقاتلى الجيش الثالث الميدانى وقوات شرق القناة لمكافحة الإرهاب تناول وجبة الإفطار,GENERALISSIMO,,Egypt,-1.02564102564103,190
2025-03-28 18:00:00.000000 UTC,https://www.saidaonline.com/301677,وزير خارجية مصر باتصال مع نواف سلام: اتصالات مصرية عاجلة لوقف التصعيد الإسرائيلي في لبنان | صيدا اون لاين,MINIST,NAWAF SALAM,"Cairo, Al Qahirah, Egypt",-7.82122905027932,46
2025-03-28 18:00:00.000000 UTC,https://3yonnews.com/1939140,رئيس لبنان: 24% من النازحين السوريين يرغبون في العودة لبلادهم وبحاجة لخطة دولية,SYRIAN,LEBANON,Egypt,-2.38095238095238,71
2025-03-28 18:00:00.000000 UTC,https://www.dostor.org/5016485,الرئيس السيسى يجرى اتصالًا هاتفيًا بشيخ الأزهر للاطمئنان على حالته الصحية,EGYPT,PRESIDENT,Egypt,11.8181818181818,51
2025-03-28 18:00:00.000000 UTC,https://www.saidaonline.com/301675,سلام اتصل بالرئيس عون وبري وأورتاغوس وآخرين بسياق المساعي لوقف التصعيد الإسرائيلي | صيدا اون لاين,ISRAELI,CABINET,Israel,-1.31578947368421,43
2025-03-28 18:15:00.000000 UTC,http://www.elbrqnews.com/New-News/303279.html,الرئيس السيسي يجري اتصالا هاتفيّا بشيخ الأزهر للاطمئنان على صحته,EGYPT,PRESIDENT,Egypt,13.3720930232558,41
2025-03-28 18:15:00.000000 UTC,https://www.mena.org.eg:443/ar/news/dbcall/table/webnews/id/11119335,الرئاسة: الرئيس السيسي يجري اتصالًا هاتفيًا بشيخ الأزهر الشريف للاطمئنان على حالته الصحية - Welcome to Middle East News Agency,IMAM,PRESIDENT,"Cairo, Al Qahirah, Egypt",10.4477611940299,51
2025-03-28 18:30:00.000000 UTC,http://www.elbrqnews.com/New-News/303350.html,الرئيس الإماراتي يجري اتصالا هاتفيا بشيخ الأزهر,PRESIDENT,,Yemen,9.45945945945942,41
2025-03-28 18:30:00.000000 UTC,https://www.vetogate.com/5378251,"وزير قطاع الأعمال يعقد اجتماعًا لمتابعة إجراءات الاستغلال الأمثل لمبنى ""قصر القطن"" بالإسكندرية",MINIST,,"Alexandria, Al Iskandariyah, Egypt",3.03167420814479,46
2025-03-28 18:30:00.000000 UTC,https://www.vetogate.com/5378270,وزير الدفاع يشارك مقاتلى الجيش الثالث الميدانى وقوات شرق القناة لمكافحة الإرهاب الإفطار,ARMED FORCES,EGYPT,Egypt,-4.3859649122807,190
2025-03-28 18:45:00.000000 UTC,http://www.elbrqnews.com/New-News/303382.html,رئيس الإمارات يبحث تعزيز التعاون مع رئيس وزراء الجبل الأسود ويوقع اتفاقيات رئيسية,ABU DHABI,,United Arab Emirates,5.0,46
2025-03-28 18:45:00.000000 UTC,https://www.tayyar.org/News/Lebanon/658804/_guid=658804,حبيب أطلع وزير الاقتصاد على مشاريع مصرف الإسكان زيارة قريبة لقطر لاستكمال المباحثات,,BANK,Qatar,2.15827338129496,43
2025-03-28 18:45:00.000000 UTC,https://alyaoum24.com/1956412.html,مجلس الحكومة يصادق على مشروع مرسوم يتعلق بإحداث منطقة التسريع الصناعي لعين جوهرة,GOVERNMENT,,"Riyadh, Ar Riya?, Saudi Arabia",0.79365079365079,100
2025-03-28 19:00:00.000000 UTC,https://www.albawabhnews.com/5175909,ولي العهد السعودي ورئيس مجلس السيادة السوداني يبحثان مستجدات الأوضاع في السودان,PRESIDENT,SUDAN,"Mecca, Makkah, Saudi Arabia",5.71428571428571,40
2025-03-28 20:15:00.000000 UTC,https://www.azzaman.com/%D9%84%D9%85%D8%A7%D8%B0%D8%A7-%D8%A7%D9%84%D8%AE%D8%AF%D8%A7%D8%B9-%D9%88%D8%A7%D9%84%D9%85%D9%83%D8%B1-%D9%8A%D8%A7-%D8%B1%D8%A6%D9%8A%D8%B3-%D8%A7%D9%84%D9%88%D8%B2%D8%B1%D8%A7%D8%A1%D8%9F-%D9%88/,لماذا الخداع والمكر يا رئيس الوزراء؟ – وليد الشطري,IRAQ,SHIA,Iraq,-5.26315789473684,10
2025-03-28 20:30:00.000000 UTC,https://www.nna-leb.gov.lb/ar/%D8%B3%D9%8A%D8%A7%D8%B3%D8%A9/769132,الوكالة الوطنية للإعلام - قمة لبنانية - فرنسية في الاليزيه وماكرون وعون اجتمعا مع نظيرهما القبرصي ورئيس وزراء اليونان وبالشرع عبر الفيديو رئيس الجمهورية ناشد اصدقاء لبنان التحرك سريعاً لوقف التدهور الرئيس الفرنسي: قصف بيروت غير مقبول ويجب انسحاب الجيش الإسرائيلي من المواقع ال 5,SYRIAN,PRESIDENT,Syria,-0.27705947543406,46
2025-03-28 20:30:00.000000 UTC,https://www.wafa.ps/Pages/Details/117942,مفوضية الأمم المتحدة لحقوق الإنسان تعبر عن قلقها حيال سياسة التهجير القسري في غزة,UNHCR,ISRAELI,"Gaza, Israel (general), Israel",-14.6519120324976,166
2025-03-28 20:30:00.000000 UTC,https://bokra.net/Article-1566376,وزيرا خارجية مصر والسعودية يبحثان تثبيت وقف النار في غزة والعودة لاتفاق يناير,,SAUDI ARABIA,"Riyadh, Ar Riya?, Saudi Arabia",1.67597765363128,40
2025-03-28 20:30:00.000000 UTC,https://arabic.euronews.com/2025/03/28/lebanon-france-joseph-aoun-emmanuel-macron-ceasefire-hezbollah-israel-beirut,ماكرون بعد لقائه الرئيس اللبناني: لا مبرر للقصف الإسرائيلي على بيروت والهجوم يخدم مصالح حزب الله,INTERNATIONAL COMMUNITY,,Israel,-3.61663652802893,12
2025-03-28 20:45:00.000000 UTC,https://el-balad.com/95381,رئيس الإمارات يجري اتصالًا هاتفيًا بشيخ الأزهر للاطمئنان على صحته,MUSLIM,IMAM,United Arab Emirates,11.875,43
2025-03-28 21:00:00.000000 UTC,https://www.shorouknews.com/news/view.aspx?cdate=28032025&id=1d1f6356-6db6-4125-a07d-a1809cf05278,بعد قصف الضاحية.. واشنطن: الحكومة اللبنانية مسئولة عن نزع سلاح حزب الله,LEBANESE,LEBANON,Israel,-2.07253886010363,873
2025-03-28 21:15:00.000000 UTC,https://www.almanar.com.lb/13309056,الرئيس عون عاد من فرنسا,,FRENCH,"Beirut, Beyrouth, Lebanon",-4.16666666666667,46
2025-03-28 21:30:00.000000 UTC,https://sarabic.ae/20250328/1099043494.html,وفد مصري إلى الدوحة لبحث مفاوضات غزة.. وتحذير أممي من مجاعة، وزيرا دفاع لبنان وسوريا يبحثان في جدة وقف الاشتباكات,ISRAEL,EGYPTIAN,"Doha, Ad Daw?ah, Qatar",-3.35570469798657,40
2025-03-28 21:45:00.000000 UTC,https://palinfo.com/news/2025/03/28/945439/,"""حماس"" خارج رئاسة الحكومة.. موقف وطني يتجاوز حسابات السياسة",GAZA,,"Cairo, Al Qahirah, Egypt",-2.61682242990654,80
2025-03-28 22:00:00.000000 UTC,https://www.3yonnews.com/1939150,"زيارة أمريكية مثيرة للجدل.. رئيس وزراء غرينلاند ينتقد ""قلة احترام"" فانس",GOVERNMENT,MILITARY BASE,Saudi Arabia,2.23463687150838,42
2025-03-28 22:00:00.000000 UTC,http://www.elbrqnews.com/New-News/303664.html,الرئيس السيسي يطمئن على صحة شيخ الأزهر في اتصال هاتفي,EGYPT,PRESIDENT,Egypt,14.5833333333333,41
2025-03-28 22:00:00.000000 UTC,https://www.lebanondebate.com/article/691375-%D8%B9%D9%88%D8%AF%D8%A9-%D8%A7%D9%84%D8%B1%D8%A6%D9%8A%D8%B3-%D8%B9%D9%88%D9%86-%D8%A5%D9%84%D9%89-%D8%A8%D9%8A%D8%B1%D9%88%D8%AA,عودة الرئيس عون إلى بيروت,,FRENCH,Syria,-0.68493150684932,46
2025-03-28 22:15:00.000000 UTC,https://www.mena.org.eg:443/ar/news/dbcall/table/webnews/id/11119446,الرئيس السيسي والشيخ محمد بن زايد يتبادلان هاتفيا التهنئة بمناسبة عيد الفطر المبارك - Welcome to Middle East News Agency,UNITED ARAB EMIRATES,,United Arab Emirates,7.29166666666667,41
2025-03-29 00:00:00.000000 UTC,https://www.aksalser.com/news/2025/03/29/%D8%A8%D8%B9%D8%AF-%D9%85%D9%83%D8%A7%D9%84%D9%85%D8%A9-%D8%AB%D9%84%D8%A7%D8%AB%D9%8A%D8%A9-%D8%B6%D9%85%D8%AA-%D8%B1%D8%A6%D9%8A%D8%B3-%D9%84%D8%A8%D9%86%D8%A7%D9%86-%D9%85%D8%A7%D9%83%D8%B1/,بعد مكالمة ثلاثية ضمت رئيس لبنان .. ماكرون يبدي استعداده لاستقبال الشرع لكن بشروط - عكس السير,ISRAEL,SYRIA,Israel,-4.21686746987952,72
2025-03-29 01:00:00.000000 UTC,https://www.dostor.org/5016701,"""المؤتمر"": جاهزون لخوض الانتخابات البرلمانية القادمة",PALESTINIAN,ISRAEL,Israel,5.24475524475524,51
2025-03-29 02:30:00.000000 UTC,https://www.fj-p.com/403900/%D8%AE%D8%B1%D8%A7%D8%A8-%D8%A8%D9%8A%D9%88%D8%AA%D8%8C-%D8%AD%D9%83%D9%88%D9%85%D8%A9-%D8%A7%D9%84%D8%A7%D9%86%D9%82%D9%84%D8%A7%D8%A8-%D8%AA%D8%B1%D9%81%D8%B6-%D8%B5%D8%B1%D9%81-%D9%85%D8%B3/,“خراب بيوت”،. حكومة الانقلاب ترفض صرف مستحقات توريد القطن لـ70 ألف فلاح,GOVERNMENT,PEASANT,"Kafr Ad Dawwar, Al Gharbiyah, Egypt",-2.15759849906191,120
2025-03-29 02:30:00.000000 UTC,https://almasdaronline.com/articles/314085,"غداة إعلان ""تحرير كامل الخرطوم"".. رئيس مجلس السيادة السوداني يلتقي محمد بن سلمان في مكة",KHARTOUM,,"Jeddah, Makkah, Saudi Arabia",1.09409190371991,43
2025-03-29 02:45:00.000000 UTC,https://www.kuna.net.kw/ArticleDetails.aspx?id=3224234&Language=ar,"كونا : الرئيس الأمريكي يتوعد إيران بـ ""عواقب وخيمة"" إذا رفضت التفاوض لاتفاق نووي جديد - الشؤون السياسية",IRANIAN,OMAN,"Tehran, Tehran, Iran",-1.82648401826484,40
2025-03-29 07:00:00.000000 UTC,https://www.mena.org.eg:443/ar/news/dbcall/table/textnews/id/11119525,وزير الخارجية يبحث هاتفيا مع نظيره الإماراتي العلاقات المميزة بين البلدين الشقيقين - Welcome to Middle East News Agency,,MINIST,"Cairo, Al Qahirah, Egypt",-0.671140939597315,41
2025-03-29 07:30:00.000000 UTC,https://www.nile.eg/%D8%A7%D9%84%D8%B1%D8%A6%D9%8A%D8%B3-%D8%A7%D9%84%D8%B3%D9%8A%D8%B3%D9%89-%D9%88%D8%A7%D9%84%D8%B4%D9%8A%D8%AE-%D9%85%D8%AD%D9%85%D8%AF-%D8%A8%D9%86-%D8%B2%D8%A7%D9%8A%D8%AF-%D9%8A%D8%AA%D8%A8%D8%A7,النيل – قناة مصر الإخبارية | الرئيس السيسى والشيخ محمد بن زايد يتبادلان هاتفيا التهنئة بمناسبة عيد الفطر المبارك,EGYPT,,United Arab Emirates,6.48148148148148,41
2025-03-29 07:30:00.000000 UTC,https://www.nile.eg/%D9%88%D8%B2%D9%8A%D8%B1-%D8%A7%D9%84%D8%AE%D8%A7%D8%B1%D8%AC%D9%8A%D8%A9-%D9%8A%D8%A8%D8%AD%D8%AB-%D9%87%D8%A7%D8%AA%D9%81%D9%8A%D8%A7-%D9%85%D8%B9-%D9%86%D8%B8%D9%8A%D8%B1%D9%87-%D8%A7%D9%84%D8%A5-2,النيل – قناة مصر الإخبارية | وزير الخارجية يبحث هاتفيا مع نظيره الإماراتى العلاقات المميزة بين البلدين الشقيقين,EMIRATI,FOREIGN MINIST,"Cairo, Al Qahirah, Egypt",-0.662251655629141,41
2025-03-29 07:30:00.000000 UTC,https://www.nna-leb.gov.lb/ar/%D8%A5%D9%82%D8%AA%D8%B5%D8%A7%D8%AF/769183,"الوكالة الوطنية للإعلام - رئيسة ""الهيئة اللبنانية للعقارات"" دعت الى نشر قانون أماكن الايجارات غير السكنية في الجريدة الرسمية",LEBANESE,PRESIDENT,Lebanon,0.900900900900901,50
2025-03-29 08:00:00.000000 UTC,https://www.dostor.org/5016877,عائلات المحتجزين الإسرائيليين: حكومة نتنياهو متخاذلة تدير ظهرها لذوينا.. وندعو للنزول للشوارع,CITIZEN,ISRAELI,"Gaza, Israel (general), Israel",-9.88372093023256,141
2025-03-29 08:15:00.000000 UTC,https://www.shorouknews.com/news/view.aspx?cdate=29032025&id=48524048-9611-4f52-8e11-f3f049a59cff,رئيس سيراليون يشيد بحكمة ورؤية الرئيس السيسي لتنمية إفريقيا,EGYPT,SIERRA LEONE,"Cairo, Al Qahirah, Egypt",2.90697674418605,43
2025-03-29 08:15:00.000000 UTC,https://www.nile.eg/%D9%88%D8%B2%D9%8A%D8%B1-%D8%A7%D9%84%D8%B1%D9%89-%D9%8A%D8%A8%D8%AD%D8%AB-%D8%A7%D8%B3%D8%AA%D8%B9%D8%AF%D8%A7%D8%AF%D8%A7%D8%AA-%D9%88%D8%AC%D8%A7%D9%87%D8%B2%D9%8A%D8%A9-%D8%A3%D8%AC%D9%87%D8%B2,النيل – قناة مصر الإخبارية | وزير الرى يبحث استعدادات وجاهزية أجهزة الوزارة خلال أجازة عيد الفطر,HANI,EGYPT,"Nahr An Nil, Egypt (general), Egypt",-1.57068062827225,90
2025-03-29 08:30:00.000000 UTC,https://www.dostor.org/5016880,"نائب الرئيس الأمريكى يقترح على ترامب إقالة مستشار الأمن القومى بسبب ""فضيحة سيجنال""",DEPUTY,UNITED STATES,"Cairo, Al Qahirah, Egypt",-9.25925925925926,20
2025-03-29 08:30:00.000000 UTC,https://www.tayyar.org/News/Lebanon/658854/_guid=658854,وزيرة الشؤون تكشف نسبة اللبنانيين تحت خط الفقر...,LEBANON,,Lebanon,0.3062787136294,51
2025-03-29 09:00:00.000000 UTC,https://www.dostor.org/5016936,وزيرة التنمية المحلية تهنئ الرئيس السيسى بحلول عيد الفطر المبارك,SECRETARY OF STATE,EGYPT,Egypt,15.2,51
2025-03-29 09:15:00.000000 UTC,https://www.kuna.net.kw/ArticleDetails.aspx?id=3224243&Language=ar,كونا : وزيرا خارجية مصر والإمارات يبحثان هاتفيا تطورات عدد من القضايا العربية والإفريقية - الشؤون السياسية,EGYPTIAN,MINIST,"Cairo, Al Qahirah, Egypt",-0.649350649350651,41
2025-03-29 09:15:00.000000 UTC,https://www.elfagr.org/5142280,وزيرة البيئة ترفع حالة الاستعداد لاستقبال الزوار بالمحميات الطبيعية,NAVY,,Egypt,8.47880299251871,72
2025-03-29 09:15:00.000000 UTC,https://arabic.euronews.com/2025/03/29/turkey-arrests-swedish-journalist-covering-protests-accused-terrorism-insulting-president,"تركيا تعتقل صحفيا سويديا أثناء تغطيته للاحتجاجات وتوجه له تهمة ""الإرهاب وإهانة الرئيس""",BRITISH,,"Istanbul, Istanbul, Turkey",-10.3321033210332,173
2025-03-29 09:15:00.000000 UTC,http://www.elbrqnews.com/New-News/304035.html,وزير الإنتاج الحربي: حريصون على الاستثمار في العنصر البشري,MINIST,WORKER,Egypt,4.71204188481675,40
2025-03-29 09:15:00.000000 UTC,http://www.elbrqnews.com/New-News/304039.html,رئيس نقابة البترول يهنئ الرئيس السيسي وشعب مصر بمناسبة حلول عيد الفطر المبارك,WORKER,,Egypt,10.8870967741935,42
2025-03-29 09:30:00.000000 UTC,https://www.vetogate.com/5378550,وزير الاستثمار يلتقى رئيس شركة سامسونج لاستعراض مشروعات الشركة بالسوق المصري,EGYPT,INVESTOR,Egypt,5.59284116331096,36
2025-03-29 09:30:00.000000 UTC,https://www.alwatanvoice.com/arabic/news/2025/03/29/1544234.html,"عائلات أسرى الاحتلال تتهم الحكومة ""بالتخاذل"" وتدعو للنزول للشوارع",PRISONER,GOVERNMENT,Israel,-10.2941176470589,112
2025-03-29 09:30:00.000000 UTC,https://www.dostor.org/5016970,فضائح حكومة الاحتلال الإسرائيلي.. تحقيقات جنائية مع وزراء نتنياهو بتهم الفساد والاختلاس,POLICE,CHANCELLOR,"Jerusalem, Israel (general), Israel",-6.6167290886392,111
2025-03-29 09:30:00.000000 UTC,https://www.vetogate.com/5377013,إسرائيل تواصل سياسة التهجير منذ 1948.. رفعت سيد أحمد: الاحتلال يعتمد استراتيجية «الإغراء أو الإبادة».. طارق فهمي: تل أبيب قد تلجأ لطرد أعداد محدودة لاختبار ردود الأفعال الدولية,,EGYPTIAN,"Gaza, Israel (general), Israel",-5.33980582524272,130
2025-03-29 10:00:00.000000 UTC,https://www.vetogate.com/5378610,تفاصيل الزيارة الناجحة لمصر، رئيس سيراليون يشيد بحكمة ورؤية السيسي لتنمية إفريقيا (فيديو وصور),PRESIDENT,,"Sadat City, Al Bu?ayrah, Egypt",3.36956521739131,84
2025-03-29 10:30:00.000000 UTC,https://www.elwatannews.com/news/details/8060375,سفير مصر في أكرا يلتقي وزير الصحة الغاني لبحث تيسير تسجيل ال - الوطن,EGYPTIAN,GHANA,Egypt,9.32203389830512,70
2025-03-29 10:30:00.000000 UTC,https://www.elwatannews.com/news/details/8060411,الرئيس السيسي يتلقى اتصالا هاتفيا من عاهل الأردن للتهنئة بعي - الوطن,JORDAN,PRESIDENT,Jordan,8.79120879120879,41
2025-03-29 10:45:00.000000 UTC,https://www.dostor.org/5017107,البرلمان العربي يطالب المجتمع الدولي بالتصدي لمخطط التهجير,INTERNATIONAL COMMUNITY,,Gaza Strip,1.21654501216545,10
2025-03-29 10:45:00.000000 UTC,https://www.vetogate.com/5378609,أهالي الصعيد كانوا بيتعالجوا في القاهرة، أبرز تصريحات وزير الصحة في المنيا,EGYPT,HOSPITAL,"Cairo, Al Qahirah, Egypt",1.35746606334842,42
2025-03-29 10:45:00.000000 UTC,https://www.dostor.org/5017100,موعد إجازة عيد الفطر 2025 للعاملين بالقطاع العام وفقًا لقرار رئيس الوزراء,,WORKER,"Cairo, Al Qahirah, Egypt",4.46927374301676,42
2025-03-29 10:45:00.000000 UTC,https://www.vetogate.com/5378489,تنتهي 30 يونيو المقبل، تفاصيل توصيات البرلمان للحكومة بشأن الموازنة العامة الحالية,ACTOR,,"Wizarat Al Maliyah, Al Qahirah, Egypt",2.55427841634739,90
2025-03-29 11:00:00.000000 UTC,https://www.vetogate.com/5378663,وزير الصحة يوجه بزيادة أعداد تمريض الغسيل الكلوي بمستشفى العدوة بالمنيا,MINIST,HOSPITAL,"Minya, Al Minya, Egypt",2.0501138952164,90
2025-03-29 11:00:00.000000 UTC,https://www.dostor.org/5017148,فضيحة جديدة لإدارة ترامب: وزير الدفاع الأمريكى يصطحب زوجته فى اجتماعات سرية,MINIST,BATTLESHIP,Yemen,-7.78097982708934,36
2025-03-29 11:15:00.000000 UTC,http://www.elbrqnews.com/New-News/304290.html,وزير الصحة ومحافظ المنيا يتفقدان مستشفى العدوة المركزي ويوجه بزيادة أعداد التمريض بقسم الغسيل الكلوي,EGYPT,,"Muhafazat Al Minya, Al Minya, Egypt",1.78970917225951,42
2025-03-29 11:15:00.000000 UTC,https://www.dostor.org/5016993,بعد فضيجة سيجنال.. زوجة وزير الدفاع الأمريكى تحضر اجتماعات رسمية تناقش معلومات حساسة,MINIST,,Yemen,-1.89873417721519,42
2025-03-29 11:15:00.000000 UTC,https://www.elfagr.org/5142326,توجيه عاجل من وزيرة البيئة بشأن عيد الفطر المبارك,CITIZEN,,"Giza, Al Jizah, Egypt",1.90114068441064,17
2025-03-29 11:15:00.000000 UTC,http://www.elbrqnews.com/New-News/304258.html,نائب رئيس مجلس الوزراء وزير الصحة ومحافظ المنيا يتفقدان مستشفى العدوة المركزي,EGYPT,HOSPITAL,"Minya, Al Minya, Egypt",2.06856350631755,90
2025-03-29 11:15:00.000000 UTC,http://www.elbrqnews.com/New-News/304282.html,بعد خطأ «سيغنال».. «وول ستريت جورنال»: وزير الدفاع الأمريكي يصطحب زوجته لاجتماعات حساسة,MILITARY OFFICIAL,,Yemen,-0.51679586563308,40
2025-03-29 11:45:00.000000 UTC,https://www.kuna.net.kw/ArticleDetails.aspx?id=3224254,كونا : البرلمان العربي يؤكد ثبات موقفه الداعم لنيل الشعب الفلسطيني حقوقه كافة - الشؤون السياسية,,PARLIAMENT,"Jerusalem, Israel (general), Israel",2.56410256410256,43
2025-03-29 11:45:00.000000 UTC,https://www.mena.org.eg:443/ar/news/dbcall/table/webnews/id/11119794,الرئيس السيسي يتلقى اتصالا من عاهل الأردن للتهنئة بحلول عيد الفطر المبارك - Welcome to Middle East News Agency,JORDAN,JORDAN,Jordan,9.34579439252336,41
2025-03-29 11:45:00.000000 UTC,https://www.mena.org.eg:443/ar/news/dbcall/table/textnews/id/11119542,رئيس سيراليون يشيد بالزيارة الناجحة لمصر وبحكمة ورؤية الرئيس السيسي لتنمية إفريقيا - Welcome to Middle East News Agency,SIERRA LEONE,EGYPT,"Cairo, Al Qahirah, Egypt",2.99727520435968,42
2025-03-29 12:00:00.000000 UTC,https://www.alnilin.com/13371587.htm,«لديكم رئيس يحبكم في البيت الأبيض».. ترامب في رسالة للمسلمين – النيلين,MICHIGAN,MUSLIM,Egypt,6.34146341463415,70
2025-03-29 12:15:00.000000 UTC,https://www.dostor.org/5017238,وزير الصحة يتفقد نقطة إسعاف سريع ووحدة مركز طب أسرة مغاغة بالمنيا,MINIST,,"Minya, Al Minya, Egypt",3.18559566334648,90
2025-03-29 12:15:00.000000 UTC,https://www.dostor.org/5017261,وزير الصحة يوجه بتكثيف حملات طرق الأبواب للتوعية بأهمية الصحة الإنجابية,MINIST,,"Minya, Al Minya, Egypt",3.25775862173912,42
2025-03-29 12:15:00.000000 UTC,https://www.vetogate.com/5378684,وزيرة البيئة تعلن رفع حالة الاستعداد بالمحميات الطبيعية لاستقبال زوار عيد الفطر,MINIST,,Egypt,8.4931506849315,72
2025-03-29 12:15:00.000000 UTC,https://www.dostor.org/5017171,وكيل دفاع الشيوخ يهنئ الرئيس السيسي والأمة العربية والإسلامية بعيد الفطر المبارك,EGYPT,,Israel,5.12820512820513,51
2025-03-29 12:15:00.000000 UTC,https://www.vetogate.com/5378694,وزير الصحة يتفقد سير العمل بنقطة إسعاف مغاغة في المنيا,MINIST,EGYPT,"Minya, Al Minya, Egypt",3.2520325203252,90
2025-03-29 12:30:00.000000 UTC,https://www.vetogate.com/5378714,وزيرة التخطيط: الاقتصادات الناشئة تمثل 44 % من الناتج المحلي الإجمالي العالمي,EGYPT,,Egypt,-0.036911159910394,71
2025-03-29 12:30:00.000000 UTC,http://www.elbrqnews.com/New-News/304464.html,الرئيس عون: لبنان دخل مرحلة جديدة بعد عقود من العنف والحروب,LEBANON,,Lebanon,-1.74672489082969,51
2025-03-29 12:30:00.000000 UTC,https://www.okaz.com.sa/news/politics/2190374,عائلات الأسرى الإسرائيليين تتهمها بالتخاذل.. حكومة نتنياهو تفقد الثقة الشعبية,ISRAELI,ISRAEL,"Gaza, Israel (general), Israel",-8.64553314121034,112
2025-03-29 12:45:00.000000 UTC,https://www.dostor.org/5017131,وزير الكهرباء يبرئ أعضاء لجنة التظلمات بشركة مصر الوسطى: جزاءات القابضة شابها الغلو(مستند),COMPANY,EGYPT,"Bani Ali, Al Minya, Egypt",-6.70985654789449,42
2025-03-29 12:45:00.000000 UTC,https://www.dostor.org/5017304,رئيس المجلس الأعلى للطرق الصوفية يهنئ الرئيس السيسي بعيد الفطر,,SUFI,Yemen,10.4046242774566,43
2025-03-29 13:00:00.000000 UTC,https://www.nile.eg/%D8%A7%D9%84%D8%B1%D8%A6%D9%8A%D8%B3-%D8%A7%D9%84%D8%B3%D9%8A%D8%B3%D9%89-%D9%88%D9%86%D8%B8%D9%8A%D8%B1%D9%87-%D8%A7%D9%84%D8%AA%D8%B1%D9%83%D9%89-%D9%8A%D8%AA%D8%A8%D8%A7%D8%AF%D9%84%D8%A7%D9%86,النيل – قناة مصر الإخبارية | الرئيس السيسى ونظيره التركى يتبادلان التهانى بمناسبة عيد الفطر المبارك,TURKISH,TURKEY,Turkey,9.18367346938776,41
2025-03-29 13:00:00.000000 UTC,https://www.nile.eg/%D9%88%D8%B2%D9%8A%D8%B1-%D8%A7%D9%84%D8%B5%D8%AD%D8%A9-%D9%8A%D8%AA%D9%81%D9%82%D8%AF-%D9%86%D9%82%D8%B7%D8%A9-%D8%A5%D8%B3%D8%B9%D8%A7%D9%81-%D8%B3%D8%B1%D9%8A%D8%B9-%D9%88%D9%88%D8%AD%D8%AF%D8%A9,النيل – قناة مصر الإخبارية | وزير الصحة يتفقد نقطة إسعاف سريع ووحدة مركز طب أسرة مغاغة بمحافظة المنيا,,MINIST,"Cairo, Al Qahirah, Egypt",3.43434343434343,43
2025-03-29 13:00:00.000000 UTC,https://www.tayyar.org/News/Lebanon/658882/_guid=658882,لجنة المستأجرين استنكرت إصرار الحكومة على نشر قانون الإيجارات,TENANTS,GOVERNMENT,Lebanon,-2.84360189573459,111
2025-03-29 13:00:00.000000 UTC,https://www.albawabhnews.com/5176148,وزير الإنتاج الحربي: الصناعة داعم رئيسي للاقتصاد ونتطلع لمزيد من الإنجازات بالمرحلة المقبلة,GOVERNANCE,,Egypt,6.30630630630631,70
2025-03-29 13:00:00.000000 UTC,https://www.nile.eg/%D9%88%D8%B2%D9%8A%D8%B1-%D8%A7%D9%84%D9%86%D9%82%D9%84-%D9%81%D8%AA%D8%AD-%D9%83%D9%88%D8%A8%D8%B1%D9%89-%D8%A7%D9%84%D8%B9%D8%A7%D9%85%D8%B1%D9%8A%D8%A9-%D9%84%D9%84%D9%82%D8%A7%D8%AF%D9%85-%D9%85,النيل – قناة مصر الإخبارية | وزير النقل: فتح كوبرى العامرية للقادم من الإسكندرية باتجاه القاهرة تزامنا مع عيد الفطر,ALEXANDRIA,,"Alexandria, Al Iskandariyah, Egypt",-0.904959474310366,80
2025-03-29 13:15:00.000000 UTC,http://www.elbrqnews.com/New-News/304512.html,استقالة رئيسة جامعة كولومبيا المؤقتة بعد رضوخ الجامعة لمطالب ترامب,COLOMBIA,,Israel,-2.64705882352941,10
2025-03-29 13:30:00.000000 UTC,https://www.alahednews.com.lb/fastnewsdetails.php?fstid=304769,لبنان| الرئيس بري يعتذر عن عدم تقبل التهاني بعيد الفطر: نسأله تعالى أن يعيد رمضان وحدة وتراحمًا وتعاضدًا وتعاونًا,PRESIDENT,,Lebanon,0.6993006993007,55
2025-03-29 13:30:00.000000 UTC,https://www.alahednews.com.lb/fastnewsdetails.php?fstid=304773,لبنان| الرئيس بري تابع تطورات الأوضاع العامة والمستجدات خلال استقباله السفير الإيراني والمدير العام للأمن العام,PRESIDENT,IRAQI,Iraq,2.74725274725275,41
2025-03-29 13:30:00.000000 UTC,https://www.alahednews.com.lb/fastnewsdetails.php?fstid=304774,العراق| رئيس مجلس الوزراء محمد شياع السوداني في اتصال هاتفي مع رئيس مجلس النواب نبيه بري: الموافقة على تزويد لبنان بالوقود لمدة ستة أشهر,LEBANON,SUDAN,Iraq,-1.44927536231884,70
2025-03-29 13:45:00.000000 UTC,https://imn.iq/archives/117147,وزير الصحة يتفقد مستشفى الرشاد التدريبي في بغداد | شبكة الإعلام العراقي,IRAQ,MINIST,"Baghdad, Baghdad, Iraq",5.55555555555556,40
2025-03-29 13:45:00.000000 UTC,https://www.vetogate.com/5378756,وماذا لو لم يتدخل الرئيس!,EGYPT,,Egypt,-3.65591397849463,110
2025-03-29 13:45:00.000000 UTC,https://imn.iq/archives/117155,رئيس الوزراء يؤكد دعم العراق لأمن واستقرار لبنان والمساهمة في إعماره | شبكة الإعلام العراقي,MINIST FOR SECURITY,IRAQ,"Beirut, Beyrouth, Lebanon",0.0,42
2025-03-29 13:45:00.000000 UTC,https://www.dostor.org/5017364,محافظ كفرالشيخ يهنئ الرئيس السيسى بمناسبة عيد الفطر,,GOVERNOR,Egypt,9.14285714285716,40
2025-03-29 13:45:00.000000 UTC,https://imn.iq/archives/117132,البرلمان العربي يدعو المجتمع الدولي للتصدي لمخطط تهجير الشعب الفلسطيني | شبكة الإعلام العراقي,INTERNATIONAL COMMUNITY,ISRAEL,"Jerusalem, Israel (general), Israel",1.62790697674419,10
2025-03-29 13:45:00.000000 UTC,https://www.shorouknews.com/news/view.aspx?cdate=29032025&id=b66fcb20-606d-419d-ac9f-0e0d71293ca5,وزير الصحة: تجهيز جميع نقاط الإسعاف على الطرق السريعة بمحافظة المنيا,EGYPT,,"Minya, Al Minya, Egypt",3.8,90
2025-03-29 14:00:00.000000 UTC,https://www.kuna.net.kw/ArticleDetails.aspx?id=3224264&Language=ar,كونا : سمو رئيس مجلس الوزراء يبعث برقية تهنئة إلى ملك المملكة المتحدة بعد نجاح الفحوصات الطبية - عام,KUWAIT,CABINET,Kuwait,16.2162162162162,42
2025-03-29 14:00:00.000000 UTC,https://www.albawabhnews.com/5176182,البرلمان العربي يرفض مخططات تهجير الشعب الفلسطيني,PARLIAMENT,PALESTINIAN,"Jerusalem, Israel (general), Israel",-1.89873417721519,120
2025-03-29 14:15:00.000000 UTC,https://arabic.cnn.com/middle-east/article/2025/03/29/egyptian-and-emirati-foreign-ministers-hold-phone-call,"اتصال هاتفي بين وزيري خارجية مصر والإمارات ""لتكثيف وتيرة التنسيق المشترك""",EGYPTIAN,MINIST,"Wizarat Al Kharijiyah, Al Qahirah, Egypt",0.0,90
2025-03-29 14:45:00.000000 UTC,https://www.dostor.org/5017422,نادر نسيم: لقاء السيسى ورئيس سيراليون يعزز التعاون الإفريقى,SIERRA LEONE,AFRICA,"Bani Suwayf, Bani Suwayf, Egypt",2.45614035087719,50
2025-03-29 15:15:00.000000 UTC,https://www.kuna.net.kw/ArticleDetails.aspx?id=3224276&Language=ar,كونا : الرئيسان التركي والفلسطيني يبحثان اعتداءات الاحتلال الإسرائيلي المتواصلة على فلسطين - الشؤون السياسية,ISRAELI,PALESTINIAN,"Istanbul, Istanbul, Turkey",-2.85714285714286,40
2025-03-29 15:15:00.000000 UTC,https://el-balad.com/95466,وزير الصحة يحدد مهلة لتشغيل وحدة طب أسرة الشيخ زياد في المنيا,MINIST,,"Minya, Al Minya, Egypt",2.55102040816326,139
2025-03-29 15:15:00.000000 UTC,http://www.elbrqnews.com/New-News/304748.html,الرئيس السيسي يتلقى اتصالا هاتفيا من ملك البحرين,PRESIDENT,BAHRAIN,Bahrain,5.88235294117647,41
2025-03-29 15:15:00.000000 UTC,https://www.almanar.com.lb/13311652,الرئيس بري يبحث التطورات مع السفير الإيراني ويشكر العراق على دعم لبنان,ISRAEL,LEBANON,Israel,2.56410256410256,190
2025-03-29 15:30:00.000000 UTC,https://www.shorouknews.com/news/view.aspx?cdate=29032025&id=68e82681-4d1a-4556-9e9c-dc6bb06c9e88,حماس ترفض شرعية الاحتلال في فلسطين.. وحكومة غزة تترقب إدارة مؤقتة وفق المبادرة المصرية,HAMAS,PALESTINE,West Bank,0.0,120
2025-03-29 15:30:00.000000 UTC,https://www.nile.eg/%D9%88%D8%B2%D9%8A%D8%B1-%D8%A7%D9%84%D8%B5%D8%AD%D8%A9-%D9%8A%D8%AA%D9%81%D9%82%D8%AF-%D9%85%D8%B4%D8%B1%D9%88%D8%B9-%D8%A5%D9%86%D8%B4%D8%A7%D8%A1-%D9%85%D8%B3%D8%AA%D8%B4%D9%81%D9%89-%D9%85%D8%BA,النيل – قناة مصر الإخبارية | وزير الصحة يتفقد مشروع إنشاء مستشفى مغاغة المركزى ووحدة طب الاسرة بمحافظة المنيا,MINIST,COMPANIES,"Minya, Al Minya, Egypt",2.24438902743142,10
2025-03-29 15:30:00.000000 UTC,https://www.nile.eg/%D8%A7%D9%84%D8%B1%D8%A6%D9%8A%D8%B3-%D8%A7%D9%84%D8%B3%D9%8A%D8%B3%D9%89-%D9%8A%D8%AA%D9%84%D9%82%D9%89-%D8%A7%D8%AA%D8%B5%D8%A7%D9%84%D8%A7-%D9%87%D8%A7%D8%AA%D9%81%D9%8A%D8%A7-%D9%85%D9%86-%D9%85-2,النيل – قناة مصر الإخبارية | الرئيس السيسى يتلقى اتصالا هاتفيا من ملك البحرين للتهنئة بعيد الفطر,EGYPT,BAHRAIN,Bahrain,6.89655172413793,41
2025-03-29 15:45:00.000000 UTC,https://www.dostor.org/5017510,رئيس وزراء باكستان يؤكد للرئيس السيسى إعجابه بنجاح مصر فى القضاء على فيروس سى,PAKISTAN,,Egypt,9.30232558139536,13
2025-03-29 16:00:00.000000 UTC,https://www.mena.org.eg:443/ar/news/dbcall/table/textnews/id/11120006,الرئيس السيسي يتلقى اتصالا هاتفيا من أردوغان للتهنئة بعيد الفطر - Welcome to Middle East News Agency,TURKISH,PRESIDENT,Turkey,6.86274509803921,41
2025-03-29 16:00:00.000000 UTC,https://www.lebanon24.com/news/lebanon/1340182/%d9%88%d8%b2%d9%8a%d8%b1%d8%a9-%d8%a7%d9%84%d8%aa%d8%b1%d8%a8%d9%8a%d8%a9-%d8%aa%d8%b9%d8%aa%d8%b0%d8%b1-%d9%85%d9%86-%d9%87%d8%a4%d9%84%d8%a7%d8%a1,وزيرة التربية تعتذر من هؤلاء!,LEBANON,,Lebanon,3.69532750160017,50
2025-03-29 16:00:00.000000 UTC,https://www.vetogate.com/5378846,رئيس وزراء باكستان يعرب عن تقديره لنجاح مصر في القضاء على فيروس سي,PAKISTAN,EGYPT,Egypt,9.31677018633536,51
2025-03-29 16:00:00.000000 UTC,https://www.elwatannews.com/news/details/8060506,رئيس وزراء باكستان يعبر للرئيس السيسي عن إعجابه بتجربة مصر ف - الوطن,PAKISTAN,PRESIDENT,Egypt,9.77011494252872,10
2025-03-29 16:15:00.000000 UTC,http://www.elbrqnews.com/New-News/304836.html,الرئيس السيسي يتلقى اتصالا هاتفيا من رئيس الوزراء الباكستاني,PRESIDENT,PAKISTAN,Egypt,9.41176470588236,41
2025-03-29 16:15:00.000000 UTC,http://www.elbrqnews.com/New-News/304821.html,رئيس وزراء باكستان يعرب عن تقديرة بنجاح مصر في القضاء على فيروس سي,PAKISTAN,EGYPT,Egypt,9.05349794238685,13
2025-03-29 16:15:00.000000 UTC,http://www.elbrqnews.com/New-News/304805.html,الفساد يعصف بحكومة إسرائيل.. نتنياهو و 8 وزراء ونواب كنيست أمام القضاء,DETAINEE,MILITARY BASE,"Rishon Lezion, HaMerkaz, Israel",-6.61417322834646,20
2025-03-29 16:30:00.000000 UTC,https://www.eldjoumhouria.dz/article/35111/,السيد بلحوى زين العابدين رئيس المركز الثقافي الاسلامي فرع وهران.....قدمنا نشاطات ثرية طيلة شهر رمضان,ORAN,,"Mecca, Makkah, Saudi Arabia",4.39882697947214,10
2025-03-29 16:45:00.000000 UTC,https://www.albawabhnews.com/5176243,السيسي ورئيس وزراء باكستان يتبادلان التهنئة بحلول عيد الفطر,PAKISTAN,,Egypt,9.65909090909095,13
2025-03-29 16:45:00.000000 UTC,https://www.albawabhnews.com/5176245,رئيس وزراء باكستان يعرب عن تقديرة بنجاح مصر في القضاء على فيروس سي,PAKISTAN,EGYPT,Egypt,9.01287553648064,51
2025-03-29 17:00:00.000000 UTC,http://www.elbrqnews.com/New-News/304879.html,رئيس أساقفة الكنيسة الأسقفية يهنئ جموع المصريين بمناسبة عيد الفطر,SAMI,EGYPT,"Alexandria, Al Iskandariyah, Egypt",8.92018779342725,43
2025-03-29 17:00:00.000000 UTC,https://www.emaratalyoum.com/local-section/other/2025-03-29-1.1932424,رئيس الدولة ونائباه يهنئون قادة الدول العربية والإسلامية بعيد الفطر السعيد,DEPUTIES,,"Dubai, Dubayy, United Arab Emirates",10.5263157894737,51
2025-03-29 17:15:00.000000 UTC,https://www.albiladpress.com/news/2025/6011/arab-and-world/909099.html,4 أشهر على إسقاط الأسد.. حكومة سوريا تبصر النور اليوم,GOVERNMENT,GOVERNOR,"Damascus, Dimashq, Syria",-4.17910447761194,36
2025-03-29 17:30:00.000000 UTC,https://sabq.org/saudia/2yq12y62i3,ولي العهد يتلقى اتصالات هاتفية من ملك الأردن والرئيس الإماراتي والملك حمد بن عيسى للتهنئة بحلول عيد الفطر,JORDAN,UNITED ARAB EMIRATES,Jordan,14.9532710280374,41
2025-03-29 17:30:00.000000 UTC,https://www.nile.eg/%D8%A8%D8%A7%D9%84%D8%B5%D9%88%D8%B1-%D9%88%D8%B2%D9%8A%D8%B1-%D8%A7%D9%84%D8%B5%D8%AD%D8%A9-%D8%AD%D8%B1%D9%8A%D8%B5%D9%88%D9%86-%D8%B9%D9%84%D9%89-%D8%AA%D9%82%D8%AF%D9%8A%D9%85-%D8%A7%D9%84,النيل – قناة مصر الإخبارية | بالصور.. وزير الصحة: حريصون على تقديم الدعم الكامل لجميع مستشفيات محافظة المنيا,,HOSPITAL,"Minya, Al Minya, Egypt",5.25114155251142,51
2025-03-29 17:45:00.000000 UTC,https://www.raialyoum.com/%D8%AD%D9%85%D8%A7%D8%B3-%D8%AA%D8%B9%D8%B1%D8%B6-%D9%81%D9%8A%D8%AF%D9%8A%D9%88-%D8%AC%D8%AF%D9%8A%D8%AF%D8%A7-%D8%AA%D8%AD%D8%AA-%D8%B9%D9%86%D9%88%D8%A7%D9%86-%D8%A7%D9%84%D9%88%D9%82%D8%AA/,حماس تعرض فيديو جديدا تحت عنوان “الوقت ينفد” لرهينة في غزة فيه الحكومة الاسرائيلية إلى ضمان الإفراج عنه,ISRAELI,ISRAEL,"Gaza, Israel (general), Israel",-1.79372197309417,20
2025-03-29 18:30:00.000000 UTC,https://www.alriyadh.com/2125164,رئيس مجلس إدارة مجموعة stc ورئيسها التنفيذي يهنئان القيادة بمناسبة عيد الفطر المبارك,UNITED KINGDOM,,"Mecca, Makkah, Saudi Arabia",11.4537444933921,50
2025-03-29 18:45:00.000000 UTC,http://www.elbrqnews.com/New-News/305043.html,مظاهرات في إسرائيل ضد الحكومة للمطالبة بالإفراج عن الرهائن ورفض التعديلات القضائية,ISRAEL,GOVERNMENT,"Tel Aviv, Tel Aviv, Israel",-7.80346820809248,841
2025-03-29 18:45:00.000000 UTC,http://www.elbrqnews.com/New-News/305064.html,الرئيس السيسي يتلقي إتصالاً هاتفياً من رئيس الوزراء الباكستاني شهباز شريف,PRESIDENT,PAKISTAN,Egypt,9.14285714285719,41
2025-03-29 18:45:00.000000 UTC,https://www.elwatannews.com/news/details/8060528,مساعد وزير الخارجية الأسبق: مصر حريصة على تقديم الحلول لاستع - الوطن,EGYPTIAN,,"Gaza, Israel (general), Israel",-5.47445255474452,120
2025-03-29 19:15:00.000000 UTC,https://www.aljazeera.net/news/2025/3/29/%D8%AE%D8%A8%D9%8A%D8%B1-%D8%B9%D8%B3%D9%83%D8%B1%D9%8A-%D8%A7%D9%84%D9%8A%D9%85%D9%86-%D8%A3%D8%B5%D8%A8%D8%AD-%D8%B3%D8%A7%D8%AD%D8%A9-%D8%AD%D8%B1%D8%A8-%D8%B1%D8%A6%D9%8A%D8%B3%D9%8A%D8%A9,خبير عسكري: اليمن أصبح ساحة حرب رئيسية والضربات تستهدف قادة الحوثيين,YEMEN,,"Marib, Ma'rib, Yemen",-1.14155251141553,190
2025-03-29 19:15:00.000000 UTC,https://www.albayan.ae/news/uae/government/36280,حكام الإمارات وأولياء العهود ونواب الحكام يهنئون رئيس الدولة ونائبيه بعيد الفطر المبارك,CONGRESS,CHIEF OF STATE,"Diwan Ar Riasah, Abu Z¸aby, United Arab Emirates",6.32911392405063,51
2025-03-29 19:45:00.000000 UTC,https://26sep.net/index.php/local/100858-2025-03-29-18-40-18,الشيخ الرزامي يهنئ قائد الثورة والرئيس المشاط بعيد الفطر المبارك,PALESTINE,,Israel,-5.71428571428568,180
2025-03-29 19:45:00.000000 UTC,http://www.elbrqnews.com/New-News/305151.html,محافظ الجيزة يهنئ الرئيس السيسي بعيد الفطر المبارك,GIZA,PRESIDENT,"Giza, Al Jizah, Egypt",9.23076923076919,51
2025-03-29 19:45:00.000000 UTC,https://26sep.net/index.php/local/100857-2025-03-29-18-27-26,وزير الدفاع ورئيس الأركان يهنئان القيادة الثورية والسياسية بعيد الفطر,ISRAEL,GAZA,"Gaza, Israel (general), Israel",5.84745762711861,36
2025-03-29 19:45:00.000000 UTC,https://www.elfagr.org/5142515,عاجل- وزير الصحة تحت القصف البرلماني بعد لقائه بمرضى الغسيل الكلوي بالمنيا ( تفاصيل مثيرة),,CITIZEN,"Beni Mazar, Al Minya, Egypt",0.0,20
2025-03-29 20:15:00.000000 UTC,https://www.elfagr.org/5142519,عاجل ـ رئيس حركة حمـاس خليل الحية: سلاح المقــاومة خط أحمر,HAMAS,,"Gaza, Israel (general), Israel",-2.02020202020202,50
2025-03-29 20:30:00.000000 UTC,http://www.elbrqnews.com/New-News/305220.html,البرازيل تكرم نائب رئيس مجلس الدولة المصري بوسام الاستحقاق,MILITARY,POLICE,Egypt,3.87811634349031,51
2025-03-29 20:30:00.000000 UTC,https://www.annaharkw.com/annahar/Article.aspx?id=1015821,حكومة جديدة في دمشق.. وتعيين الرفاعي مفتياً للبلاد,UNITED STATES,SYRIA,"Damascus, Dimashq, Syria",-3.42857142857143,12
2025-03-29 20:30:00.000000 UTC,https://www.annaharkw.com/annahar/Article.aspx?id=1015790,من ملامح حكومة الإمام في ذكرى استشهاده,IMAM,JUDGE,Kuwait,1.48305084745763,20
2025-03-29 20:30:00.000000 UTC,http://www.elbrqnews.com/world/305208.html,بعد التوجيهات الأخيرة.. رئيس الهيئة الملكية لمدينة الرياض يرفع الشكر لولي العهد,CROWN PRINCE,RIYADH,"Riyadh, Ar Riya?, Saudi Arabia",6.60256410256411,12
2025-03-29 20:30:00.000000 UTC,https://www.annaharkw.com/annahar/Article.aspx?id=1015780,وزيرا الإعلام والمالية: عرض مرئي لـ«خطة عمل الحكومة»,MEDIA,,Kuwait,3.37837837837838,26
2025-03-29 20:45:00.000000 UTC,https://mustaqila.com/%D8%AA%D8%B8%D8%A7%D9%87%D8%B1-%D9%85%D8%A6%D8%A7%D8%AA-%D8%A7%D9%84%D8%A2%D9%84%D8%A7%D9%81-%D9%81%D9%8A-%D8%AA%D8%B1%D9%83%D9%8A%D8%A7-%D8%B6%D8%AF-%D8%A3%D8%B9%D8%AA%D9%82%D8%A7%D9%84-%D8%B1%D8%A6/,تظاهر مئات الآلاف في تركيا ضد أعتقال رئيس بلدية إسطنبول,TURKISH,TURKEY,"Istanbul, Istanbul, Turkey",-7.47663551401869,173
2025-03-29 20:45:00.000000 UTC,http://www.elbrqnews.com/New-News/305252.html,رئيس الهيئة العامة للطيران المدني عبدالعزيز بن عبدالله الدعيلج يهنئ القيادة باحتفالات عيد الفطر المبارك,SAUDI ARABIA,ABDULLAH,Saudi Arabia,11.3636363636364,51
2025-03-29 21:00:00.000000 UTC,https://www.albawaba.com/ar/%D8%A3%D8%AE%D8%A8%D8%A7%D8%B1/%D9%8A%D9%88%D9%85-%D8%AA%D8%A7%D8%B1%D9%8A%D8%AE%D9%8A-%D9%81%D9%8A-%D8%B3%D9%88%D8%B1%D9%8A%D8%A7-%D8%A5%D8%B9%D9%84%D8%A7%D9%86-%D8%AA%D8%B4%D9%83%D9%8A%D9%84-%D8%A3%D9%88%D9%84-1602325,يوم تاريخي في سوريا.. إعلان تشكيل أول حكومة بإرادة حرة | البوابة,GOVERNMENT,,Syria,0.68965517241379,20
2025-03-29 21:15:00.000000 UTC,http://www.elbrqnews.com/New-News/305296.html,مرسوم رئاسي بتشكيل الحكومة السورية الجديدة برئاسة الشيباني,MINIST FOR ELECTRICITY,RELIGION,Syria,3.07692307692308,51
2025-03-29 21:30:00.000000 UTC,http://www.elbrqnews.com/New-News/305317.html,ولي العهد يتلقى تهاني العيد من رئيس الإمارات وملكَي البحرين والأردن,CROWN PRINCE,BAHREIN,Jordan,16.9312169312169,41
2025-03-29 21:30:00.000000 UTC,https://www.alquds.com/ar/posts/156415,وزير الأوقاف: الاحتلال يرفض تسليم الحرم الإبراهيمي في عيد الفطر,ISRAELI,,"Hebron, Israel (general), Israel",-0.72463768115942,120
2025-03-29 21:30:00.000000 UTC,https://www.emaratalyoum.com/local-section/other/2025-03-29-1.1932510,هزاع بن زايد يهنئ رئيس الدولة ونائبيه والحكام بمناسبة عيد الفطر المبارك,COMMUNITY,,"Dubai, Dubayy, United Arab Emirates",10.0877192982456,51
2025-03-29 21:30:00.000000 UTC,http://www.non14.net/175942,الحكيم: الفصائل العراقية ملتزمة ولا ترغب بإحراج الحكومة,SYRIAN,,Iraq,-1.50375939849624,50
2025-03-29 21:30:00.000000 UTC,https://www.aljazeera.net/news/2025/3/29/%D8%B9%D8%A7%D8%AC%D9%84-%D8%A7%D9%84%D8%B1%D8%A6%D9%8A%D8%B3-%D8%A7%D9%84%D8%B3%D9%88%D8%B1%D9%8A-%D8%A3%D8%AD%D9%85%D8%AF-%D8%A7%D9%84%D8%B4%D8%B1%D8%B9-%D8%AA%D8%B4%D9%83%D9%8A%D9%84,الشرع يعلن تشكيلة الحكومة السورية الجديدة,SYRIAN,SYRIAN,"Qasr Ash Shab, Dimashq, Syria",2.88713910761155,10
2025-03-29 21:30:00.000000 UTC,http://www.elbrqnews.com/New-News/305323.html,الشرع خلال مراسم إعلان تشكيل الحكومة الجديدة: نشهد ميلاد مرحلة جديدة,SYRIAN,,Syria,3.03030303030303,120
2025-03-29 22:15:00.000000 UTC,https://www.dostor.org/5017773,الشرع يشكل حكومة وطنية شاملة تضم جميع أطياف المجتمع السورى,,RUSSIA,Syria,1.25,46
2025-03-29 22:15:00.000000 UTC,https://www.kuna.net.kw/ArticleDetails.aspx?id=3224341&Language=ar,كونا : الرئيس التركي يؤكد لنظيره المصري ضرورة التنسيق الثنائي في قضايا المنطقة - الشؤون السياسية,EGYPTIAN,TURKISH,"El Arish, Shamal Sina', Egypt",0.0,41
2025-03-29 22:15:00.000000 UTC,https://www.okaz.com.sa/articles/authors/2190408,مقتل الرئيس جون كينيدي... مؤامرة صهيونية...؟!,ISRAEL,,Israel,-3.37323177366703,20
2025-03-29 22:30:00.000000 UTC,http://www.elbrqnews.com/New-News/305422.html,وزير الشؤون الإسلامية يهنئ القيادة السعودية بعيد الفطر ويستعرض إنجازات رمضان,SAUDI ARABIA,ISLAM,Saudi Arabia,6.93069306930693,50
2025-03-29 23:00:00.000000 UTC,http://www.elbrqnews.com/New-News/305450.html,رئيس الدولة ونائباه يهنّئون قادة الدول العربية والإسلامية,UNITED ARAB EMIRATES,,Turkey,9.00900900900901,41
2025-03-29 23:00:00.000000 UTC,http://www.elbrqnews.com/New-News/305445.html,حكام الإمارات وأولياء العهود ونواب الحكام يهنئون رئيس الدولة ونائبيه,CONGRESS,CHIEF OF STATE,"Al Khaymah, La?ij, Yemen",6.78336980306346,51
2025-03-29 23:15:00.000000 UTC,https://www.kuna.net.kw/ArticleDetails.aspx?id=3224350&Language=ar,كونا : وزير الإسكان يهنئ القيادة السياسية بحلول عيد الفطر السعيد - الشؤون السياسية,KUWAIT,,Kuwait,13.9673481181825,84
2025-03-29 23:30:00.000000 UTC,https://www.albawabhnews.com/5176382,وزير الأوقاف الفلسطيني: الاحتلال يرفض تسليم الحرم الإبراهيمي في عيد الفطر,PALESTINIAN,ISRAELI,"Hebron, Israel (general), Israel",-1.32743362831858,120
2025-03-29 23:30:00.000000 UTC,https://www.alriyadh.com/2125186,وزير الشؤون الإسلامية يوجه باستضافة الإمام الكفيف باليمن لأداء مناسك الحج,IMAM,MINIST,Yemen,6.27615062761507,42
2025-03-30 00:00:00.000000 UTC,https://sabq.org/saudia/ka05uu94py,"""وزير البلديات والإسكان"": ضخ 10 إلى 40 ألف قطعة أرض سنويًّا لضبط السوق.. وضوابط جديدة للإيجارات بالرياض",,SAUDI ARABIA,"Riyadh, Ar Riya?, Saudi Arabia",3.49397590361446,51
2025-03-30 00:00:00.000000 UTC,https://www.albayan.ae/news/uae/government/36331,رئيس الدولة ونائباه يهنئون قادة الدول العربية والإسلامية بمناسبة عيد الفطر السعيد,DEPUTIES,,"Sharjah, Ash Shariqah, United Arab Emirates",8.59030837004405,51
2025-03-30 00:00:00.000000 UTC,https://sabq.org/saudia/q52kzqn0u7,"الرئيس التنفيذي لـ""الهيئة الملكية لمدينة الرياض"": بدء تنفيذ التوجيهات بتوفير أراضٍ سكنية مطوَّرة",POPULATION,RIYADH,"Riyadh, Ar Riya?, Saudi Arabia",2.03160270880361,10
2025-03-30 00:30:00.000000 UTC,https://www.vetogate.com/5378486,بعد موافقة الحكومة، ضوابط إحالة الموازنة العامة للدولة للجان المختصة بالنواب,CABINET,,"Cairo, Al Qahirah, Egypt",1.60680529300567,60
2025-03-30 00:30:00.000000 UTC,https://alwasat.ly/news/arabic/471915,الرئيس السوري أحمد الشرع يعلن تشكيل حكومة جديدة,SYRIA,,Syria,5.49450549450549,51
2025-03-30 00:30:00.000000 UTC,http://www.elbrqnews.com/New-News/305520.html,عاجل.. توجيهات هامة من وزير الكهرباء خلال إجازة عيد الفطر,ACTOR,,Egypt,-4.91329479768786,12
2025-03-30 00:45:00.000000 UTC,https://26sep.net/index.php/local/100873-2025-03-29-21-38-15,الرئيس المشاط يهنئ قائد الثورة والشعب اليمني بعيد الفطر,YEMENI,PALESTINE,"Sanaa, San‘a', Yemen",-1.40161725067386,51
2025-03-30 01:00:00.000000 UTC,https://www.kuna.net.kw/ArticleDetails.aspx?id=3224356&language=ar,كونا : رئيس مجلس الوزراء بالإنابة ينعى شهيد الواجب وكيل أول سالم العجمي من منتسبي (الإطفاء) - الدفاع,,CABINET,Kuwait,0.82644628099173,43
2025-03-30 01:00:00.000000 UTC,https://www.almontasaf.net/news118568.html,رئيس وهيئة تحرير موقع وصحيفة المنتصف يهنئون السفير أحمد علي عبدالله صالح بعيد الفطر المبارك | المنتصف نت,NEWSPAPER,AMBASSADOR,Yemen,8.43672456575683,51
2025-03-30 01:00:00.000000 UTC,https://www.dostor.org/5017791,وزير الخارجية السورى: أتعهد بأن تكون الدبلوماسية السورية درعا حصينا لحماية مصالح البلاد,SYRIA,,Syria,5.10204081632656,100
2025-03-30 01:00:00.000000 UTC,https://www.kuna.net.kw/ArticleDetails.aspx?id=3224354&language=ar,"كونا : رئيس مجلس القيادة اليمني: ""عاصفة الحزم"" أعظم تحالف عربي للدفاع عن هوية الأمة - الشؤون السياسية",,YEMEN,"Sanaa, San‘a', Yemen",6.1224489795918,190
2025-03-30 01:00:00.000000 UTC,https://www.kuna.net.kw/ArticleDetails.aspx?id=3224355&Language=ar,كونا : وزير المالية تهنئ القيادة السياسية بحلول عيد الفطر السعيد - الشؤون السياسية,FINANCE MINIST,,Kuwait,13.1578947368421,51
2025-03-30 02:00:00.000000 UTC,https://almasdaronline.com/articles/314131,الشرع يعلن تشكيلة الحكومة السورية الجديدة,SYRIA,GOVERNMENT,"Qasr Ash Shab, Dimashq, Syria",2.51256281407035,20
2025-03-30 02:00:00.000000 UTC,https://www.emaratalyoum.com/local-section/other/2025-03-30-1.1932587,حكام الإمارات وأولياء العهود ونواب الحكام يهنئون رئيس الدولة ونائبيه بعيد الفطر المبارك,CONGRESS,CHIEF OF STATE,"Diwan Ar Riasah, Abu Z¸aby, United Arab Emirates",6.32911392405063,51
2025-03-30 03:15:00.000000 UTC,https://www.albawabhnews.com/5176412,الرئيس الفلسطيني: نسعى للسلام ولكننا نرفض الاستسلام وسنظل ثابتين في أرضنا,JERUSALEM,,"Gaza, Israel (general), Israel",6.60717991284501,51
2025-03-30 03:30:00.000000 UTC,https://kuwaitnews.com/103980/,رئيس مجلس الوزراء بالإنابة ينعى شهيد الواجب وكيل أول سالم العجمي من منتسبي قوة الإطفاء,CABINET,,Turkey,0.90909090909091,42
2025-03-30 04:45:00.000000 UTC,https://www.bbc.com/arabic/articles/cx2we41eqd4o,"سوريا: الشرع يشكل حكومة انتقالية ""شاملة""، وتحذيرات أمريكية من هجمات محتملة مع حلول عيد الفطر - BBC News عربي",SYRIAN,,"Latakia, Al Ladhiqiyah, Syria",-3.79596678529063,190
2025-03-30 06:15:00.000000 UTC,https://www.dostor.org/5017877,ترحيب سعودى بإعلان تشكيل الحكومة السورية,SAUDI ARABIA,UNITED KINGDOM,Syria,-0.304878048780489,51
2025-03-30 06:30:00.000000 UTC,https://www.bawabatii.com/news324352.html,الرئيس السوري أحمد الشرع يعلن تشكيل حكومة جديدة بوجوه مقربة منه,PRESIDENT,,Syria,0.411522633744859,73
2025-03-30 06:30:00.000000 UTC,http://www.elbrqnews.com/New-News/305683.html,المملكة ترحب بإعلان تشكيل الحكومة السورية,SYRIAN,SAUDI ARABIA,Saudi Arabia,9.78260869565217,51
2025-03-30 06:30:00.000000 UTC,http://www.elbrqnews.com/New-News/305666.html,المملكة ترحب بتشكيل الحكومة السورية الجديدة - الأول نويز,UNITED KINGDOM,SYRIAN,Syria,9.54246713852376,51
2025-03-30 06:45:00.000000 UTC,https://sabq.org/saudia/23pkc8ia1o,رئيس هيئة العقار يثمّن الموافقة الكريمة على عدد من الإجراءات لتحقيق التوازن في القطاع العقاري بمدينة الرياض,RIYADH,CROWN PRINCE,"Riyadh, Ar Riya?, Saudi Arabia",5.1056338028169,43
2025-03-30 06:45:00.000000 UTC,https://sabq.org/saudia/xzmso4rmwi,وزارة الخارجية تعرب عن ترحيب المملكة بإعلان تشكيل الحكومة السورية,MINISTRY,UNITED KINGDOM,Syria,9.27835051546392,10
2025-03-30 06:45:00.000000 UTC,https://www.kuna.net.kw/ArticleDetails.aspx?id=3224367&Language=ar,كونا : وزير الإعلام يهنئ القيادة السياسية بعيد الفطر السعيد - الإعلام,WORKER,MEDIA,Kuwait,8.44155844155845,51
2025-03-30 08:00:00.000000 UTC,http://www.elbrqnews.com/New-News/305703.html,المومني: حوار مستمر بين الحكومة والنواب لإيجاد حلول للتحديات التي تواجه الوطن,,GOVERNMENT,Jordan,0.0,46
2025-03-30 08:15:00.000000 UTC,http://www.elbrqnews.com/New-News/305754.html,السعودية ترحب بإعلان تشكيل الحكومة السورية الجديدة,SAUDI ARABIA,SYRIAN,"Qasr Ash Shab, Dimashq, Syria",4.67836257309942,51
2025-03-30 08:30:00.000000 UTC,https://www.mena.org.eg:443/news/dbcall/table/textnews/id/11119542,رئيس سيراليون يشيد بالزيارة الناجحة لمصر وبحكمة ورؤية الرئيس السيسي لتنمية إفريقيا - Welcome to Middle East News Agency,CAIRO,PRESIDENT,"Cairo, Al Qahirah, Egypt",2.99727520435968,46
2025-03-30 08:30:00.000000 UTC,https://www.vetogate.com/5379127,خلال اتصال هاتفي، وزير الخارجية ونظيره البحريني يبحثان الأوضاع في غزة,BAHRAIN,ISRAEL,Egypt,2.14285714285715,40
2025-03-30 08:30:00.000000 UTC,https://www.dostor.org/5017916,اليوم.. رئيس وزراء اليونان يلتقي نتنياهو لبحث التطورات الإقليمية,,ISRAEL,"East Sea, Israel (general), Israel",4.10958904109589,46
2025-03-30 08:45:00.000000 UTC,http://www.elbrqnews.com/New-News/305805.html,سوريا.. ماذا نعلم عن وزراء الداخلية والدفاع والخارجية بالحكومة الجديدة؟ - الأول نيوز,,SYRIAN,"Damascus, Dimashq, Syria",1.81347150259068,46
2025-03-30 09:00:00.000000 UTC,https://www.dostor.org/5017947,الرئيس السيسي يتبادل التهنئة مع ملوك ورؤساء الدول العربية والإسلامية بمناسبة عيد الفطر,EGYPTIAN,MUSLIM,Egypt,12.9554655870446,10
2025-03-30 09:15:00.000000 UTC,https://www.dostor.org/5017955,ألمانيا ترحب بتعيين حكومة جديدة فى سوريا,GERMANY,GOVERNMENT,Syria,7.29166666666667,51
2025-03-30 09:15:00.000000 UTC,https://www.nile.eg/%D9%88%D8%B2%D9%8A%D8%B1-%D8%A7%D9%84%D8%AE%D8%A7%D8%B1%D8%AC%D9%8A%D8%A9-%D9%8A%D8%B3%D8%AA%D8%B9%D8%B1%D8%B6-%D9%85%D8%B9-%D9%86%D8%B8%D9%8A%D8%B1%D9%87-%D8%A7%D9%84%D8%A8%D8%AD%D8%B1%D9%8A%D9%86,النيل – قناة مصر الإخبارية | وزير الخارجية يشيد بالعلاقات الأخوية والوطيدة التى تربط مصر والبحرين,FOREIGN MINIST,,Bahrain,2.96296296296297,51
2025-03-30 09:30:00.000000 UTC,https://maqar.com/archives/708004,الأردن يرحب بإعلان تشكيل الحكومة السورية ويؤكد حرصه على تعميق التعاون معها - صحيفة المقر,AMBASSADOR,JUDGE,Jordan,11.5384615384615,51
2025-03-30 09:30:00.000000 UTC,http://www.elbrqnews.com/New-News/305874.html,اليوم.. رئيس وزراء اليونان يلتقي نتنياهو لبحث التطورات الإقليمية,ISRAELI,GREECE,"East Sea, Israel (general), Israel",3.82165605095542,40
2025-03-30 09:45:00.000000 UTC,https://www.kuna.net.kw/ArticleDetails.aspx?id=3224378&Language=ar,كونا : وزير الخارجية المصري يبحث مع نظيره البحريني مستجدات الأوضاع في غزة - الشؤون السياسية,EGYPTIAN,MINIST,Bahrain,1.35135135135135,41
2025-03-30 10:00:00.000000 UTC,https://www.vetogate.com/5379209,بمشاركة 600 طفل، رئيس مدينة أجا في الدقهلية يشهد حفل يوم اليتيم السنوي (صور),COMMUNITY,,"Muhafazat Ad Daqahliyah, Ad Daqahliyah, Egypt",6.06060606060606,10
2025-03-30 10:15:00.000000 UTC,http://www.elbrqnews.com/New-News/305941.html,ولي العهد السعودي يبحث مع رئيس مجلس الوزراء اللبناني مستجدات الأوضاع,LEBANON,,Lebanon,0.69686411149826,51
2025-03-30 10:15:00.000000 UTC,https://alanbatnews.net/article/454213,الأردن يرحب بإعلان تشكيل الحكومة السورية الجديدة,JORDAN,SYRIA,Jordan,10.6382978723405,51
2025-03-30 11:00:00.000000 UTC,https://www.dostor.org/5018081,نقيب الأشراف يهنئ الرئيس السيسي والشعب المصري بعيد الفطر,CAPTAIN,EGYPT,Yemen,2.89855072463768,51
2025-03-30 11:00:00.000000 UTC,https://www.vetogate.com/5379260,عيد الفطر.. السيسي يتبادل التهاني مع ملوك وأمراء ورؤساء الدول العربية والإسلامية.. الرئيس يعرب عن أصدق تهانيه القلبية وأطيب تمنياته الأخوية لهم ولشعوبهم الشقيقة بموفور الصحة والسعادة والمزيد من التقدم,PAKISTAN,,Egypt,8.24468085106383,13
2025-03-30 11:15:00.000000 UTC,http://www.non14.net/175946,الشرع يشكل حكومة سورية مكونة من 27 وزيراً,SYRIA,,Syria,1.03092783505155,120
2025-03-30 11:30:00.000000 UTC,https://www.dostor.org/5018003,الأردن يرحب بإعلان تشكيل الحكومة السورية الجديدة,SYRIAN,GOVERNMENT,Syria,1.57728706624606,110
2025-03-30 11:30:00.000000 UTC,http://www.elbrqnews.com/New-News/306076.html,تركيا تلقى القبض على صحفي سويدي على خلفية اتهامه بالإرهاب وإهانة الرئيس,TURKEY,,"Ankara, Ankara, Turkey",-5.69620253164557,84
2025-03-30 11:30:00.000000 UTC,https://www.vetogate.com/5379291,الرئيس الإيراني: ردنا وصل إلى البيت الأبيض ومستعدون لمفاوضات مع الأمريكيين,UNITED STATES,IRAN,"Tehran, Tehran, Iran",4.02684563758389,36
2025-03-30 11:45:00.000000 UTC,https://www.alsahwa-yemen.net/p-83370,رئيس مجلس القيادة يؤدي مع قيادات الدولة والمواطنين صلاة عيد الفطر في عدن,MILITIA,,Yemen,1.71428571428571,190
2025-03-30 11:45:00.000000 UTC,https://www.okaz.com.sa/news/local/2190452,وزير الحرس الوطني يستقبل قادة الوزارة وكبار مسؤوليها المهنئين بعيد الفطر,MINISTRY,MINIST,"Jeddah, Makkah, Saudi Arabia",6.75675675675676,42
2025-03-30 11:45:00.000000 UTC,https://www.dostor.org/5018192,الرئيس السيسي يتلقى إتصالًا هاتفيًا من نظيره الفلسطيني,PRESIDENT,PALESTINIAN,Yemen,4.87804878048781,41
2025-03-30 12:45:00.000000 UTC,https://www.albayan.ae/news/uae/36377,رئيس الدولة ونائباه يهنئون الرئيس السوري بالتشكيل الحكومي الجديد,DEPUTIES,SYRIAN,Syria,5.0,51
2025-03-30 12:45:00.000000 UTC,https://www.nna-leb.gov.lb/ar/%D8%B3%D9%8A%D8%A7%D8%B3%D8%A9/769439,الوكالة الوطنية للإعلام - رئيس المجلس العلوي في عيد الفطر: لإدانة محلية ودولية وأممية للحوادث والمجازر في سوريا,IMAM,ALAWI,Lebanon,-4.84522207267833,112
2025-03-30 13:00:00.000000 UTC,https://www.elfagr.org/5142744,‏الرئيس الإيراني: السلوك الأمريكي هو الذي سيحدد استمرار مسار المفاوضات,IRANIAN,ISRAEL,Israel,-3.06122448979592,194
2025-03-30 13:00:00.000000 UTC,https://www.vetogate.com/5379338,شاهد كشف حساب الرئيس السيسي في رمضان,PRESIDENT,FIELD MARSHAL,"Wizarat Al Awqaf, Al Qahirah, Egypt",2.08333333333333,51
2025-03-30 13:15:00.000000 UTC,https://www.mena.org.eg:443/news/dbcall/table/textnews/id/11119772,الرئيس السيسي يتلقى اتصالا من عاهل الأردن للتهنئة بحلول عيد الفطر المبارك - Welcome to Middle East News Agency,JORDAN,PRESIDENT,Jordan,9.34579439252336,41
2025-03-30 13:15:00.000000 UTC,https://arabic.rt.com/middle_east/1659928-%D8%A7%D9%84%D8%AD%D9%83%D9%88%D9%85%D8%A9-%D8%A7%D9%84%D8%AC%D8%AF%D9%8A%D8%AF%D8%A9-%D9%81%D9%8A-%D8%B9%D9%8A%D9%88%D9%86-%D8%A7%D9%84%D8%B3%D9%88%D8%B1%D9%8A%D9%8A%D9%86/,الحكومة الجديدة في عيون السوريين,DAMASCUS,SYRIA,Israel,-1.54320987654321,42
2025-03-30 13:15:00.000000 UTC,https://www.kuna.net.kw/ArticleDetails.aspx?id=3224389&language=ar,كونا : تركيا ترحب بتشكيل حكومة جديدة في سوريا - الشؤون السياسية,TURKEY,,Syria,1.26050420168068,51
2025-03-30 13:15:00.000000 UTC,https://www.mena.org.eg:443/ar/news/dbcall/table/textnews/id/11119917,الرئيس السيسي يتبادل التهنئة مع ملوك ورؤساء الدول العربية والإسلامية بمناسبة عيد الفطر المبارك - Welcome to Middle East News Agency,EGYPTIAN,MUSLIM,"Cairo, Al Qahirah, Egypt",12.3015873015873,10
2025-03-30 13:30:00.000000 UTC,https://bokra.net/Article-1566482,نتنياهو يطالب بإغلاق إذاعة الجيش.. ومطالبات بتعزيز سياسة اليمين إعلامياً,ARMY,,"Gaza, Israel (general), Israel",-1.72413793103448,1721
2025-03-30 13:45:00.000000 UTC,https://www.emaratalyoum.com/local-section/other/2025-03-30-1.1932620,رئيس الدولة يستقبل حكام الإمارات وأولياء العهود ونواب الحكام بمناسبة عيد الفطر المبارك,YEMEN,BUSINESS,"Diwan Ar Riasah, Abu Z¸aby, United Arab Emirates",4.16666666666667,42
2025-03-30 13:45:00.000000 UTC,http://www.elbrqnews.com/New-News/306314.html,الرئيس الإيراني: طهران رفضت عقد مفاوضات مباشرة مع أمريكا,TEHRAN,UNITED STATES,"Tehran, Tehran, Iran",-3.27102803738318,125
2025-03-30 14:30:00.000000 UTC,http://www.elbrqnews.com/New-News/306342.html,أوكرانيا.. زيلينسكي يستعد للترشح على منصب الرئيس لولاية ثانية,PRESIDENT,CAIRO,"Cairo, Al Qahirah, Egypt",0.0,90
2025-03-30 15:00:00.000000 UTC,https://www.kuna.net.kw/ArticleDetails.aspx?id=3224399&Language=ar,كونا : دولة الكويت ترحب بإعلان تشكيل الحكومة السورية الجديدة - الشؤون السياسية,KUWAIT,SYRIAN,Kuwait,9.27835051546392,51
2025-03-30 15:00:00.000000 UTC,https://www.raialyoum.com/%D8%B9%D8%A7%D8%AA%D8%A8%D9%88%D9%86-%D8%B9%D9%84%D9%89-%D8%A7%D9%84%D9%85%D9%81%D8%AA%D9%8A-%D9%84%D8%A3%D9%86%D9%87-%D9%84%D9%85-%D9%8A%D8%B1%D8%B5%D8%AF-%D8%A7%D9%84%D9%87%D9%84%D8%A7/,“عاتبون على المفتي” لأنه “لم يرصد الهلال”.. أردنيون بالجُملة ينتقدون “تأخير العيد” ويُهاجمون الحكومة “دفعت الشعب للصيام 30 يومًا”,JORDANIAN,GOVERNMENT,"Karak, Jordan (general), Jordan",1.72786177105832,110
2025-03-30 15:15:00.000000 UTC,https://www.eldjoumhouria.dz/article/35123/,رئيس الجمهورية يتلقى مكالمة هاتفية من نظيره التركي هنأه فيها بمناسبة حلول عيد الفطر المبارك,PRESIDENT,,Turkey,3.53982300884956,36
2025-03-30 15:30:00.000000 UTC,http://www.elbrqnews.com/New-News/306473.html,الكويت ترحب بتشكيل الحكومة السورية الجديدة,,SYRIAN,Syria,4.0169133192389,43
2025-03-30 15:30:00.000000 UTC,http://www.elbrqnews.com/New-News/306429.html,دولة الكويت ترحب بإعلان تشكيل الحكومة السورية الجديدة,,KUWAIT,Kuwait,9.67741935483871,51
2025-03-30 15:30:00.000000 UTC,https://www.fj-p.com/403979/%D8%A8%D8%B9%D8%AF-%D8%AA%D8%AF%D8%A7%D9%88%D9%84-%D9%88%D8%B4%D9%85-%D9%83%D8%A7%D9%81%D8%B1-%D9%88%D8%B2%D9%8A%D8%B1-%D8%AF%D9%81%D8%A7%D8%B9-%D8%A7%D9%84%D8%A8%D9%86%D8%AA%D8%A7%D8%AC%D9%88%D9%86/,بعد تداول وشم (كافر) وزير دفاع البنتاجون .. مراقبون: رسالة صادقة لأمة المسلمين من يميني متطرف,,JERUSALEM,"Gaza, Israel (general), Israel",-0.13793103448276,42
2025-03-30 15:30:00.000000 UTC,https://www.shorouknews.com/news/view.aspx?cdate=30032025&id=cfc4e7e6-4345-4b9d-aca0-223d196ed998,رئيس بلدية إسطنبول يدعو من محبسه الأتراك للوحدة بمناسبة عيد الفطر,PRISON,,"Ihsanoglu, Zonguldak, Turkey",-5.55555555555555,141
2025-03-30 15:45:00.000000 UTC,https://palinfo.com/news/2025/03/30/945678/,حماس تدين مصادقة حكومة الاحتلال على مشروع استيطاني جديد بالقدس,HAMAS,GOVERNMENT,"Jerusalem, Israel (general), Israel",-10.5691056910569,111
2025-03-30 16:00:00.000000 UTC,https://www.kuna.net.kw/ArticleDetails.aspx?id=3224404&Language=ar,كونا : سمو ولي العهد يتلقى اتصالا هاتفيا من رئيس وزراء باكستان للتهنئة بحلول عيد الفطر السعيد - عام,CROWN PRINCE,,Qatar,21.8085106382979,41
2025-03-30 16:00:00.000000 UTC,https://alwasat.ly/news/international/471964,رئيس بلدية إسطنبول المسجون يدعو إلى «الوحدة» في مناسبة عيد الفطر,IMAM,TURKEY,"Istanbul, Istanbul, Turkey",-1.97368421052632,53
2025-03-30 16:00:00.000000 UTC,https://www.vetogate.com/5379420,الإدارة الذاتية في سوريا ترفض الحكومة الجديدة وقراراتها,SYRIA,GOVERNMENT,"Damascus, Dimashq, Syria",-3.30578512396694,120
2025-03-30 16:30:00.000000 UTC,https://www.albiladpress.com/news/2025/6012/arab-and-world/909210.html,ترحيب بتشكيل الحكومة السورية الجديدة والآمال عليها معلقة,SYRIAN,SAUDI ARABIA,Syria,5.65149136577708,51
2025-03-30 17:00:00.000000 UTC,http://www.elbrqnews.com/New-News/306543.html,ولي العهد الكويتي يتلقى اتصالا هاتفيا من رئيس وزراء باكستان للتهنئة بحلول عيد الفطر المبارك,,KUWAIT,Kuwait,20.9424083769633,41
2025-03-30 17:00:00.000000 UTC,https://middle-east-online.com/%D8%A7%D9%84%D8%B4%D8%B1%D8%B9-%D9%8A%D8%B9%D9%84%D9%86-%D8%B9%D9%86-%D8%A3%D9%88%D9%84-%D8%AD%D9%83%D9%88%D9%85%D8%A9-%D8%B3%D9%88%D8%B1%D9%8A%D8%A9-%D8%A8%D9%84%D8%A7-%D8%B1%D8%A6%D9%8A%D8%B3-%D9%88%D8%B2%D8%B1%D8%A7%D8%A1,الشرع يعلن عن أول حكومة سورية بلا رئيس وزراء | MEO,GOVERNMENT,,"Idlib, Idlib, Syria",-2.65456908154268,73
2025-03-30 17:00:00.000000 UTC,https://www.albayan.ae/news/middle-east/syria/36410,ماذا تعرف عن الحكومة الجديدة في سوريا؟,AUTHORITIES,,"Idlib, Idlib, Syria",-2.8263795423957,30
2025-03-30 17:30:00.000000 UTC,https://www.shorouknews.com/news/view.aspx?cdate=30032025&id=2c82e963-309f-4e41-b9e6-6d5858330969,انتقاد كردي للحكومة الانتقالية الجديدة في سوريا بدعوى عدم مراعاة التنوع,SYRIA,GOVERNMENT,"Damascus, Dimashq, Syria",-4.02010050251256,110
2025-03-30 17:45:00.000000 UTC,https://www.shorouknews.com/news/view.aspx?cdate=30032025&id=25d2788a-5f42-47ef-ba97-91958509d55f,الرئيس السيسي يهنئ المصريين والعرب والمسلمين بحلول عيد الفطر,PRESIDENT,EGYPTIAN,Egypt,13.1205673758866,51
2025-03-30 18:15:00.000000 UTC,https://www.albawabhnews.com/5176674,رئيس جامعة طنطا يتفقد المستشفيات الجامعية للاطمئنان على جاهزيتها قبل إجازة العيد,HOSPITAL,UNIVERSITY,"Gaza, Israel (general), Israel",1.7465054909598,43
2025-03-30 18:15:00.000000 UTC,https://www.dostor.org/5018479,جولات مكثفة لـ«العنانى» لحسم الفوز فى انتخابات «يونسكو»,REPUBLIC OF THE CONGO,AFRICA,Egypt,5.07462686567164,51
2025-03-30 18:30:00.000000 UTC,https://cedarnews.net/3822/bbc/%D9%87%D9%84-%D8%AA%D9%84%D8%A8%D9%8A-%D8%AA%D8%B4%D9%83%D9%8A%D9%84%D8%A9-%D8%A7%D9%84%D8%AD%D9%83%D9%88%D9%85%D8%A9-%D8%A7%D9%84%D8%AC%D8%AF%D9%8A%D8%AF%D8%A9-%D9%81%D9%8A-%D8%B3%D9%88%D8%B1%D9%8A/,هل تلبي تشكيلة الحكومة الجديدة في سوريا تطلعات جميع السوريين؟,,ISLAMIC,"Damascus, Dimashq, Syria",-1.69100691775557,46
2025-03-30 18:30:00.000000 UTC,https://www.dostor.org/5018525,رئيس جامعة طنطا يتفقد المستشفيات الجامعية ويطمئن على جاهزيتها قبل إجازة العيد,HOSPITAL,ASHUR,"Gaza, Israel (general), Israel",1.42857142857143,10
2025-03-30 18:45:00.000000 UTC,https://www.aksalser.com/news/2025/03/30/%D8%A8%D9%8A%D8%A7%D9%86-%D9%84%D9%84%D8%A5%D8%AF%D8%A7%D8%B1%D8%A9-%D8%A7%D9%84%D8%B0%D8%A7%D8%AA%D9%8A%D8%A9-%D9%81%D9%8A-%D8%B4%D9%85%D8%A7%D9%84-%D9%88-%D8%B4%D8%B1%D9%82-%D8%B3%D9%88%D8%B1%D9%8A/,بيان للإدارة الذاتية في شمال و شرق سوريا حول الحكومة الجديدة التي شكلها الشرع - عكس السير,SYRIA,GOVERNMENT,"Damascus, Dimashq, Syria",-3.28767123287672,10
2025-03-30 18:45:00.000000 UTC,https://www.khabaragency.net/news229579.html,الإدارة الذاتية الكردية ترفض تنفيذ قرارات الحكومة السورية الجديدة | وكالة خبر للأنباء,MINORITIES,,"Damascus, Dimashq, Syria",-1.70316301703163,125
2025-03-30 19:00:00.000000 UTC,https://www.kuna.net.kw/ArticleDetails.aspx?id=3224413&Language=ar,كونا : الرئيس الفرنسي يطالب الاحتلال الإسرائيلي بإيقاف العمليات العسكرية على قطاع غزة - الشؤون السياسية,ISRAEL,,Lebanon,-1.80722891566265,70
2025-03-30 19:15:00.000000 UTC,https://www.aljazeera.net/opinions/2025/3/30/4-%D9%85%D8%B3%D8%A7%D8%B1%D8%A7%D8%AA-%D8%B1%D8%A6%D9%8A%D8%B3%D9%8A%D8%A9-%D9%8A%D8%AA%D8%AE%D8%B0%D9%87%D8%A7-%D8%A7%D9%84%D8%B4%D8%B1%D8%B9-%D9%84%D9%88%D9%82%D9%81,4 مسارات رئيسية يتخذها الشرع لوقف عدوانية إسرائيل,ISLAM,PRESIDENT,Israel,-3.47144456886899,874
2025-03-30 20:15:00.000000 UTC,https://mustaqila.com/%D8%A3%D8%B9%D8%AA%D9%82%D8%A7%D9%84-%D8%B5%D8%AD%D9%81%D9%8A-%D8%B3%D9%88%D9%8A%D8%AF%D9%8A-%D9%81%D9%8A-%D8%AA%D8%B1%D9%83%D9%8A%D8%A7-%D8%A8%D8%AA%D9%87%D9%85%D8%A9-%D8%A7%D9%84%D8%A5%D8%B1%D9%87/,"أعتقال صحفي سويدي في تركيا بتهمة الإرهاب و""إهانة الرئيس""",TURKISH,,"Ankara, Ankara, Turkey",-9.20245398773009,84
2025-03-30 20:15:00.000000 UTC,http://www.elbrqnews.com/New-News/306870.html,رئيس الإمارات يتبادل تهاني عيد الفطر مع الرئيسين الموريتاني والتونسي ورئيس وزراء العراق,UNITED ARAB EMIRATES,,Yemen,9.23076923076923,41
2025-03-30 20:45:00.000000 UTC,https://sarabic.ae/20250330/1099082876.html,إعلان تشكيل الحكومة الانتقالية في سوريا,LEBANON,FRENCH,Lebanon,2.0,130
2025-03-30 20:45:00.000000 UTC,https://alanbatnews.net/article/454242,رئيس وأعضاء مجلس النواب يهنئون بحلول عيد الفطر,HOUSE OF REPRESENTATIVES,,Jordan,11.4503816793893,51
2025-03-30 20:45:00.000000 UTC,https://www.bawabatii.com/news324368.html,من هو وزير الثقافة السوري الجديد؟,INTELLECTUAL,,Syria,4.08163265306122,70
2025-03-30 21:15:00.000000 UTC,https://www.albawabhnews.com/5176750,تصاعد رفض التجنيد فى إسرائيل.. أزمة داخل الجيش وانقسامات تهدد الحكومة,ULTRA ORTHODOX,,"Gaza, Israel (general), Israel",-10.9965635738831,120
2025-03-30 21:30:00.000000 UTC,https://arabic.rt.com/world/1660040-%D9%88%D8%B2%D9%8A%D8%B1-%D8%A7%D9%84%D8%B7%D8%A7%D9%82%D8%A9-%D8%A7%D9%84%D8%A5%D8%B3%D8%B1%D8%A7%D8%A6%D9%8A%D9%84%D9%8A-%D9%86%D8%B8%D8%A7%D9%85-%D8%A3%D8%B1%D8%AF%D8%BA%D8%A7%D9%86-%D8%B3%D9%8A%D8%B3%D9%82%D8%B7/,وزير الطاقة الإسرائيلي: نظام أردغان سيسقط,ARMY,TURKISH,"Ankara, Ankara, Turkey",-4.38247011952191,40
2025-03-30 22:00:00.000000 UTC,http://www.elbrqnews.com/New-News/306986.html,حكومة الاحتلال تصادق على خطة تقطع الضفة الغربية وتعمّق الاستيطان,GOVERNMENT,WEST BANK,West Bank,-6.32411067193676,57
2025-03-30 22:30:00.000000 UTC,https://www.elfagr.org/5142899,وزير الطاقة الإسرائيلي: نظام أردغان سيسقط,ISRAELI,SYRIA,"Tel Aviv, Tel Aviv, Israel",-4.95049504950495,173
2025-03-30 22:30:00.000000 UTC,https://www.elfagr.org/5142894,وزير الاستثمار يناقش مع الرئيس التنفيذي لـ سامسونج- مصر الخطط التوسعية بالسوق المصري,CHIEF EXECUTIVE,SAMSUNG,Egypt,5.1764705882353,46
2025-03-30 23:15:00.000000 UTC,https://www.mena.org.eg:443/news/dbcall/table/textnews/id/11120006,الرئيس السيسي يتلقى اتصالا هاتفيا من أردوغان للتهنئة بعيد الفطر - Welcome to Middle East News Agency,TURKISH,PRESIDENT,Turkey,6.86274509803921,41
2025-03-31 00:15:00.000000 UTC,http://www.elbrqnews.com/New-News/307094.html,وزير الدفاع يستقبل قادة الوزارة وكبار مسؤوليها بمناسبة عيد الفطر,MINIST,,"Mecca, Makkah, Saudi Arabia",6.70103092783505,43
2025-03-31 00:15:00.000000 UTC,http://www.elbrqnews.com/New-News/307102.html,بالصور.. رئيس حي الدقي يتابع التجهيزات النهائية لصلاة العيد بساحة مصطفى محمود بالجيزة,NEIGHBORHOOD,GIZA,"Giza, Al Jizah, Egypt",0.0,42
2025-03-31 01:15:00.000000 UTC,https://alwasat.ly/news/bbc/cjdxk0999jzo,هل تلبي تشكيلة الحكومة الجديدة في سوريا تطلعات جميع السوريين؟,GOVERNMENT,,Saudi Arabia,-1.640625,51
2025-03-31 01:30:00.000000 UTC,https://www.albayan.ae/news/middle-east/syria/36468,الإمارات ترحب بتشكيل حكومة جديدة في سوريا,SYRIAN,,Syria,9.30735930735933,51
2025-03-31 01:45:00.000000 UTC,https://www.vetogate.com/5379652,"معاون وزير الأوقاف يكشف كواليس حملة ""رمضانك أجمل"" بعد نجاحها في التوعية بالصفات الحميدة",MINIST,MEDIA,"Wizarat Al Awqaf, Al Qahirah, Egypt",3.96825396825397,10
2025-03-31 02:30:00.000000 UTC,http://www.elbrqnews.com/New-News/307145.html,وزير الكهرباء: عدم العودة مرة أخرى لتخفيف الأحمال خلال شهور الصيف.. استمرار العمل في إدخال التكنولوجيا الحديثة وحوكمة منظومة العدادات وتحسين الخدمة المقدمة للمواطنين,ENGINEER,COMPANY,"Wizarat Al Kahraba, Al Qahirah, Egypt",0.51380860629416,42
2025-03-31 04:00:00.000000 UTC,https://www.libyaakhbar.com/news/2548010.html,تركيا ترحب بتشكيل الحكومة الجديدة في سوريا . - اخبار ليبيا,TURKEY,,Syria,3.50877192982456,51
2025-03-31 04:15:00.000000 UTC,https://www.tap.info.tn/ar/%D9%88%D9%8A%D8%A8-%D8%B3%D9%8A%D8%AA-%D8%A3%D9%87%D9%85-%D8%A7%D9%84%D8%A3%D8%AE%D8%A8%D8%A7%D8%B1-Portal-Top-News/18602981-%D9%85%D9%86-%D8%AC%D8%A7%D9%85%D8%B9-%D8%B9%D9%82%D8%A8%D8%A9-%D8%A8%D9%86,من جامع عقبة بن نافع ،رئيس الجمهورية يهنّئ الشعب التونسي بعيد الفطر ويدعو بالنّصر لفلسطين,,PALESTINE,Yemen,4.79452054794521,43
2025-03-31 04:30:00.000000 UTC,https://www.alriyadh.com/2125395,المملكة ترحب بتشكيل الحكومة السورية,RIYADH,SYRIAN,Syria,9.67741935483871,51
2025-03-31 04:45:00.000000 UTC,http://www.elbrqnews.com/New-News/307182.html,عاجل.. الرئيس السيسي يؤدي صلاة العيد بمسجد المشير (بث مباشر),PRESIDENT,,"Wizarat Al Awqaf, Al Qahirah, Egypt",6.45792563600783,51
2025-03-31 05:00:00.000000 UTC,https://www.dostor.org/5018759,ولي العهد السعودى ورئيس الحكومة اللبنانى يبحثان تعزيز العلاقات الثنائية,PRESIDENT,LEBANON,Lebanon,4.30107526881721,40
2025-03-31 05:15:00.000000 UTC,https://www.dostor.org/5018816,مظاهرات حاشدة بأسيوط لدعم قرارات الرئيس السيسي تجاه القضية الفلسطينية (صور),EGYPT,GAZA,"Gaza, Israel (general), Israel",9.94764397905757,111
2025-03-31 06:15:00.000000 UTC,https://www.dostor.org/5018842,وقفات لدعم فلسطين وتأييد قرارات الرئيس السيسى بساحات صلاة العيد فى قنا,PRESIDENT,,"Muhafazat Qina, Qina, Egypt",6.56455142231947,51
2025-03-31 06:15:00.000000 UTC,https://www.tayyar.org/News/World/659017/_guid=659017,وزير الطاقة الإسرائيلي نظام أردوغان سيسقط,ISRAELI,TURKISH,Israel,-5.81395348837209,40
2025-03-31 06:30:00.000000 UTC,https://arabic.cnn.com/middle-east/article/2025/03/31/israel-names-next-internal-security-agency-chief,"نتنياهو يعين رئيسا جديدا لجهاز ""الشاباك"" وتصاعد الجدل حول إقالة بار",ISRAEL,GOVERNMENT,"Gaza, Israel (general), Israel",-7.11462450592886,110
2025-03-31 07:15:00.000000 UTC,http://zamnpress.com/news/138892,نتنياهو يقرر تعيين قائد سابق لسلاح البحرية رئيسا للشاباك,PRISONER,,Israel,-4.4,30
2025-03-31 07:45:00.000000 UTC,http://www.elbrqnews.com/New-News/307267.html,نائب رئيس حزب المؤتمر: احتشاد المصريين بعد صلاة العيد رسالة دعم قوية لفلسطين ورفض التهجير,ISRAELI,,Egypt,1.76322418136021,160
2025-03-31 08:00:00.000000 UTC,https://www.aljazeeramubasher.net/news/politics/2025/3/31/%D8%A3%D9%88%D9%84-%D8%B5%D9%84%D8%A7%D8%A9-%D8%B9%D9%8A%D8%AF-%D9%81%D9%8A-%D9%82%D8%B5%D8%B1-%D8%A7%D9%84%D8%B4%D8%B9%D8%A8-%D8%A8%D8%B9%D8%AF-%D8%B3%D9%82%D9%88%D8%B7-%D9%86%D8%B8%D8%A7%D9%85,أول صلاة عيد في قصر الشعب بعد سقوط نظام الأسد.. وهذا أبرز ما قاله الرئيس الشرع (فيديو),REPRESENTATIVES,SYRIAN,"Qasr Ash Shab, Dimashq, Syria",0.0,42
2025-03-31 08:00:00.000000 UTC,https://www.aljazeera.net/news/2025/3/31/%D9%86%D8%AA%D9%86%D9%8A%D8%A7%D9%87%D9%88-%D9%8A%D8%B9%D9%8A%D9%86-%D8%B1%D8%A6%D9%8A%D8%B3%D8%A7-%D8%AC%D8%AF%D9%8A%D8%AF%D8%A7-%D9%84%D9%84%D8%B4%D8%A7%D8%A8%D8%A7%D9%83-2,نتنياهو يعين رئيسا جديدا للشاباك,ISRAELI,JUDICIARY,Israel,-1.0752688172043,110
2025-03-31 08:15:00.000000 UTC,https://www.nile.eg/%D8%A7%D9%84%D8%B1%D8%A6%D9%8A%D8%B3-%D8%A7%D9%84%D8%B3%D9%8A%D8%B3%D9%89-%D9%8A%D9%83%D8%B1%D9%85-%D8%B9%D8%AF%D8%AF%D9%8B%D8%A7-%D9%85%D9%86-%D8%A3%D8%B3%D8%B1-%D8%B4%D9%87%D8%AF%D8%A7%D8%A1-%D9%88,النيل – قناة مصر الإخبارية | الرئيس السيسى يكرم عددًا من أسر شهداء ومصابى القوات المسلحة والشرطة خلال إحتفالية عيد الفطر المبارك,EGYPT,PRESIDENT,"Cairo, Al Qahirah, Egypt",1.1049723756906,51
2025-03-31 08:15:00.000000 UTC,https://www.shorouknews.com/news/view.aspx?cdate=31032025&id=c1be5853-bf10-4407-bda4-f3466a4b4402,العراق.. متحدث الحكومة ينفي تدخل السوداني في تحديد أيام عيد الفطر,GOVERNMENT,SUDAN,Iraq,-2.8169014084507,120
2025-03-31 08:30:00.000000 UTC,http://www.elbrqnews.com/New-News/307308.html,وزير التعليم: دمج مفاهيم التوعية المناخية والحفاظ على المياه بالمناهج,MINIST,,"Nahr An Nil, Egypt (general), Egypt",0.6993006993007,20
2025-03-31 08:30:00.000000 UTC,https://www.vetogate.com/5379849,الشرع: ابتعدنا عن المحاصصة والخبرة والكفاءة حسمت اختيارات وزراء الحكومة,SYRIA,GOVERNMENT,"Damascus, Dimashq, Syria",-2.4198717948718,120
2025-03-31 08:30:00.000000 UTC,https://www.elfagr.org/5142980,"برلماني سابق يرفع علم فلسطين في بورسعيد: ""لا عيد دون فلسطين""",PALESTINIAN,ISRAEL,"Port Said, Bur Sa‘id, Egypt",2.98102981029811,141
2025-03-31 08:30:00.000000 UTC,https://el-balad.com/95652,الرئيس السيسي يكرم عددا من أسر شهداء ومصابي القوات المسلحة والشرطة خلال احتفالية عيد الفطر,PRESIDENT,,"Cairo, Al Qahirah, Egypt",1.19760479041916,51
2025-03-31 08:45:00.000000 UTC,https://www.vetogate.com/5379856,وقفات حاشدة في الجيزة والمحافظات لتأييد الرئيس السيسي ورفض تهجير الفلسطينيين (فيديو),MARCHE,EGYPT,Israel,-0.52083333333333,51
2025-03-31 09:00:00.000000 UTC,https://www.mena.org.eg:443/news/dbcall/table/textnews/id/11121245,الرئيس السيسي يهنئ أبناء مصر بالخارج بحلول عيد الفطر المبارك - Welcome to Middle East News Agency,PRESIDENT,,"Cairo, Al Qahirah, Egypt",10.6382978723404,10
2025-03-31 09:15:00.000000 UTC,http://www.elbrqnews.com/New-News/307338.html,تعيين قائد سلاح البحرية السابق إيلي شربيط رئيسا للشاباك,MINIST,JUDICIARY,Israel,-4.83870967741935,110
2025-03-31 09:15:00.000000 UTC,http://www.elbrqnews.com/New-News/307354.html,بث مباشر.. الرئيس السيسي يحضر احتفالية عيد الفطر بحضور أبناء شهداء الجيش والشرطة,PRESIDENT,ARMY,"Cairo, Al Qahirah, Egypt",1.65745856353591,42
2025-03-31 09:30:00.000000 UTC,http://www.elbrqnews.com/New-News/307388.html,رئيس جامعة طنطا يتفقد المستشفيات الجامعية ويطمئن على جاهزيتها قبل اجازة عيد الفطر المبارك,UNIVERSITY,ISRAEL,"Gaza, Israel (general), Israel",2.33918128654971,43
2025-03-31 09:30:00.000000 UTC,https://www.shorouknews.com/news/view.aspx?cdate=31032025&id=60b4a792-9a55-424c-8098-572abb633b71,لفتة إنسانية.. الرئيس السيسي يرافق مصابي هيئة الشرطة أثناء تكريمهم باحتفالية العيد,PRESIDENT,POLICE,"Cairo, Al Qahirah, Egypt",2.46913580246914,51
2025-03-31 09:45:00.000000 UTC,https://www.dostor.org/5018909,مع تجديد دعمهم للرئيس السيسي.. أبناء الشبراوية يؤدون صلاة العيد وسط أجواء روحانية,PRESIDENT,ISRAEL,Egypt,8.88888888888887,51
2025-03-31 09:45:00.000000 UTC,https://www.almanar.com.lb/13316723,خدم في جيش العدو لمدة 36 عاماً.. من هو رئيس الشاباك الجديد؟,ISRAELI,IRAN,Iran,-4.84581497797357,141
2025-03-31 09:45:00.000000 UTC,https://www.elwatannews.com/news/details/8061007,عضو بـ«الشيوخ»: احتشاد الشعب المصري دليل لرفض سياسة تهجير ال - الوطن,EGYPTIAN,,"Gaza, Israel (general), Israel",-4.34782608695652,120
2025-03-31 09:45:00.000000 UTC,https://www.shorouknews.com/news/view.aspx?cdate=31032025&id=2278471c-0b39-48ef-a305-1e129718d3e4,الرئيس السيسي يحتفل بالعيد مع أبناء الشهداء ويوزع عليهم الهدايا,EGYPT,,"Cairo, Al Qahirah, Egypt",1.98675496688742,17
2025-03-31 10:00:00.000000 UTC,https://www.kul-alarab.com/Article/1104680,غانتس يهاجم نتنياهو: تعيين رئيس جهاز الشاباك يجب أن يتم بعد قرار المحكمة العليا,,JUDICIARY,Israel,-0.99009900990099,110
2025-03-31 10:15:00.000000 UTC,https://www.wafa.ps/Pages/Details/118094,برلمانات دول حوض المتوسط تعقد اجتماعا لمناقشة الأوضاع في فلسطين,ISRAEL,PARLIAMENT,"Jerusalem, Israel (general), Israel",-3.79310344827586,40
2025-03-31 10:15:00.000000 UTC,https://www.fj-p.com/404007/%D8%A8%D8%AA%D8%B9%D9%84%D9%8A%D9%85%D8%A7%D8%AA-%D9%85%D9%86-%D8%B1%D8%A6%D9%8A%D8%B3-%D8%AF%D9%88%D9%8A%D9%84%D8%A9-%D8%A7%D9%84%D8%A5%D9%85%D8%A7%D8%B1%D8%A7%D8%AA-%D8%AD%D9%83%D9%85-%D8%A8-2/,بتعليمات من رئيس دويلة الإمارات ..حكم بالإعدام ضد 3 مواطنين من أوزبكستان بتهمة قتل الحاخام الصهيونى,TEL AVIV,ISRAEL,"Tel Aviv, Tel Aviv, Israel",-5.70570570570571,42
2025-03-31 10:15:00.000000 UTC,http://www.elbrqnews.com/New-News/307430.html,جامعة سوهاج تشارك في احتفالية تكريم الرئيس السيسي لذوي الشهداء والمصابيين من القوات المسلحة والشرطة,STUDENT,,"Cairo, Al Qahirah, Egypt",5.7142857142857,51
2025-03-31 10:15:00.000000 UTC,https://www.albayan.ae/news/middle-east/36515,الرئيس السوري يرد على انتقادات تركيبة الحكومة,,AUTHORITIES,"Qasr Ash Shab, Dimashq, Syria",0.0,30
2025-03-31 10:45:00.000000 UTC,https://www.okaz.com.sa/news/politics/2190534,الرئيس السوري: رفضنا المحاصصة واعتمدنا على الخبرة والكفاءة في تشكيل الحكومة,CITIZEN,PRESIDENT,"Qasr Ash Shab, Dimashq, Syria",1.10192837465565,36
2025-03-31 11:00:00.000000 UTC,http://www.elbrqnews.com/New-News/307478.html,رئيس وزراء ماليزيا يدعو لوقف العنف في ظل تصاعد الهجمات الإسرائيلية على غزة,MALAYSIA,ISRAELI,Israel,-11.0236220472441,871
2025-03-31 11:00:00.000000 UTC,https://www.shorouknews.com/news/view.aspx?cdate=31032025&id=0ff2a5da-0665-418d-98dd-8b50780edade,رئيس الحزب المصري الديمقراطي: علينا أن نصطف جميعا في مواجهة خطر التهجير,PALESTINIAN,,Egypt,-2.51046025104603,193
2025-03-31 11:30:00.000000 UTC,https://www.vetogate.com/5379960,رئيس الوفد يشيد بالوقفات الحاشدة لتأييد الرئيس ورفض التهجير,PRESIDENT,,"Jerusalem, Israel (general), Israel",1.5228426395939,51
2025-03-31 11:30:00.000000 UTC,http://www.elbrqnews.com/New-News/307574.html,"توزيع الوروّد والهدايا وكروت تهنئة "" الرئيس "" على المارة بكفر الشيخ احتفالًا بعيد الفطر المبارك",EGYPT,,Yemen,12.6984126984127,51
2025-03-31 11:45:00.000000 UTC,https://almasdaronline.com/articles/314187,ضياع الفرص أمام الحكومة الشرعية.. إلى متى؟,,GOVERNMENT,"Marib, Ma'rib, Yemen",-1.22549019607843,190
2025-03-31 11:45:00.000000 UTC,https://www.shorouknews.com/news/view.aspx?cdate=31032025&id=afb6b8f8-e58b-40e3-84a1-877cc9c67f64,رئيس حزب الوفد: المصريون بعثوا برسالة واضحة عقب صلاة العيد بالوقوف خلف الرئيس ودعم القضية الفلسطينية,PRESIDENT,,"Jerusalem, Israel (general), Israel",2.98507462686567,51
2025-03-31 12:00:00.000000 UTC,https://www.alquds.com/ar/posts/156464,نتنياهو يقرر تعيين قائد سابق لسلاح البحرية رئيسا للشاباك,ISRAELI,ISRAEL,Israel,-4.02930402930403,141
2025-03-31 12:15:00.000000 UTC,https://www.shorouknews.com/news/view.aspx?cdate=31032025&id=fb0b8ad4-ba48-40ac-9a02-f8a0662d65de,نائب وزير الصحة يتفقد مستشفيات البحيرة والإسكندرية.. ويوجه باجراءات عاجلة لتحسين الخدمات,DEPUTY,HOSPITAL,"Alexandria, Al Iskandariyah, Egypt",0.97087378640777,42
2025-03-31 12:30:00.000000 UTC,http://arabic.news.cn/20250331/e2cf7420680f41b2b9a455ca071081bd/c.html,وزيرا خارجية إيران ومصر يبحثان هاتفيا الوضع في غزة,ISRAEL,EGYPT,"Gaza, Israel (general), Israel",2.02702702702703,41
2025-03-31 12:30:00.000000 UTC,https://www.dostor.org/5019147,مواطنون: موقف الرئيس السيسى برفض التهجير يعكس التزام مصر الثابت بقضايا الأمة العربية,EGYPT,EGYPT,"Gaza, Israel (general), Israel",-0.33444816053511,120
2025-03-31 12:30:00.000000 UTC,https://www.albawabhnews.com/5176994,محافظة كفر الشيخ توزع الورود والهدايا وكروت تهنئة الرئيس خلال احتفالات عيد الفطر,GOVERNOR,CITIZEN,"Muhafazat Kafr Ash Shaykh, Kafr ash Shaykh, Egypt",12.2605363984675,51
2025-03-31 12:45:00.000000 UTC,https://www.shorouknews.com/news/view.aspx?cdate=31032025&id=ebab9f8f-77f0-43cd-b0a3-2f38ba3f98f2,الرئيس السيسي يتلقى اتصالا هاتفيا من نظيره الإيراني للتهنئة بعيد الفطر,IRANIAN,PRESIDENT,Iran,5.22388059701493,41
2025-03-31 13:00:00.000000 UTC,https://www.aljazeeramubasher.net/news/miscellaneous/2025/3/31/%D8%A7%D9%84%D8%B1%D8%A6%D9%8A%D8%B3-%D8%A7%D9%84%D8%B4%D8%B1%D8%B9-%D9%8A%D9%82%D8%A8%D9%84-%D9%8A%D8%AF-%D9%88%D8%A7%D9%84%D8%AF%D9%87-%D9%85%D8%B4%D9%87%D8%AF-%D8%B9%D9%81%D9%88%D9%8A,الرئيس الشرع يقبل يد والده في قصر الشعب.. مشهد عفوي خلال العيد يحظى بتفاعل لافت (فيديو),SYRIA,SYRIA,"Damascus, Dimashq, Syria",5.0,42
2025-03-31 13:00:00.000000 UTC,https://www.almowaten.net/2025/03/%D8%A7%D9%84%D9%88%D8%B2%D9%8A%D8%B1-%D8%A7%D9%84%D8%A5%D8%A8%D8%B1%D8%A7%D9%87%D9%8A%D9%85-%D8%A7%D9%84%D8%A5%D8%AC%D8%B1%D8%A7%D8%A1%D8%A7%D8%AA-%D8%A7%D9%84%D8%AC%D8%AF%D9%8A%D8%AF%D8%A9-%D9%85/,الوزير الإبراهيم: الإجراءات الجديدة من ولي العهد ستوفر حلولًا سريعة لمواجهة تحديات العقار السكني,CROWN PRINCE,CABINET,"Riyadh, Ar Riya?, Saudi Arabia",4.51505016722408,42
2025-03-31 13:00:00.000000 UTC,https://www.elfagr.org/5143035,‏محكمة فرنسية تمنع زعيمة أقصى اليمين مارين لوبان من الترشح لانتخابات الرئاسة لمدة 5 سنوات,,PRISONER,Qatar,-2.51572327044025,841
2025-03-31 13:00:00.000000 UTC,https://www.dostor.org/5019158,برلمانية: المشهد الوطنى لرفض تهجير الفلسطينيين تأكيد جديد على وحدة الصف المصرى,PRESIDENT,EGYPT,Egypt,-1.96078431372549,51
2025-03-31 13:00:00.000000 UTC,https://www.aljazeeramubasher.net/news/politics/2025/3/31/%D8%A5%D8%B9%D8%AF%D8%A7%D9%85-%D8%A8%D9%82%D8%B1%D8%A7%D8%B1-%D8%B1%D8%B3%D9%85%D9%8A-%D8%A3%D9%88%D9%84-%D8%AA%D8%B9%D9%84%D9%8A%D9%82-%D9%85%D9%86-%D8%AD%D9%83%D9%88%D9%85%D8%A9,“إعدام بقرار رسمي”.. أول تعليق لحكومة غزة والصليب الأحمر على مجزرة المسعفين في رفح,,FRANCE,"Gaza, Israel (general), Israel",-11.2903225806452,46
2025-03-31 13:15:00.000000 UTC,http://www.elbrqnews.com/New-News/307682.html,الرئيس السيسي يتلقى اتصالا هاتفيا من نظيره الإيراني,PRESIDENT,IRANIAN,"Gaza, Israel (general), Israel",5.22388059701493,41
2025-03-31 13:15:00.000000 UTC,http://www.elbrqnews.com/New-News/307691.html,وزيرة التنمية المحلية تتابع مع المحافظين تطورات الأوضاع خلال أول أيام عيد الفطر,,EGYPT,Egypt,2.51256281407035,46
2025-03-31 13:15:00.000000 UTC,http://www.elbrqnews.com/New-News/307700.html,رئيس هيئة الأركان المشتركة يؤدي صلاة العيد في قاعدة الملك عبدالله الثاني الجوية,JORDAN,,Jordan,6.78466076696165,50
2025-03-31 13:15:00.000000 UTC,https://sabq.org/saudia/gctrvxei6h,وزير الاقتصاد: قرارات التوازن العقاري تدعم الأسر وتوفر أسعاراً ملائمة,GOVERNMENT,,"Riyadh, Ar Riya?, Saudi Arabia",1.43112701252236,70
2025-03-31 13:30:00.000000 UTC,https://el-balad.com/95684,وزيرة التنمية المحلية تتابع مع المحافظين تطورات الأوضاع خلال أول أيام عيد الفطر المبارك,SECRETARY OF STATE,,Egypt,0.748129675810479,41
2025-03-31 13:30:00.000000 UTC,https://www.mena.org.eg:443/ar/news/dbcall/table/textnews/id/11121648,ملايين المصريين يحتشدون دعما للرئيس السيسي ومواقف مصر الرافضة لتهجير الفلسطينيين - Welcome to Middle East News Agency,GAZA,ISRAEL,"Cairo, Al Qahirah, Egypt",-1.4,73
2025-03-31 13:30:00.000000 UTC,https://el-balad.com/95682,الرئيس السيسي يؤكد لنظيره الإيراني حرصه على خفض التصعيد ومنع توسع الصراع في المنطقة,EGYPTIAN,PRESIDENT,Gaza Strip,4.0268456375839,51
2025-03-31 13:30:00.000000 UTC,https://el-balad.com/95686,نائب وزير الصحة والسكان يتفقد مستشفيات البحيرة والإسكندرية,HOSPITAL,DEPUTY,"Wizarat As Sihhah, Al Qahirah, Egypt",0.19646365422396,43
2025-03-31 14:30:00.000000 UTC,https://3yonnews.com/1939370,رئيس هيئة العقار يثمن الموافقة الكريمة على إجراءات تحقق توازن القطاع بالرياض,CROWN PRINCE,RIYADH,"Riyadh, Ar Riya?, Saudi Arabia",3.94321766561514,42
2025-03-31 14:30:00.000000 UTC,https://www.kuna.net.kw/ArticleDetails.aspx?id=3224399,كونا : دولة الكويت ترحب بإعلان تشكيل الحكومة السورية الجديدة - الشؤون السياسية,SYRIA,KUWAIT,Kuwait,9.27835051546392,51
2025-03-31 14:30:00.000000 UTC,http://www.elbrqnews.com/New-News/307831.html,القناة 12 العبرية: تراجع نتنياهو عن قرار تعيين رئيس الشاباك الجديد,IRAN,GOVERNMENT,Iran,-1.2531328320802,110
2025-03-31 14:45:00.000000 UTC,https://www.albawabhnews.com/5177054,وزير التموين يتفقد غرفة العمليات المركزية في أول أيام عيد الفطر,MINIST,EGYPT,Egypt,-1.14503816793893,20
2025-03-31 15:00:00.000000 UTC,https://www.yabiladi.ma/articles/details/162875/%D9%81%D8%B1%D9%86%D8%B3%D8%A7-%D8%A5%D8%AF%D8%A7%D9%86%D8%A9-%D9%85%D8%A7%D8%B1%D9%8A%D9%86-%D9%84%D9%88%D8%A8%D8%A7%D9%86-%D8%A8%D8%A7%D9%84%D8%B3%D8%AC%D9%86.html,فرنسا: إدانة مارين لوبان بالسجن ومنعها من الترشح للانتخابات,FRANCE,,Jordan,-9.0,71
2025-03-31 15:15:00.000000 UTC,https://www.vetogate.com/5380049,أمير تبوك يهنئ الرئيس السيسي بعيد الفطر المبارك,PRESIDENT,,"Tabuk, Tabuk, Saudi Arabia",8.51063829787234,13
2025-03-31 15:15:00.000000 UTC,http://www.elbrqnews.com/New-News/307855.html,وزير التموين يتفقد غرفة العمليات المركزية في أول أيام عيد الفطر,MINIST,EGYPT,Egypt,-0.75471698113208,90
2025-03-31 15:30:00.000000 UTC,http://www.elbrqnews.com/New-News/307926.html,الرئيس السيسي يتلقى اتصالا هاتفيا من أمير تبوك للتهنئة بعيد الفطر,PRESIDENT,TABUK,Saudi Arabia,8.16326530612245,41
2025-03-31 15:30:00.000000 UTC,http://www.elbrqnews.com/New-News/307931.html,الرئيس السيسي يتلقى اتصالا هاتفيا من أمير منطقة تبوك بالمملكة العربية السعودية,PRESIDENT,TABUK,"Tabuk, Tabuk, Saudi Arabia",9.09090909090909,41
2025-03-31 15:30:00.000000 UTC,https://www.shorouknews.com/news/view.aspx?cdate=31032025&id=8922e4e2-3a7a-44d5-887d-32e30b72e7e3,قيادي بمستقبل وطن عن احتشاد المصريين لدعم فلسطين: كلنا خلف الرئيس السيسي والدولة,EGYPT,PALESTINIAN,"Cairo, Al Qahirah, Egypt",-0.65678303841862,127
2025-03-31 16:30:00.000000 UTC,https://www.nile.eg/%D8%A7%D9%84%D8%B1%D8%A6%D9%8A%D8%B3-%D8%A7%D9%84%D8%B3%D9%8A%D8%B3%D9%89-%D9%8A%D8%AA%D9%84%D9%82%D9%89-%D8%AA%D9%87%D9%86%D8%A6%D8%A9-%D8%A8%D8%B9%D9%8A%D8%AF-%D8%A7%D9%84%D9%81%D8%B7%D8%B1-%D9%85,النيل – قناة مصر الإخبارية | الرئيس السيسى يتلقى تهنئة بعيد الفطر من أمير منطقة تبوك,PRESIDENT,SAUDI ARABIA,"Tabuk, Tabuk, Saudi Arabia",9.09090909090909,13
2025-03-31 17:00:00.000000 UTC,http://www.elbrqnews.com/New-News/308011.html,رئيس برلمانية الشعب الجمهوري: احتشاد المصريين رسالة واضحة ضد تهجير الفلسطينيي,EGYPT,PALESTINIAN,Egypt,1.36986301369863,141
2025-03-31 17:00:00.000000 UTC,http://www.elbrqnews.com/New-News/308009.html,تحالف الأحزاب: التلاحم الشعبي الرافض للتهجير يعكس حجم الدعم والتأييد للرئيس السيسي,EGYPTIAN,,Egypt,1.80722891566265,10
2025-03-31 17:15:00.000000 UTC,https://www.dostor.org/5019358,"رئيس ""دفاع النواب"" يثمن اصطفاف المصريين رفضا لتهجير الفلسطينيين",NATIONAL COUNCIL,,Egypt,7.91139240506325,84
2025-03-31 17:30:00.000000 UTC,https://kuwaitnews.com/104044/,"وزير الدفاع يقوم بزيارة ""لواء المغاوير/25"" بمناسبة عيد الفطر السعيد",ARMY,,Qatar,6.99708454810496,51
2025-03-31 17:30:00.000000 UTC,https://www.shorouknews.com/news/view.aspx?cdate=31032025&id=dd37d43b-3007-4fe9-8029-4e7ea4476f0d,قيادي بحزب مستقبل وطن: الوقفات الاحتجاجية ضد تهجير الفلسطينيين تؤكد أن الشعب والرئيس على قلب رجل واحد,PALESTINIAN,EGYPTIAN,Egypt,-5.52486187845304,120
2025-03-31 17:30:00.000000 UTC,https://www.albawabhnews.com/5177090,رئيس برلمانية الشعب الجمهوري: احتشاد المصريين رسالة واضحة ضد تهجير الفلسطينيي,EGYPT,PALESTINIAN,"Gaza, Israel (general), Israel",1.75438596491228,141
2025-03-31 17:45:00.000000 UTC,https://www.tayyar.org/News/Lebanon/659101/_guid=659101,باسيل بعد لقائه وزير الخارجية الهنغارية في بودابست نتمسك بلبنان الحر من الإحتلال والوصاية والدفاع عن مسيحيي الشرق نهجُ عمل والتزام,LEBANON,HUNGARIAN,Syria,1.46425495262704,71
2025-03-31 18:00:00.000000 UTC,http://www.elbrqnews.com/New-News/308115.html,رئيس مجلس الوزراء الكويتي بالإنابة يتفقد المنافذ الحدودية البرية وبرفقته وزير الأشغال العامة,KUWAIT,,Kuwait,3.70370370370371,90
2025-03-31 18:00:00.000000 UTC,https://www.shorouknews.com/news/view.aspx?cdate=31032025&id=01bfd7e7-4ddf-45fc-aaa3-dfa2c2ac2e70,رئيس الأركان الإسرائيلي يحقق في اعتداء جنود على فلسطينيين بالخليل,ISRAELI,PALESTINIAN,"Hebron, Israel (general), Israel",-6.89655172413793,180
2025-03-31 18:15:00.000000 UTC,https://www.kuna.net.kw/ArticleDetails.aspx?id=3224446&Language=ar,كونا : رئيس مجلس الوزراء بالإنابة يتفقد المنافذ الحدودية البرية وبرفقته وزير الأشغال العامة - الدفاع,CABINET,,Kuwait,3.7117903930131,90
2025-03-31 18:45:00.000000 UTC,https://www.libyaakhbar.com/world-news/2548227.html,شاهد بالفيديو.. موقف لافت للرئيس السوري مع والده - اخبار ليبيا,PERPETRATOR,,"Tartous, Tartus, Syria",-0.74906367041199,190
2025-03-31 19:00:00.000000 UTC,https://www.elfagr.org/5143105,بعد تعيينه رئيسًا لجهاز الشاباك.. من هو إيلي شارفيت؟,MILITARY,,Israel,-3.01204819277108,1384
2025-03-31 19:15:00.000000 UTC,https://mustaqila.com/%D8%A7%D9%84%D8%B4%D9%8A%D8%AE-%D8%A7%D8%AD%D9%85%D8%AF-%D8%A7%D9%84%D8%B7%D9%87-%D8%B1%D8%A6%D9%8A%D8%B3-%D8%A7%D9%84%D9%88%D9%82%D9%81-%D8%A7%D9%84%D8%B3%D9%86%D9%8A-%D9%85%D8%A7%D8%B1%D8%B3-%D8%B6/,الشيخ احمد الطه: رئيس الوقف السني مارس ضغوطا على هيئة ثبوت الرؤية,IRAQ,,Iraq,-3.85964912280702,120
2025-03-31 19:15:00.000000 UTC,https://www.dostor.org/5019355,برلمانيون: وقفات رفض التهجير تجسد وعى الشعب المصرى بالقضايا الوطنية والأمن القومى,ISRAEL,,"Alamein, Matru?, Egypt",-1.06761565836299,120
2025-03-31 19:15:00.000000 UTC,https://26sep.net/index.php/local/100979-2025-03-31-18-04-59,الرئيس الايراني .. نقول للشعب اليمني: نحن معكم,TEHRAN,,Israel,-3.88349514563104,120
2025-03-31 19:30:00.000000 UTC,https://www.alwatanvoice.com/arabic/news/2025/03/31/1544281.html,تقشف وطوارئ.. الرئيس عباس يقر موازنة 2025,ISRAEL,,Israel,-3.80952380952381,15
2025-03-31 19:30:00.000000 UTC,https://www.nile.eg/%D8%A7%D9%84%D8%A7%D8%AA%D8%AD%D8%A7%D8%AF-%D8%A7%D9%84%D8%A3%D9%88%D8%B1%D9%88%D8%A8%D9%89-%D9%85%D8%B3%D8%AA%D8%B9%D8%AF-%D9%84%D9%84%D8%AA%D8%B9%D8%A7%D9%88%D9%86%D9%85%D8%B9-%D8%A7%D9%84%D8%AD,"النيل – قناة مصر الإخبارية | الاتحاد الأوروبى ""مستعد للتعاون""مع الحكومة السورية الجديدة",KINGDOM,SYRIAN,Syria,3.74753451676529,51
2025-03-31 20:00:00.000000 UTC,https://bokra.net/Article-1566537,الشرطة تقمع المظاهرات المُحتجة على سياسات الحكومة- اعتقالات ومواجهات,JERUSALEM,,"Jerusalem, Israel (general), Israel",-13.4831460674157,174
2025-03-31 20:00:00.000000 UTC,https://www.fj-p.com/404020/%D8%A7%D9%82%D8%A7%D9%84%D8%A9_%D9%88%D8%B2%D9%8A%D8%B1_%D8%A7%D9%84%D8%B5%D8%AD%D8%A9-%D9%8A%D8%AA%D9%81%D8%A7%D8%B9%D9%84-%D8%B9%D9%84%D9%89-%D8%A7%D9%84%D8%AA%D9%88%D8%A7%D8%B5%D9%84-%D8%A8%D8%B9/,#اقالة_وزير_الصحة يتفاعل على التواصل بعد “منّ” عبدالغفار بخدمة يدفعها المواطنون,MINIST,,"Minya, Al Minya, Egypt",0.1733102253033,71
2025-03-31 20:00:00.000000 UTC,https://www.dostor.org/5019476,استقالة وزير مالية الاحتلال الإسرائيلى سموتريتش,MINIST,DEPUTY,Israel,-1.96078431372549,60
2025-03-31 20:15:00.000000 UTC,https://jo24.net/article/528027,"إعلام إسرائيلي: نتنياهو قد يتراجع عن تعيين الرئيس الجديد لـ""الشاباك""",ISRAELI,GOVERNMENT,Israel,-5.23255813953488,141
2025-03-31 20:15:00.000000 UTC,http://www.elbrqnews.com/New-News/308326.html,وزير الخارجية يشارك في الجلسة الحوارية التي نظمتها مؤسسة Heritage Foundation الأمريكية,BAHREIN,FOREIGN MINIST,Bahrain,2.98013245033113,40
2025-03-31 20:30:00.000000 UTC,https://alwasat.ly/news/arabic/472053,الاتحاد الأوروبي مستعد للتعاون مع الحكومة السورية الجديدة,ITALY,SYRIA,Syria,4.34782608695652,70
2025-03-31 20:45:00.000000 UTC,https://www.vetogate.com/5380192,استقالة وزير المالية الإسرائيلي بتسلئيل سموتريتش,ISRAELI,ISRAEL,"Gaza, Israel (general), Israel",-3.53356890459364,80
2025-03-31 21:00:00.000000 UTC,http://www.elbrqnews.com/New-News/308370.html,رئيس دفاع النواب: اصطفاف المصريين دعماً للفلسطينيين يؤكد موقف مصر التاريخي من القضية,EGYPTIAN,AWADHI,Egypt,9.01162790697677,51
2025-03-31 21:00:00.000000 UTC,https://www.alhadath.ps/article/189619/-%D8%B3%D9%85%D9%88%D8%AA%D8%B1%D9%8A%D8%AA%D8%B4-%D9%8A%D8%B3%D8%AA%D9%82%D9%8A%D9%84-%D9%85%D9%86-%D8%AD%D9%83%D9%88%D9%85%D8%A9-%D9%86%D8%AA%D9%86%D9%8A%D8%A7%D9%87%D9%88,سموتريتش يستقيل من حكومة نتنياهو,ISRAEL,,"Gaza, Israel (general), Israel",-9.81132075471694,831
2025-03-31 21:15:00.000000 UTC,https://www.albawabhnews.com/5177158,وزير المالية الإسرائيلي سموتريتش يقدم استقالته,MEDIA,,Israel,-9.09090909090908,110
2025-03-31 21:15:00.000000 UTC,https://www.albawabhnews.com/5177143,رئيس دفاع النواب: اصطفاف المصريين دعماً للفلسطينيين يؤكد موقف مصر التاريخي من القضية,NATIONAL COUNCIL,,"Jerusalem, Israel (general), Israel",9.06344410876133,84
2025-03-31 21:30:00.000000 UTC,https://www.dostor.org/5019528,لفتة أبوية إنسانية.. الرئيس السيسي يقابل ابنة الشهيد رقيب أحمد حبيب,PRESIDENT,,Egypt,-0.43859649122807,26
2025-03-31 21:45:00.000000 UTC,https://www.mena.org.eg:443/ar/news/dbcall/table/textnews/id/11122093,في لفتة أبوية إنسانية.. الرئيس السيسي يقابل ابنة الشهيد رقيب أحمد حبيب,PRESIDENT,,"Cairo, Al Qahirah, Egypt",-0.41152263374485,26
2025-03-31 22:15:00.000000 UTC,https://www.kuna.net.kw/ArticleDetails.aspx?id=3224462&language=ar,كونا : سمو رئيس مجلس الوزراء يبعث ببرقية تعزية إلى عضو المجلس الأعلى حاكم إمارة أم القيوين بدولة الإمارات العربية المتحدة بوفاة والدته - عام,KUWAIT,CABINET,Kuwait,1.11111111111111,18
2025-03-31 22:15:00.000000 UTC,https://www.kuna.net.kw/ArticleDetails.aspx?id=3224455,كونا : الاتحاد الأوروبي يرحب بتشكيل حكومة جديدة في سوريا ويبدي استعداده للتفاعل معها - الشؤون السياسية,EUROPEAN UNION,GOVERNMENT,Syria,3.15315315315316,51
2025-03-31 22:30:00.000000 UTC,https://kuwaitnews.com/104050/,رئيس مجلس الوزراء بالإنابة يتفقد المنافذ الحدودية البرية وبرفقته وزير الأشغال العامة,CABINET,KUWAIT,Kuwait,3.54330708661417,10
2025-03-31 23:00:00.000000 UTC,https://www.alriyadh.com/2125509,أميركا: تشكيل حكومة جديدة في سوريا «خطوة إيجابية»,,AUTHORITIES,Syria,-3.82513661202186,1712
